txn_id,customer_id,age,amount,channel,payee_id,payee_is_new,timestamp,account,velocity_24h,fd_just_broken
TXN-0c0dcf090f27,CUST-0074,82,12103.69,UPI,PAYEE-e57f389b,True,2026-10-01 00:01:32.564915,everyday,0,False
TXN-f06cacc1f582,CUST-0018,61,342.59,RTGS,PAYEE-cb3133fa,True,2026-10-01 00:29:12.014479,everyday,0,False
TXN-e4d7b4507914,CUST-0045,69,8433.29,UPI,PAYEE-3d10794d,True,2026-10-01 01:45:41.781491,everyday,0,False
TXN-a6646c3f90bc,CUST-0025,70,13664.31,UPI,PAYEE-4b178655,True,2026-10-01 01:58:16.893557,everyday,0,False
TXN-b26b39557fcb,CUST-0085,81,6796.89,RTGS,PAYEE-83bb7c6a,True,2026-10-01 02:24:10.488411,everyday,0,False
TXN-baec34da37db,CUST-0001,75,856.9,UPI,PAYEE-09450c57,True,2026-10-01 02:33:10.426116,everyday,0,False
TXN-9bf2fa759f6a,CUST-0066,76,11712.65,UPI,PAYEE-f75e5bdb,True,2026-10-01 02:35:32.616320,everyday,0,False
TXN-56a9394018a0,CUST-0042,60,1411.52,branch,PAYEE-8a1aacbf,True,2026-10-01 03:17:25.547002,everyday,0,False
TXN-347b5bf5daa0,CUST-0092,71,1522.81,UPI,PAYEE-2d294308,True,2026-10-01 03:21:21.379527,everyday,0,False
TXN-cd83ee45979f,CUST-0058,81,5920.21,UPI,PAYEE-871de8e3,True,2026-10-01 03:21:33.579278,everyday,0,False
TXN-b41585d71163,CUST-0049,68,14511.43,UPI,PAYEE-d880726b,True,2026-10-01 03:51:35.673644,everyday,0,False
TXN-28b3a50cc8d8,CUST-0030,65,4320.67,branch,PAYEE-6da82c36,True,2026-10-01 03:56:16.825152,everyday,0,False
TXN-6cf2df238644,CUST-0064,64,13398.16,branch,PAYEE-9849d141,True,2026-10-01 04:14:29.741978,everyday,0,False
TXN-75e6ce32d2b2,CUST-0059,80,13103.32,UPI,PAYEE-27ca77e8,True,2026-10-01 04:21:02.574109,everyday,0,False
TXN-495be1406fa7,CUST-0042,60,5704.35,UPI,PAYEE-2955f9e2,True,2026-10-01 04:34:18.107611,everyday,1,False
TXN-0a9493873cbf,CUST-0060,64,11256.08,RTGS,PAYEE-025c4298,True,2026-10-01 04:37:21.435134,everyday,0,False
TXN-57b5d876df40,CUST-0084,83,11418.2,branch,PAYEE-d1f1da06,True,2026-10-01 05:00:31.841113,everyday,0,False
TXN-81b30a303916,CUST-0070,76,11926.89,UPI,PAYEE-769f883b,True,2026-10-01 05:28:32.509897,everyday,0,False
TXN-d2141ab2805f,CUST-0008,65,11533.51,branch,PAYEE-98d9674f,True,2026-10-01 05:33:55.917828,everyday,0,False
TXN-0ca62241e04a,CUST-0005,82,4498.94,RTGS,PAYEE-39c6392c,True,2026-10-01 05:49:49.927254,everyday,0,False
TXN-b75bfdd4c9f3,CUST-0076,79,12729.13,UPI,PAYEE-9d549871,True,2026-10-01 06:23:12.859550,everyday,0,False
TXN-930da71f5854,CUST-0013,67,73638.82,UPI,PAYEE-01e3d794,True,2026-10-01 06:40:20.500700,FD,0,True
TXN-0542fcee329f,CUST-0049,68,3799.94,UPI,PAYEE-d880726b,False,2026-10-01 07:25:50.067944,everyday,1,False
TXN-01b719ecfa2b,CUST-0084,83,4853.48,UPI,PAYEE-4b07ab9a,True,2026-10-01 08:20:37.804217,everyday,1,False
TXN-d831475678d5,CUST-0026,81,10176.8,UPI,PAYEE-f6447123,True,2026-10-01 08:23:03.496264,everyday,0,False
TXN-e4a3d5610c54,CUST-0091,70,13139.53,UPI,PAYEE-4f59eb89,True,2026-10-01 08:56:28.374291,everyday,0,False
TXN-445bcf25fe42,CUST-0069,81,10868.58,UPI,PAYEE-0dfe9d07,True,2026-10-01 10:12:52.129343,everyday,0,False
TXN-32c975b38060,CUST-0099,72,11912.16,branch,PAYEE-47b672f2,True,2026-10-01 10:19:39.744987,everyday,0,False
TXN-8273db8138c0,CUST-0042,60,13616.97,UPI,PAYEE-a38fb5c1,True,2026-10-01 10:20:34.611261,everyday,2,False
TXN-208f4444e952,CUST-0080,64,7617.19,branch,PAYEE-ec39a2cb,True,2026-10-01 10:36:50.703887,everyday,0,False
TXN-0e7b980357cb,CUST-0005,82,13125.44,UPI,PAYEE-b0915e93,True,2026-10-01 11:03:00.973796,everyday,1,False
TXN-6aec798e33c6,CUST-0077,75,9526.18,branch,PAYEE-c64d87c2,True,2026-10-01 11:10:07.756164,everyday,0,False
TXN-7a37024c9aee,CUST-0058,81,13939.43,UPI,PAYEE-683ab287,True,2026-10-01 11:32:51.645059,everyday,1,False
TXN-d62498e57fb7,CUST-0088,78,7652.96,UPI,PAYEE-afc0c763,True,2026-10-01 11:37:29.033257,everyday,0,False
TXN-e3ece1efb1a8,CUST-0030,65,8899.88,UPI,PAYEE-6278826d,True,2026-10-01 11:55:30.329893,everyday,1,False
TXN-c34a892cb00f,CUST-0046,63,3998.81,UPI,PAYEE-7712f2c7,True,2026-10-01 12:43:21.657715,everyday,0,False
TXN-559aa6d2c594,CUST-0029,68,7797.95,UPI,PAYEE-704f94ac,True,2026-10-01 13:24:23.132372,everyday,0,False
TXN-a9778c7fc9ab,CUST-0098,65,4859.94,UPI,PAYEE-ff09e4aa,True,2026-10-01 13:51:50.855610,everyday,0,False
TXN-edbc8feb638d,CUST-0059,80,7628.86,branch,PAYEE-df7a4478,True,2026-10-01 14:15:50.311927,everyday,1,False
TXN-76ee1cab3452,CUST-0023,64,3639.93,branch,PAYEE-40b935f9,True,2026-10-01 14:34:03.647234,everyday,0,False
TXN-453b3c8e90ba,CUST-0049,68,2752.36,RTGS,PAYEE-d880726b,False,2026-10-01 14:46:07.196999,everyday,2,False
TXN-84f152589e37,CUST-0025,70,3503.43,branch,PAYEE-cc89c645,True,2026-10-01 15:46:39.201194,everyday,1,False
TXN-1bb9a97add01,CUST-0092,71,7507.28,UPI,PAYEE-f88794d4,True,2026-10-01 15:55:22.553243,everyday,1,False
TXN-510cfd7e689e,CUST-0099,72,11153.51,UPI,PAYEE-62eeba24,True,2026-10-01 16:07:26.628736,everyday,1,False
TXN-a8acfee2733f,CUST-0099,72,13059.9,UPI,PAYEE-364e639e,True,2026-10-01 16:14:32.792371,everyday,2,False
TXN-bff5e0ccf15e,CUST-0043,65,7495.3,branch,PAYEE-23689b3c,True,2026-10-01 16:20:13.176095,everyday,0,False
TXN-6718697d664d,CUST-0041,81,5337.59,branch,PAYEE-950b284f,True,2026-10-01 17:03:51.625645,everyday,0,False
TXN-839f5ed6ba04,CUST-0098,65,8546.01,branch,PAYEE-3a8eba32,True,2026-10-01 17:08:42.070718,everyday,1,False
TXN-a1930cea6bfa,CUST-0020,82,8243.73,branch,PAYEE-3bda2464,True,2026-10-01 17:12:55.383490,everyday,0,False
TXN-751d83416081,CUST-0037,69,3567.55,UPI,PAYEE-5988bb5b,True,2026-10-01 17:16:13.779167,everyday,0,False
TXN-9d3aa5e072bc,CUST-0079,78,53075.62,UPI,PAYEE-17a4e7cb,True,2026-10-01 17:27:21.387184,everyday,0,False
TXN-3c8f26215415,CUST-0099,72,10677.54,branch,PAYEE-364e639e,False,2026-10-01 17:34:38.173058,everyday,3,False
TXN-6f9584b16e63,CUST-0077,75,6297.95,UPI,PAYEE-12180157,True,2026-10-01 17:46:48.407462,everyday,1,False
TXN-1c2b3ad716c8,CUST-0028,70,14180.32,UPI,PAYEE-76328407,True,2026-10-01 17:47:17.251429,everyday,0,False
TXN-19cc61054c6f,CUST-0088,78,2145.95,branch,PAYEE-91c6d56a,True,2026-10-01 18:18:18.716917,everyday,1,False
TXN-770377a54e85,CUST-0088,78,2913.83,UPI,PAYEE-58636d57,True,2026-10-01 18:52:53.879387,everyday,2,False
TXN-c90b5f488772,CUST-0047,78,9058.36,UPI,PAYEE-2744ffb4,True,2026-10-01 19:56:49.218143,everyday,0,False
TXN-7c3c4ba7921f,CUST-0055,66,3824.76,UPI,PAYEE-572bbb3a,True,2026-10-01 20:04:06.173829,everyday,0,False
TXN-ee20e3744021,CUST-0045,69,7894.5,RTGS,PAYEE-c0e17b8e,True,2026-10-01 20:42:24.720483,everyday,1,False
TXN-ed4bd0f056a7,CUST-0048,73,10190.11,UPI,PAYEE-a69f6d06,True,2026-10-01 20:42:59.917313,everyday,0,False
TXN-f7ee48a1d404,CUST-0004,73,13922.32,UPI,PAYEE-be59a50e,True,2026-10-01 20:47:09.594809,everyday,0,False
TXN-0177d4657cb3,CUST-0038,75,13394.42,UPI,PAYEE-2a4a7693,True,2026-10-01 20:52:29.042637,everyday,0,False
TXN-91e99d6a3f35,CUST-0070,76,65352.34,UPI,PAYEE-e3bfe6b0,True,2026-10-01 21:14:17.826979,FD,1,True
TXN-b24099dab371,CUST-0075,82,5286.62,UPI,PAYEE-f12a18cd,True,2026-10-01 21:15:20.620111,everyday,0,False
TXN-58a001614945,CUST-0099,72,10407.84,UPI,PAYEE-3d3fedd1,True,2026-10-01 21:31:35.913508,everyday,4,False
TXN-7073d7fa5ad8,CUST-0067,81,9974.94,UPI,PAYEE-e1b030b0,True,2026-10-01 21:44:01.413092,everyday,0,False
TXN-252fbff97121,CUST-0011,71,9801.84,branch,PAYEE-c1b72bd3,True,2026-10-01 21:48:21.049123,everyday,0,False
TXN-f0820eb75c0b,CUST-0020,82,7750.55,UPI,PAYEE-9b914185,True,2026-10-01 22:22:44.785986,everyday,1,False
TXN-3ec2c011f87d,CUST-0000,72,10646.83,UPI,PAYEE-6de251e5,True,2026-10-01 22:37:02.387273,everyday,0,False
TXN-11a31024a7dc,CUST-0013,67,4207.18,RTGS,PAYEE-c2460c4c,True,2026-10-01 23:11:47.280247,everyday,1,False
TXN-e7573e8fac3f,CUST-0036,76,5873.16,UPI,PAYEE-5d2096bd,True,2026-10-01 23:12:19.001965,everyday,0,False
TXN-aae988c8b643,CUST-0031,77,906.81,branch,PAYEE-ca18a8c7,True,2026-10-01 23:26:42.381110,everyday,0,False
TXN-d50db3fdd906,CUST-0006,84,13560.72,UPI,PAYEE-7625a003,True,2026-10-02 00:01:20.864989,everyday,0,False
TXN-f7720755f55e,CUST-0062,69,2273.47,UPI,PAYEE-344e3920,True,2026-10-02 00:43:39.299390,everyday,0,False
TXN-110c1e063e36,CUST-0079,78,4831.16,branch,PAYEE-74e1d9c7,True,2026-10-02 01:39:28.994685,everyday,1,False
TXN-6b232650913d,CUST-0079,78,6259.59,UPI,PAYEE-85edfdaa,True,2026-10-02 01:58:26.328698,everyday,2,False
TXN-f3f04a66da44,CUST-0069,81,14155.52,branch,PAYEE-5052f929,True,2026-10-02 02:16:11.638515,everyday,1,False
TXN-d1bdee11fce5,CUST-0082,78,5298.0,UPI,PAYEE-1903d3e7,True,2026-10-02 02:26:46.994992,everyday,0,False
TXN-40d87949aef5,CUST-0055,66,12145.38,UPI,PAYEE-84bb2ff5,True,2026-10-02 02:29:35.343261,everyday,1,False
TXN-38ad798aaec6,CUST-0034,68,8685.86,RTGS,PAYEE-e2b56d0b,True,2026-10-02 02:54:27.177294,everyday,0,False
TXN-d9378d586ddd,CUST-0023,64,2665.78,UPI,PAYEE-6d85e6e7,True,2026-10-02 03:55:24.324193,everyday,1,False
TXN-3dacc6b05972,CUST-0011,71,9076.7,UPI,PAYEE-e0371418,True,2026-10-02 04:01:05.000510,everyday,1,False
TXN-a70d24eed2d6,CUST-0062,69,2781.07,UPI,PAYEE-772dc181,True,2026-10-02 04:10:59.073170,everyday,1,False
TXN-ee353ba18b39,CUST-0035,63,3063.24,RTGS,PAYEE-3e36e0fb,True,2026-10-02 04:37:18.229236,everyday,0,False
TXN-dbbcf23c127c,CUST-0029,68,77231.78,UPI,PAYEE-6786f702,True,2026-10-02 04:43:52.978732,FD,1,True
TXN-012ec29c818f,CUST-0027,73,12705.61,UPI,PAYEE-3559398a,True,2026-10-02 04:45:26.007521,everyday,0,False
TXN-aa671d176a72,CUST-0068,80,11801.74,UPI,PAYEE-a8f25176,True,2026-10-02 04:48:33.443791,everyday,0,False
TXN-cb80c4cd27e2,CUST-0065,60,8806.48,UPI,PAYEE-1809ffaf,True,2026-10-02 05:32:52.918966,everyday,0,False
TXN-ed189f509ebf,CUST-0049,68,14665.11,UPI,PAYEE-573bd3bc,True,2026-10-02 05:36:35.971351,everyday,2,False
TXN-62835690d4c9,CUST-0033,75,1882.78,branch,PAYEE-6656528d,True,2026-10-02 06:14:06.812503,everyday,0,False
TXN-4ad2c0007db7,CUST-0044,69,3068.94,branch,PAYEE-53ae4557,True,2026-10-02 06:24:27.714225,everyday,0,False
TXN-ce009e875e59,CUST-0093,76,7603.93,RTGS,PAYEE-422d6cd2,True,2026-10-02 07:30:20.470017,everyday,0,False
TXN-7dae60b53074,CUST-0065,60,10907.72,RTGS,PAYEE-60d6d986,True,2026-10-02 07:32:38.387126,everyday,1,False
TXN-8f3c6fd1698a,CUST-0056,67,6662.08,UPI,PAYEE-fab7a63d,True,2026-10-02 07:36:41.308632,everyday,0,False
TXN-d4d9248a3c3a,CUST-0017,81,10857.71,UPI,PAYEE-9a3ccc3f,True,2026-10-02 08:10:18.472534,everyday,0,False
TXN-d8ab4ec956b1,CUST-0093,76,2738.16,UPI,PAYEE-cd5fc8dd,True,2026-10-02 08:13:29.589822,everyday,1,False
TXN-6580e10720d2,CUST-0088,78,14274.51,UPI,PAYEE-ac501de2,True,2026-10-02 08:39:57.723341,everyday,3,False
TXN-3e31c08a5f2b,CUST-0011,71,8497.91,branch,PAYEE-1a6d0753,True,2026-10-02 08:43:56.994131,everyday,2,False
TXN-13347b050c28,CUST-0037,69,12736.24,branch,PAYEE-8572e188,True,2026-10-02 08:45:15.755519,everyday,1,False
TXN-921203585713,CUST-0018,61,7331.53,UPI,PAYEE-ceefe8c1,True,2026-10-02 09:04:44.063307,everyday,0,False
TXN-38545c1289b1,CUST-0071,64,5671.2,UPI,PAYEE-b0604edb,True,2026-10-02 10:26:26.346450,everyday,0,False
TXN-849148a465b9,CUST-0072,85,13033.42,UPI,PAYEE-cc993824,True,2026-10-02 10:33:44.786977,everyday,0,False
TXN-54b769232d68,CUST-0025,70,14920.74,UPI,PAYEE-bba2f65f,True,2026-10-02 10:43:45.266378,everyday,1,False
TXN-1113fd032a01,CUST-0053,79,516.87,UPI,PAYEE-7365b560,True,2026-10-02 11:01:43.512736,everyday,0,False
TXN-2d52b231e1cd,CUST-0045,69,4162.79,UPI,PAYEE-032df6f6,True,2026-10-02 11:04:29.022579,everyday,1,False
TXN-8f5a19e3cf96,CUST-0089,77,14138.66,UPI,PAYEE-803f9ea5,True,2026-10-02 11:13:00.376120,everyday,0,False
TXN-b4a66f141b9a,CUST-0037,69,8713.58,UPI,PAYEE-5988bb5b,False,2026-10-02 11:18:09.292245,everyday,2,False
TXN-1392c4f56515,CUST-0079,78,13692.21,branch,PAYEE-74e1d9c7,False,2026-10-02 11:26:05.821412,everyday,3,False
TXN-0eb1e3b2bd48,CUST-0022,73,8147.87,UPI,PAYEE-45098fdf,True,2026-10-02 11:44:15.068356,everyday,0,False
TXN-160ef72a49e0,CUST-0003,81,1350.82,UPI,PAYEE-e2d53e92,True,2026-10-02 12:12:17.770003,everyday,0,False
TXN-9dd58c211482,CUST-0006,84,1465.93,UPI,PAYEE-57079a28,True,2026-10-02 12:24:59.499638,everyday,1,False
TXN-1e398f1e08fb,CUST-0050,75,8819.87,UPI,PAYEE-9dbd50d5,True,2026-10-02 12:39:50.291129,everyday,0,False
TXN-7021a2380216,CUST-0011,71,10939.87,branch,PAYEE-aa3777cb,True,2026-10-02 12:50:00.725697,everyday,3,False
TXN-7d5e13d447e6,CUST-0046,63,9462.73,UPI,PAYEE-2a8b2d40,True,2026-10-02 14:03:13.474544,everyday,0,False
TXN-e9c3cc1e3e6c,CUST-0073,68,332.33,UPI,PAYEE-009c8ee0,True,2026-10-02 14:17:56.987590,everyday,0,False
TXN-d7ea04b8c4e5,CUST-0040,71,9943.94,branch,PAYEE-367cb247,True,2026-10-02 15:06:52.438732,everyday,0,False
TXN-b5503b1ebe27,CUST-0008,65,10040.28,UPI,PAYEE-e2a53d88,True,2026-10-02 15:26:34.836479,everyday,0,False
TXN-602529b7b404,CUST-0067,81,13976.99,UPI,PAYEE-ebc52155,True,2026-10-02 16:13:23.805949,everyday,1,False
TXN-44c85f8985af,CUST-0033,75,11892.23,UPI,PAYEE-8204a75e,True,2026-10-02 16:20:51.388690,everyday,1,False
TXN-c5c7027cffe9,CUST-0094,83,7975.49,UPI,PAYEE-6425456a,True,2026-10-02 16:50:00.426297,everyday,0,False
TXN-5565a9b56cb6,CUST-0057,69,3167.8,UPI,PAYEE-0dfe8fbc,True,2026-10-02 17:21:58.644157,everyday,0,False
TXN-16b01b9017a3,CUST-0080,64,7155.37,branch,PAYEE-76836d67,True,2026-10-02 18:25:54.227915,everyday,0,False
TXN-b2bbb5098432,CUST-0055,66,9417.7,UPI,PAYEE-d4ced35a,True,2026-10-02 19:41:40.562204,everyday,2,False
TXN-f9152cd2f54c,CUST-0077,75,75817.11,UPI,PAYEE-e3a0a2c7,True,2026-10-02 19:47:06.953384,vault,0,False
TXN-110c781040ae,CUST-0092,71,6830.74,UPI,PAYEE-1b027405,True,2026-10-02 19:50:55.104814,everyday,0,False
TXN-5c4d586da027,CUST-0043,65,13479.2,UPI,PAYEE-80ad5acf,True,2026-10-02 21:37:32.914714,everyday,0,False
TXN-91d0541cd0b6,CUST-0050,75,1004.5,UPI,PAYEE-766bfb1d,True,2026-10-02 21:43:39.394707,everyday,1,False
TXN-e84c8c444811,CUST-0051,81,76427.18,UPI,PAYEE-820f9b6e,True,2026-10-02 21:50:21.199550,everyday,0,False
TXN-2e51be4a6653,CUST-0046,63,6069.3,UPI,PAYEE-16fa9b3c,True,2026-10-02 22:35:29.385724,everyday,1,False
TXN-daa4322b3814,CUST-0059,80,9844.49,UPI,PAYEE-75fe7652,True,2026-10-02 23:31:54.208292,everyday,0,False
TXN-d4cc7c892b73,CUST-0095,85,3124.81,UPI,PAYEE-fd62ef5f,True,2026-10-02 23:32:11.834363,everyday,0,False
TXN-9711820c6deb,CUST-0097,67,7985.61,UPI,PAYEE-7c413454,True,2026-10-03 00:11:10.758774,everyday,0,False
TXN-e3bc1be99c3f,CUST-0086,63,589.32,UPI,PAYEE-c03c9f1f,True,2026-10-03 00:22:56.508901,everyday,0,False
TXN-3627dc1b73dd,CUST-0019,63,14321.35,branch,PAYEE-35db03dc,True,2026-10-03 00:37:24.419555,everyday,0,False
TXN-7ed5c0f66465,CUST-0019,63,5802.54,branch,PAYEE-48a1839e,True,2026-10-03 01:15:22.886699,everyday,1,False
TXN-0c7b9b475c01,CUST-0020,82,2772.23,branch,PAYEE-3bda2464,False,2026-10-03 01:37:37.326707,everyday,0,False
TXN-1bb63bd898b9,CUST-0071,64,8048.66,UPI,PAYEE-7725cd49,True,2026-10-03 02:00:25.065198,everyday,1,False
TXN-687bad59646f,CUST-0066,76,4721.39,branch,PAYEE-c4852e0a,True,2026-10-03 02:00:25.078207,everyday,0,False
TXN-1e8b0ec10e4f,CUST-0043,65,5619.26,UPI,PAYEE-23689b3c,False,2026-10-03 02:54:10.750345,everyday,1,False
TXN-bec4d93dab7c,CUST-0060,64,5659.86,UPI,PAYEE-8f41915e,True,2026-10-03 03:17:19.450577,everyday,0,False
TXN-17d36de90f69,CUST-0062,69,10200.69,RTGS,PAYEE-9645d5fa,True,2026-10-03 03:42:45.788592,everyday,1,False
TXN-e4a8c0add5cb,CUST-0059,80,4657.12,UPI,PAYEE-df7a4478,False,2026-10-03 03:47:47.571972,everyday,1,False
TXN-d66ea487f27a,CUST-0086,63,8100.31,branch,PAYEE-f18e4d39,True,2026-10-03 04:35:57.383468,everyday,1,False
TXN-e353cac94734,CUST-0007,76,75418.96,UPI,PAYEE-33f97302,True,2026-10-03 04:54:47.935267,FD,0,True
TXN-8f77afb941be,CUST-0016,77,3864.96,UPI,PAYEE-c14e7b57,True,2026-10-03 05:15:17.631429,everyday,0,False
TXN-36e769bd1c92,CUST-0020,82,1365.05,UPI,PAYEE-3bda2464,False,2026-10-03 05:52:40.615383,everyday,1,False
TXN-a1f45da5e59d,CUST-0065,60,12279.4,UPI,PAYEE-1809ffaf,False,2026-10-03 05:54:47.926218,everyday,1,False
TXN-21d0e2085390,CUST-0010,63,6580.61,UPI,PAYEE-205f9a34,True,2026-10-03 06:01:46.699649,everyday,0,False
TXN-0f6b29d81ffd,CUST-0003,81,13629.59,UPI,PAYEE-61060a09,True,2026-10-03 06:43:02.870569,everyday,1,False
TXN-c01ed5eb180b,CUST-0013,67,11831.82,UPI,PAYEE-4f30876b,True,2026-10-03 08:14:02.255806,everyday,0,False
TXN-bc110f51400b,CUST-0026,81,7653.25,UPI,PAYEE-29ce0c04,True,2026-10-03 08:45:28.904196,everyday,0,False
TXN-ca67bab65eb6,CUST-0010,63,13872.23,UPI,PAYEE-67b704b4,True,2026-10-03 08:49:38.799696,everyday,1,False
TXN-cff2959a810c,CUST-0071,64,10876.48,UPI,PAYEE-8d7ffec9,True,2026-10-03 09:25:56.605642,everyday,2,False
TXN-9e81fbf280b2,CUST-0001,75,7592.47,branch,PAYEE-5e337333,True,2026-10-03 09:40:48.917904,everyday,0,False
TXN-8bd69008ae44,CUST-0004,73,6097.38,UPI,PAYEE-638328a7,True,2026-10-03 09:55:05.280123,everyday,0,False
TXN-40caf89b56b2,CUST-0041,81,9741.41,UPI,PAYEE-ab01fe0c,True,2026-10-03 09:55:43.985876,everyday,0,False
TXN-7996b0753f80,CUST-0015,78,1376.84,UPI,PAYEE-8816f99a,True,2026-10-03 11:04:02.521073,everyday,0,False
TXN-0a045a4ec1a5,CUST-0046,63,11457.88,branch,PAYEE-19bb9c17,True,2026-10-03 11:13:06.673779,everyday,2,False
TXN-461c4c4a5a0f,CUST-0072,85,9962.09,UPI,PAYEE-cafc9ee4,True,2026-10-03 12:31:41.057889,everyday,0,False
TXN-ad9e95a67ffe,CUST-0052,84,2269.21,UPI,PAYEE-939f4c37,True,2026-10-03 13:02:25.132065,everyday,0,False
TXN-a28b1d0cf8a1,CUST-0008,65,4743.4,UPI,PAYEE-e2a53d88,False,2026-10-03 13:10:08.647621,everyday,1,False
TXN-4a3ba7790d5e,CUST-0003,81,8697.62,UPI,PAYEE-fa343a39,True,2026-10-03 13:19:48.914563,everyday,1,False
TXN-56101fbe969d,CUST-0075,82,2515.13,branch,PAYEE-d6775bed,True,2026-10-03 13:55:59.429538,everyday,0,False
TXN-9f943cf53079,CUST-0044,69,10956.22,UPI,PAYEE-ddaa4fff,True,2026-10-03 13:58:34.109429,everyday,0,False
TXN-36f0afa576b6,CUST-0050,75,6593.25,UPI,PAYEE-aae6dd18,True,2026-10-03 13:59:14.474348,everyday,1,False
TXN-b0db372279b9,CUST-0050,75,10390.87,RTGS,PAYEE-74a50588,True,2026-10-03 15:05:50.258573,everyday,2,False
TXN-0d5255eaa9e6,CUST-0004,73,14183.38,branch,PAYEE-638328a7,False,2026-10-03 15:24:10.982875,everyday,1,False
TXN-8a98d2780079,CUST-0030,65,1457.22,UPI,PAYEE-4d8b275e,True,2026-10-03 15:27:40.666702,everyday,0,False
TXN-b00741280285,CUST-0068,80,4504.56,UPI,PAYEE-f148d7e1,True,2026-10-03 16:14:42.194081,everyday,0,False
TXN-544d432d84a1,CUST-0054,70,8172.51,UPI,PAYEE-3312de87,True,2026-10-03 16:31:57.236541,everyday,0,False
TXN-9c062f62a7c0,CUST-0021,78,14558.78,UPI,PAYEE-3a32a62e,True,2026-10-03 16:59:07.120798,everyday,0,False
TXN-e93d4b6cea66,CUST-0061,67,13472.91,UPI,PAYEE-0f49f673,True,2026-10-03 17:07:05.027475,everyday,0,False
TXN-f16bf320943f,CUST-0039,71,12316.0,UPI,PAYEE-c3c730c6,True,2026-10-03 17:11:01.548525,everyday,0,False
TXN-24f2804b95a6,CUST-0082,78,5198.5,RTGS,PAYEE-3d7e3d28,True,2026-10-03 17:20:43.441242,everyday,0,False
TXN-7daf90d72d65,CUST-0020,82,9089.21,UPI,PAYEE-9b914185,False,2026-10-03 17:40:23.846627,everyday,2,False
TXN-a154a78a9c1d,CUST-0015,78,9545.12,branch,PAYEE-8816f99a,False,2026-10-03 17:53:40.951181,everyday,1,False
TXN-80415855e6d9,CUST-0038,75,14607.86,branch,PAYEE-6e39af07,True,2026-10-03 18:53:58.723860,everyday,0,False
TXN-19b810899685,CUST-0002,83,11065.83,UPI,PAYEE-c0fb3e83,True,2026-10-03 19:14:19.622596,everyday,0,False
TXN-8cd51853273d,CUST-0009,78,5712.52,branch,PAYEE-625bdc82,True,2026-10-03 19:17:10.085451,everyday,0,False
TXN-7bb539d8d1b5,CUST-0015,78,10292.22,branch,PAYEE-109f72a2,True,2026-10-03 19:19:13.310067,everyday,2,False
TXN-da1cab0a0363,CUST-0073,68,9589.8,branch,PAYEE-63869f8f,True,2026-10-03 19:51:16.732920,everyday,0,False
TXN-08e7fefba968,CUST-0034,68,13794.77,UPI,PAYEE-b597fb6b,True,2026-10-03 19:53:12.234577,everyday,0,False
TXN-d8e418a754ff,CUST-0008,65,880.25,UPI,PAYEE-27d56ffb,True,2026-10-03 20:02:39.415959,everyday,1,False
TXN-23ce02e6b90d,CUST-0089,77,1040.45,UPI,PAYEE-43813b48,True,2026-10-03 20:06:00.485124,everyday,0,False
TXN-f7d8c38baf09,CUST-0026,81,4429.45,branch,PAYEE-70f9d275,True,2026-10-03 20:23:56.035097,everyday,1,False
TXN-f96feee4a12f,CUST-0018,61,10521.68,UPI,PAYEE-030500af,True,2026-10-03 20:31:56.093323,everyday,0,False
TXN-a99e3b848570,CUST-0055,66,931.27,UPI,PAYEE-668fe6c6,True,2026-10-03 20:59:52.011643,everyday,0,False
TXN-fcf2ddf4e3be,CUST-0078,63,11326.69,RTGS,PAYEE-f9889502,True,2026-10-03 21:06:09.821824,everyday,0,False
TXN-8a644cbacb8e,CUST-0007,76,1100.29,branch,PAYEE-0911b822,True,2026-10-03 21:31:35.009211,everyday,1,False
TXN-eb70be2504fc,CUST-0058,81,74615.8,UPI,PAYEE-d7b447cd,True,2026-10-03 21:33:15.509374,FD,0,True
TXN-ac63cb4635f8,CUST-0011,71,3701.89,UPI,PAYEE-04c69f27,True,2026-10-03 21:42:15.803437,everyday,0,False
TXN-417d56b5a59a,CUST-0084,83,3597.31,RTGS,PAYEE-562d8aca,True,2026-10-03 21:49:31.699108,everyday,0,False
TXN-44c71e7fb734,CUST-0034,68,12533.4,UPI,PAYEE-174d120f,True,2026-10-03 21:55:33.096409,everyday,1,False
TXN-d49bb823542f,CUST-0085,81,2215.06,UPI,PAYEE-83bb7c6a,False,2026-10-03 21:55:49.824937,everyday,0,False
TXN-2ca63cd8ff65,CUST-0000,72,13129.84,UPI,PAYEE-c78d8126,True,2026-10-03 22:29:39.423499,everyday,0,False
TXN-7947aa81f19d,CUST-0000,72,12971.17,UPI,PAYEE-7dd02aa2,True,2026-10-03 22:51:39.122026,everyday,1,False
TXN-577773a048b6,CUST-0063,76,14952.28,UPI,PAYEE-f1f78c9e,True,2026-10-03 23:17:11.668489,everyday,0,False
TXN-b594db5410c8,CUST-0045,69,7559.45,branch,PAYEE-16d1a7c2,True,2026-10-03 23:21:21.934497,everyday,0,False
TXN-08c67ac8fe49,CUST-0006,84,3337.32,UPI,PAYEE-0412a067,True,2026-10-03 23:32:07.186979,everyday,0,False
TXN-9999457df5b0,CUST-0026,81,6905.59,RTGS,PAYEE-f6447123,False,2026-10-03 23:51:44.707829,everyday,2,False
TXN-e62b319e48f0,CUST-0030,65,11242.43,UPI,PAYEE-fc360790,True,2026-10-04 00:12:02.176688,everyday,1,False
TXN-2c8f4828ffe3,CUST-0012,82,9605.37,UPI,PAYEE-1b111d82,True,2026-10-04 00:23:32.393183,everyday,0,False
TXN-5841444f3180,CUST-0013,67,14049.95,branch,PAYEE-c2460c4c,False,2026-10-04 00:38:44.280336,everyday,1,False
TXN-9b66d0dd56c1,CUST-0075,82,13122.26,UPI,PAYEE-63308e9f,True,2026-10-04 00:39:26.506279,everyday,1,False
TXN-22227b5c3d6f,CUST-0068,80,2029.8,UPI,PAYEE-1cfc677a,True,2026-10-04 00:43:19.473209,everyday,1,False
TXN-fd94dac0326a,CUST-0017,81,11309.65,branch,PAYEE-f2ac3cea,True,2026-10-04 01:15:41.310301,everyday,0,False
TXN-dc94d7a4995e,CUST-0086,63,4677.29,UPI,PAYEE-567761a1,True,2026-10-04 02:06:01.168591,everyday,1,False
TXN-d50892b97c47,CUST-0071,64,1086.9,UPI,PAYEE-e25198c6,True,2026-10-04 02:06:09.142017,everyday,1,False
TXN-83200c6afeba,CUST-0039,71,4305.63,UPI,PAYEE-d8269d2f,True,2026-10-04 02:06:40.289121,everyday,1,False
TXN-202accb78940,CUST-0019,63,2069.41,UPI,PAYEE-83b39533,True,2026-10-04 02:18:18.374076,everyday,0,False
TXN-ce647c25fe4a,CUST-0027,73,2740.32,UPI,PAYEE-3559398a,False,2026-10-04 02:33:31.867232,everyday,0,False
TXN-3203df5cbcae,CUST-0051,81,12889.97,UPI,PAYEE-820f9b6e,False,2026-10-04 03:53:45.529082,everyday,0,False
TXN-6a5fb0e5dd9b,CUST-0061,67,8155.95,UPI,PAYEE-bac57dce,True,2026-10-04 03:56:17.403075,everyday,1,False
TXN-42605e056605,CUST-0059,80,8171.37,RTGS,PAYEE-75fe7652,False,2026-10-04 04:14:14.735490,everyday,0,False
TXN-e0421f4e4c7a,CUST-0025,70,7722.61,UPI,PAYEE-2b0f066d,True,2026-10-04 04:30:35.531930,everyday,0,False
TXN-532babcb9692,CUST-0031,77,6118.95,UPI,PAYEE-ca18a8c7,False,2026-10-04 04:39:17.166970,everyday,0,False
TXN-3f9287fe9a98,CUST-0036,76,9589.03,branch,PAYEE-5d2096bd,False,2026-10-04 04:52:31.553930,everyday,0,False
TXN-0e8411a08b6e,CUST-0075,82,9137.35,branch,PAYEE-0f5c0950,True,2026-10-04 05:30:57.329082,everyday,2,False
TXN-cc34457bed18,CUST-0026,81,3312.28,branch,PAYEE-4647f5e7,True,2026-10-04 05:35:28.816969,everyday,3,False
TXN-4b5cad66b77c,CUST-0055,66,11978.59,RTGS,PAYEE-3b86d610,True,2026-10-04 05:38:42.973385,everyday,1,False
TXN-bbde9f339df2,CUST-0082,78,13941.94,UPI,PAYEE-8c7f54da,True,2026-10-04 05:39:20.978198,everyday,1,False
TXN-36e8acd793ad,CUST-0046,63,14814.1,UPI,PAYEE-645720cb,True,2026-10-04 05:47:11.043505,everyday,1,False
TXN-c7561fb92e5d,CUST-0024,61,78994.56,branch,PAYEE-64c8310c,True,2026-10-04 05:50:06.943279,everyday,0,False
TXN-b9a7f2411c4d,CUST-0093,76,4343.62,UPI,PAYEE-422d6cd2,False,2026-10-04 06:06:51.399469,everyday,0,False
TXN-beb93e99813b,CUST-0043,65,5921.17,UPI,PAYEE-80ad5acf,False,2026-10-04 06:44:33.874175,everyday,0,False
TXN-c5a5959bf0f9,CUST-0016,77,13442.97,UPI,PAYEE-94390c9e,True,2026-10-04 06:44:45.550233,everyday,0,False
TXN-073d85436fc4,CUST-0039,71,14521.7,UPI,PAYEE-aedb7ec1,True,2026-10-04 06:58:58.037434,everyday,2,False
TXN-860a64295f2e,CUST-0063,76,14463.86,UPI,PAYEE-22cc9b7e,True,2026-10-04 07:11:34.423390,everyday,1,False
TXN-5e9325e6ef44,CUST-0055,66,9129.8,UPI,PAYEE-668fe6c6,False,2026-10-04 07:52:53.399654,everyday,2,False
TXN-e1fc63576573,CUST-0084,83,5655.1,UPI,PAYEE-4d71bf45,True,2026-10-04 08:24:14.184443,everyday,1,False
TXN-7f697e152313,CUST-0084,83,6756.88,UPI,PAYEE-e80830d9,True,2026-10-04 08:24:43.066782,everyday,2,False
TXN-57c797dd0a98,CUST-0079,78,9007.85,UPI,PAYEE-b8af6528,True,2026-10-04 08:54:16.355523,everyday,0,False
TXN-7909895d2914,CUST-0023,64,284.22,branch,PAYEE-6d85e6e7,False,2026-10-04 09:00:48.840086,everyday,0,False
TXN-9561bc2dfc99,CUST-0073,68,7815.68,UPI,PAYEE-ac0550ac,True,2026-10-04 09:11:16.686636,everyday,1,False
TXN-515a2b043b7a,CUST-0026,81,5847.16,branch,PAYEE-7e7c361b,True,2026-10-04 09:24:02.594131,everyday,3,False
TXN-5017f8caaf82,CUST-0067,81,6755.76,branch,PAYEE-df989620,True,2026-10-04 09:28:41.176959,everyday,0,False
TXN-bd425679d3be,CUST-0003,81,2847.02,UPI,PAYEE-7440eb73,True,2026-10-04 10:08:33.868759,everyday,1,False
TXN-1a07edf5db3c,CUST-0093,76,51253.98,branch,PAYEE-35bca7d5,True,2026-10-04 10:21:13.933062,everyday,1,False
TXN-dd47df84ff59,CUST-0007,76,4493.98,UPI,PAYEE-33f97302,False,2026-10-04 10:22:41.275739,everyday,1,False
TXN-7cfdac51e97f,CUST-0077,75,2288.84,UPI,PAYEE-3bd5ce7e,True,2026-10-04 10:24:05.491129,everyday,0,False
TXN-e59fb3ba5398,CUST-0071,64,9711.96,RTGS,PAYEE-7725cd49,False,2026-10-04 10:32:52.677653,everyday,1,False
TXN-6b038b2dc212,CUST-0028,70,14949.8,branch,PAYEE-70b05b23,True,2026-10-04 10:35:59.298035,everyday,0,False
TXN-6f567cafe3d4,CUST-0080,64,11260.0,UPI,PAYEE-27bbe593,True,2026-10-04 12:39:35.856799,everyday,0,False
TXN-d570832bf0e3,CUST-0053,79,10696.14,UPI,PAYEE-4645fc82,True,2026-10-04 13:00:06.744683,everyday,0,False
TXN-7814995b1773,CUST-0056,67,14965.65,branch,PAYEE-17b6960e,True,2026-10-04 13:18:54.684491,everyday,0,False
TXN-2052d88aad5b,CUST-0065,60,570.94,UPI,PAYEE-c57569d4,True,2026-10-04 13:31:49.657266,everyday,0,False
TXN-8157adab6070,CUST-0045,69,588.61,UPI,PAYEE-0801eb70,True,2026-10-04 13:37:26.389053,everyday,1,False
TXN-e3669021c1e9,CUST-0099,72,4600.55,UPI,PAYEE-3bb09fa0,True,2026-10-04 14:38:02.454031,everyday,0,False
TXN-49a4a2db44ef,CUST-0049,68,6095.7,UPI,PAYEE-66247353,True,2026-10-04 14:50:00.342794,everyday,0,False
TXN-9ddaca56bf0d,CUST-0085,81,1148.45,UPI,PAYEE-24872bd2,True,2026-10-04 15:06:25.277314,everyday,1,False
TXN-8db3b7969d93,CUST-0099,72,12235.97,UPI,PAYEE-53671489,True,2026-10-04 15:10:27.786392,everyday,1,False
TXN-53aeac59e6e3,CUST-0058,81,13543.3,RTGS,PAYEE-f9effd85,True,2026-10-04 15:17:09.778915,everyday,1,False
TXN-d94f86758911,CUST-0020,82,11246.37,UPI,PAYEE-9b914185,False,2026-10-04 15:26:46.838266,everyday,1,False
TXN-2cd29a404354,CUST-0088,78,1483.49,UPI,PAYEE-f312f8d5,True,2026-10-04 15:37:36.126736,everyday,0,False
TXN-4c67a0b9f6c4,CUST-0049,68,1505.15,UPI,PAYEE-a45540f9,True,2026-10-04 15:50:00.527889,everyday,1,False
TXN-9ccface7d8a6,CUST-0076,79,14641.48,UPI,PAYEE-00222767,True,2026-10-04 16:22:42.945310,everyday,0,False
TXN-263e1f01c690,CUST-0089,77,1150.92,RTGS,PAYEE-242e2bd2,True,2026-10-04 16:53:57.925674,everyday,1,False
TXN-ac8376171af1,CUST-0037,69,9763.79,branch,PAYEE-525578d2,True,2026-10-04 16:57:06.610037,everyday,0,False
TXN-b48607e53012,CUST-0046,63,3292.68,UPI,PAYEE-aa29bd1f,True,2026-10-04 17:00:11.123213,everyday,1,False
TXN-a4654a7ccd39,CUST-0052,84,993.19,UPI,PAYEE-be8ea1e3,True,2026-10-04 17:08:43.344103,everyday,0,False
TXN-d8c12c73f537,CUST-0058,81,2641.78,UPI,PAYEE-56974e8c,True,2026-10-04 17:23:20.384356,everyday,2,False
TXN-5d1a7051e372,CUST-0011,71,6546.01,RTGS,PAYEE-abeeb50c,True,2026-10-04 17:23:45.624696,everyday,1,False
TXN-58af514b5987,CUST-0059,80,2967.74,UPI,PAYEE-75fe7652,False,2026-10-04 18:24:14.110964,everyday,1,False
TXN-69c7e2584022,CUST-0089,77,9242.78,branch,PAYEE-24b79f20,True,2026-10-04 18:35:59.075204,everyday,2,False
TXN-21756f59d436,CUST-0065,60,5893.84,UPI,PAYEE-1eee1d71,True,2026-10-04 18:48:32.315511,everyday,1,False
TXN-432d27893e20,CUST-0078,63,13016.51,RTGS,PAYEE-e88bea8a,True,2026-10-04 19:45:58.143470,everyday,1,False
TXN-4e31bb6fb3c7,CUST-0061,67,2233.11,UPI,PAYEE-0f8549a6,True,2026-10-04 20:03:36.630824,everyday,1,False
TXN-98d71b9458c6,CUST-0089,77,12160.43,UPI,PAYEE-803f9ea5,False,2026-10-04 20:18:10.800131,everyday,2,False
TXN-ba414f92fcf5,CUST-0057,69,12909.64,UPI,PAYEE-163443fa,True,2026-10-04 20:58:44.838126,everyday,0,False
TXN-5ac76804149e,CUST-0049,68,4941.24,branch,PAYEE-573bd3bc,False,2026-10-04 21:06:37.954207,everyday,2,False
TXN-f3232c076d38,CUST-0075,82,7129.11,UPI,PAYEE-63308e9f,False,2026-10-04 21:11:01.744909,everyday,2,False
TXN-0172e48d447a,CUST-0095,85,72792.95,UPI,PAYEE-991da49c,True,2026-10-04 22:04:04.427451,vault,0,False
TXN-92a7824e4386,CUST-0062,69,13853.65,branch,PAYEE-772dc181,False,2026-10-04 22:14:54.571447,everyday,0,False
TXN-0d12c4735131,CUST-0009,78,7945.32,UPI,PAYEE-625bdc82,False,2026-10-04 22:21:19.115385,everyday,0,False
TXN-c3aa785192d3,CUST-0071,64,73499.17,UPI,PAYEE-796009d5,True,2026-10-04 22:21:42.468198,vault,2,False
TXN-9a212e33605e,CUST-0006,84,8149.21,branch,PAYEE-57079a28,False,2026-10-04 22:53:53.971024,everyday,1,False
TXN-8192ffb66ea3,CUST-0076,79,7831.8,UPI,PAYEE-00222767,False,2026-10-04 22:56:54.071780,everyday,1,False
TXN-c627cfb0e041,CUST-0006,84,13653.45,UPI,PAYEE-9f468e40,True,2026-10-04 23:09:18.195760,everyday,2,False
TXN-2ad0fe8f2749,CUST-0066,76,5730.34,UPI,PAYEE-0423c25b,True,2026-10-04 23:10:08.087329,everyday,0,False
TXN-71156e76f2da,CUST-0059,80,14723.1,UPI,PAYEE-27ca77e8,False,2026-10-04 23:42:38.282350,everyday,2,False
TXN-86fc44c0125b,CUST-0042,60,5611.92,UPI,PAYEE-0940a6dd,True,2026-10-05 00:01:37.313332,everyday,0,False
TXN-aed9bfaee25b,CUST-0065,60,13070.66,UPI,PAYEE-1eee1d71,False,2026-10-05 00:14:59.419679,everyday,2,False
TXN-378abd83cf46,CUST-0054,70,3238.3,RTGS,PAYEE-61f967af,True,2026-10-05 00:16:57.130604,everyday,0,False
TXN-f762ddb72b0f,CUST-0029,68,3427.27,branch,PAYEE-960c704a,True,2026-10-05 00:23:40.224486,everyday,0,False
TXN-af5a1ab98209,CUST-0017,81,4531.93,UPI,PAYEE-eae54328,True,2026-10-05 00:26:32.618935,everyday,1,False
TXN-12aa6444b944,CUST-0057,69,2442.42,branch,PAYEE-163443fa,False,2026-10-05 00:43:04.177847,everyday,1,False
TXN-238456df9f94,CUST-0046,63,69782.33,branch,PAYEE-16fa9b3c,False,2026-10-05 00:49:53.523814,vault,2,False
TXN-0a6dab187b85,CUST-0020,82,4961.15,UPI,PAYEE-9b914185,False,2026-10-05 02:00:01.905912,everyday,1,False
TXN-5bb396d0cec8,CUST-0016,77,6516.18,branch,PAYEE-37d7db08,True,2026-10-05 02:00:34.630331,everyday,1,False
TXN-64b1c118b18f,CUST-0015,78,12288.14,UPI,PAYEE-ae4ce01b,True,2026-10-05 02:59:38.047048,everyday,0,False
TXN-7cdf32a727ba,CUST-0027,73,14457.54,RTGS,PAYEE-3559398a,False,2026-10-05 03:29:22.574633,everyday,0,False
TXN-b2c9c5cfb8cb,CUST-0045,69,2055.36,UPI,PAYEE-032df6f6,False,2026-10-05 04:05:24.241204,everyday,1,False
TXN-6aacb7d63f22,CUST-0014,61,759.13,UPI,PAYEE-1769e48a,True,2026-10-05 04:53:51.410698,everyday,0,False
TXN-68f6159b75c9,CUST-0000,72,12938.92,UPI,PAYEE-7e83af86,True,2026-10-05 04:55:52.514070,everyday,0,False
TXN-8e2feb52e0f0,CUST-0058,81,1116.73,UPI,PAYEE-b3a59257,True,2026-10-05 04:59:02.930397,everyday,2,False
TXN-7dcda0a169db,CUST-0097,67,1096.9,UPI,PAYEE-7c413454,False,2026-10-05 05:51:50.445177,everyday,0,False
TXN-331f3f679beb,CUST-0066,76,1631.95,UPI,PAYEE-42ea2df1,True,2026-10-05 06:07:16.388564,everyday,1,False
TXN-00bb234dc9b1,CUST-0028,70,5223.39,UPI,PAYEE-b6a37202,True,2026-10-05 06:34:03.663558,everyday,1,False
TXN-66a82bbfcfba,CUST-0073,68,14382.01,UPI,PAYEE-0f68164d,True,2026-10-05 06:42:13.912389,everyday,1,False
TXN-aa855ca5d2d9,CUST-0005,82,5799.91,UPI,PAYEE-33d6ef53,True,2026-10-05 07:02:41.130573,everyday,0,False
TXN-400bc8247304,CUST-0038,75,7303.73,branch,PAYEE-9c01ee0b,True,2026-10-05 07:10:20.764286,everyday,0,False
TXN-02bf51ab2499,CUST-0080,64,5610.34,UPI,PAYEE-a084b211,True,2026-10-05 07:30:55.104776,everyday,1,False
TXN-2cf9fca3acbd,CUST-0096,74,7663.01,UPI,PAYEE-a7c71e2f,True,2026-10-05 07:36:10.063956,everyday,0,False
TXN-dc032f717eec,CUST-0094,83,2488.72,branch,PAYEE-6425456a,False,2026-10-05 07:40:05.942737,everyday,0,False
TXN-5f9605ce90e2,CUST-0028,70,11971.88,branch,PAYEE-06e7038b,True,2026-10-05 07:44:03.793092,everyday,2,False
TXN-f98330b7cf24,CUST-0074,82,7711.23,branch,PAYEE-c12fe6d4,True,2026-10-05 07:47:21.725904,everyday,0,False
TXN-f865227f33f7,CUST-0063,76,9638.64,UPI,PAYEE-71fe7842,True,2026-10-05 09:21:26.408514,everyday,0,False
TXN-0d2f14979ab9,CUST-0039,71,13558.51,UPI,PAYEE-4c60a51e,True,2026-10-05 09:38:32.117703,everyday,0,False
TXN-efe9a35e283b,CUST-0029,68,67204.6,UPI,PAYEE-bc1a9789,True,2026-10-05 09:44:34.339421,FD,1,True
TXN-cc263be5a210,CUST-0009,78,1349.74,UPI,PAYEE-625bdc82,False,2026-10-05 10:05:27.716330,everyday,1,False
TXN-c5930b60518b,CUST-0060,64,10018.57,UPI,PAYEE-0547fde7,True,2026-10-05 10:06:16.274633,everyday,0,False
TXN-1530cc9d6a78,CUST-0062,69,10916.77,UPI,PAYEE-d8d11006,True,2026-10-05 10:16:33.350291,everyday,1,False
TXN-1513e2b4e9f0,CUST-0021,78,12056.12,branch,PAYEE-d9b8a7d0,True,2026-10-05 10:21:09.553212,everyday,0,False
TXN-b10d75134aee,CUST-0066,76,2419.06,UPI,PAYEE-2106690c,True,2026-10-05 10:48:02.219237,everyday,2,False
TXN-f891d01afec6,CUST-0041,81,8613.03,UPI,PAYEE-829adb0a,True,2026-10-05 11:10:30.281945,everyday,0,False
TXN-97fc24033e88,CUST-0002,83,4148.56,UPI,PAYEE-417f2ba1,True,2026-10-05 12:35:53.065570,everyday,0,False
TXN-6b6d55dc1e06,CUST-0012,82,10537.76,UPI,PAYEE-6edf1bc8,True,2026-10-05 13:01:49.821045,everyday,0,False
TXN-dabc5c40030a,CUST-0051,81,10756.48,UPI,PAYEE-d147d44a,True,2026-10-05 13:09:36.268055,everyday,0,False
TXN-393fcfb47d34,CUST-0031,77,3570659.67,RTGS,SCAM-fe0d6a4d,True,2026-10-05 13:38:20.776906,everyday,0,False
TXN-14c817dd2af1,CUST-0003,81,14249.21,UPI,PAYEE-0e82ac62,True,2026-10-05 13:42:55.040274,everyday,0,False
TXN-71c2fb900cfd,CUST-0062,69,10591.69,UPI,PAYEE-1a333c36,True,2026-10-05 13:56:44.188981,everyday,2,False
TXN-23cb9111cf1c,CUST-0013,67,5576.4,UPI,PAYEE-cbe74bf0,True,2026-10-05 14:17:36.983674,everyday,0,False
TXN-3dd0e4fdb026,CUST-0034,68,9020.33,branch,PAYEE-174d120f,False,2026-10-05 15:37:06.039171,everyday,0,False
TXN-3183ca0cb1aa,CUST-0032,84,12090.15,UPI,PAYEE-3ed216d1,True,2026-10-05 16:06:59.861266,everyday,0,False
TXN-809ad629af04,CUST-0028,70,6621.37,UPI,PAYEE-0851e08e,True,2026-10-05 16:33:10.444997,everyday,2,False
TXN-2884e801820e,CUST-0003,81,9940.38,UPI,PAYEE-9b4b62f1,True,2026-10-05 16:42:12.539229,everyday,1,False
TXN-f812865c32a0,CUST-0033,75,8983.56,UPI,PAYEE-b0317d64,True,2026-10-05 17:32:34.398464,everyday,0,False
TXN-e72c742dade1,CUST-0001,75,5300.23,UPI,PAYEE-60f4900b,True,2026-10-05 17:34:39.789470,everyday,0,False
TXN-14bfa5d026c7,CUST-0042,60,745.43,branch,PAYEE-a38fb5c1,False,2026-10-05 17:47:34.222876,everyday,1,False
TXN-7da2a95cf5d9,CUST-0088,78,8138.18,branch,PAYEE-1a78a619,True,2026-10-05 17:53:03.323123,everyday,0,False
TXN-75312e631f7d,CUST-0097,67,3324.42,UPI,PAYEE-2ef959de,True,2026-10-05 18:11:37.412211,everyday,1,False
TXN-8195d6915d04,CUST-0002,83,12053.3,branch,PAYEE-663c98a5,True,2026-10-05 18:37:20.809006,everyday,1,False
TXN-5b7ddae8d410,CUST-0030,65,12032.72,UPI,PAYEE-a6e14f0c,True,2026-10-05 19:43:52.919673,everyday,0,False
TXN-e62b8ad96b14,CUST-0043,65,9749.84,UPI,PAYEE-54fbd4c9,True,2026-10-05 20:29:52.944567,everyday,0,False
TXN-a3db076b378d,CUST-0024,61,14411.75,UPI,PAYEE-51f61f9e,True,2026-10-05 21:43:47.288830,everyday,0,False
TXN-b5f8fb0df2e6,CUST-0044,69,6718.88,RTGS,PAYEE-a47bb733,True,2026-10-05 21:55:44.570985,everyday,0,False
TXN-de7f044957a1,CUST-0099,72,1417.4,UPI,PAYEE-75bcd841,True,2026-10-05 22:00:15.103110,everyday,0,False
TXN-b3fc4245533f,CUST-0080,64,14049.42,RTGS,PAYEE-2ab404f2,True,2026-10-05 22:15:05.442780,everyday,1,False
TXN-1da5583293db,CUST-0013,67,8259.97,UPI,PAYEE-299c2080,True,2026-10-05 22:28:00.309863,everyday,1,False
TXN-2f5a0a4b27fb,CUST-0064,64,9556.68,UPI,PAYEE-93c16f8b,True,2026-10-05 22:52:53.221445,everyday,0,False
TXN-a37d4087cd7f,CUST-0018,61,5470.49,UPI,PAYEE-0638eb66,True,2026-10-05 23:10:41.005181,everyday,0,False
TXN-5a8df090a1a9,CUST-0000,72,319.89,UPI,PAYEE-d71db42f,True,2026-10-05 23:44:38.398685,everyday,1,False
TXN-597324215fa3,CUST-0025,70,4750.17,UPI,PAYEE-2fd97b1b,True,2026-10-06 00:15:16.325399,everyday,0,False
TXN-571664c33d30,CUST-0056,67,1312.97,UPI,PAYEE-17b6960e,False,2026-10-06 00:33:07.739133,everyday,0,False
TXN-8a205d99605f,CUST-0003,81,8503.15,UPI,PAYEE-6830817c,True,2026-10-06 00:48:29.459609,everyday,2,False
TXN-51bbcdaddf82,CUST-0020,82,12152.42,UPI,PAYEE-146fc2ae,True,2026-10-06 00:57:08.029026,everyday,1,False
TXN-b76ee1fd8083,CUST-0016,77,8437.09,RTGS,PAYEE-04fc3ce9,True,2026-10-06 02:05:58.937433,everyday,0,False
TXN-92527b581216,CUST-0073,68,7203.7,UPI,PAYEE-94c47208,True,2026-10-06 02:34:02.831832,everyday,1,False
TXN-40cbc53e4f89,CUST-0080,64,13059.26,UPI,PAYEE-75ec4d8c,True,2026-10-06 02:55:11.649303,everyday,2,False
TXN-b66a0355a3aa,CUST-0057,69,8585.77,UPI,PAYEE-163443fa,False,2026-10-06 03:25:30.125439,everyday,0,False
TXN-bcac2f1d17b4,CUST-0059,80,10716.71,branch,PAYEE-a5e13d8c,True,2026-10-06 03:27:02.014334,everyday,0,False
TXN-3f308002f6c5,CUST-0050,75,6563.6,UPI,PAYEE-caea2f48,True,2026-10-06 03:38:58.030319,everyday,0,False
TXN-d0303a10c3f4,CUST-0044,69,8272.18,UPI,PAYEE-a47bb733,False,2026-10-06 03:39:02.629130,everyday,1,False
TXN-14cd2c279793,CUST-0034,68,13776.44,branch,PAYEE-dd1e6e2e,True,2026-10-06 04:29:23.256300,everyday,1,False
TXN-007ee61b888c,CUST-0051,81,4308.61,branch,PAYEE-a1015666,True,2026-10-06 04:46:10.540371,everyday,1,False
TXN-bb8291cc80dd,CUST-0048,73,4859.05,UPI,PAYEE-d95efe8d,True,2026-10-06 04:54:17.634660,everyday,0,False
TXN-26fb6f199996,CUST-0024,61,2121.18,branch,PAYEE-7204dae7,True,2026-10-06 05:05:27.226785,everyday,1,False
TXN-e729530e757c,CUST-0038,75,6833.4,RTGS,PAYEE-4ed12187,True,2026-10-06 06:00:33.037112,everyday,1,False
TXN-07d1a388362d,CUST-0013,67,5122.97,UPI,PAYEE-dad5f2d8,True,2026-10-06 06:21:22.816669,everyday,2,False
TXN-63a1582b5ec4,CUST-0072,85,11006.82,UPI,PAYEE-884a4551,True,2026-10-06 07:11:04.110975,everyday,0,False
TXN-299d54f38dd3,CUST-0032,84,14029.38,UPI,PAYEE-4a5ea3ea,True,2026-10-06 07:27:58.970827,everyday,1,False
TXN-7343f10ca6b2,CUST-0083,79,11132.39,UPI,PAYEE-893fedd9,True,2026-10-06 08:16:30.803956,everyday,0,False
TXN-3ee18826f231,CUST-0034,68,7895.69,UPI,PAYEE-b597fb6b,False,2026-10-06 08:37:11.769694,everyday,2,False
TXN-7c46d4ce9981,CUST-0070,76,5691.29,UPI,PAYEE-b686129d,True,2026-10-06 09:27:38.281708,everyday,0,False
TXN-83481552d6cf,CUST-0005,82,2268.99,UPI,PAYEE-2930c2b5,True,2026-10-06 09:38:27.448904,everyday,0,False
TXN-1e493c16361b,CUST-0046,63,10502.18,UPI,PAYEE-d90a4b50,True,2026-10-06 10:12:39.409574,everyday,0,False
TXN-afb9a16d554e,CUST-0032,84,11169.61,branch,PAYEE-87c27598,True,2026-10-06 11:19:59.407975,everyday,2,False
TXN-7b7e7ee9f82a,CUST-0078,63,6591.78,branch,PAYEE-c45ddd4f,True,2026-10-06 12:05:04.418521,everyday,0,False
TXN-a019a6beca91,CUST-0014,61,4849.14,UPI,PAYEE-cdfc09be,True,2026-10-06 12:23:34.312913,everyday,0,False
TXN-06282aae105e,CUST-0076,79,5800.56,UPI,PAYEE-20aa7715,True,2026-10-06 12:47:14.257520,everyday,0,False
TXN-9e80dd7a8639,CUST-0083,79,2297.62,branch,PAYEE-d738a96e,True,2026-10-06 12:54:26.758759,everyday,1,False
TXN-9628a2ddab01,CUST-0074,82,9906.57,UPI,PAYEE-e57f389b,False,2026-10-06 13:03:41.954888,everyday,0,False
TXN-ee920b99d5a3,CUST-0017,81,6452.9,UPI,PAYEE-3f351f64,True,2026-10-06 14:11:54.910335,everyday,0,False
TXN-ef2690234517,CUST-0096,74,10529.51,branch,PAYEE-de12e9ec,True,2026-10-06 14:40:28.556237,everyday,0,False
TXN-a913b6b3e42b,CUST-0082,78,217.68,UPI,PAYEE-0ba77978,True,2026-10-06 14:43:13.056289,everyday,0,False
TXN-0e367f701339,CUST-0043,65,5585.37,UPI,PAYEE-80ad5acf,False,2026-10-06 15:36:52.485610,everyday,1,False
TXN-5d3a9dcf8a0f,CUST-0024,61,9644.86,branch,PAYEE-64c8310c,False,2026-10-06 15:37:09.330574,everyday,2,False
TXN-9bda12640c13,CUST-0092,71,13586.66,UPI,PAYEE-f88794d4,False,2026-10-06 15:42:25.591725,everyday,0,False
TXN-0cde86cbfac1,CUST-0065,60,11762.48,UPI,PAYEE-60d6d986,False,2026-10-06 15:50:30.037736,everyday,0,False
TXN-addaa2e5f9d2,CUST-0075,82,2861.03,branch,PAYEE-fb596286,True,2026-10-06 16:53:54.846836,everyday,0,False
TXN-3cdba29d5962,CUST-0048,73,12426.14,UPI,PAYEE-08f453ca,True,2026-10-06 17:11:30.476377,everyday,1,False
TXN-3df278d6f329,CUST-0094,83,2083.41,UPI,PAYEE-7ffdbe3f,True,2026-10-06 17:29:41.475839,everyday,0,False
TXN-237e6c1f5e4b,CUST-0055,66,394.75,UPI,PAYEE-84bb2ff5,False,2026-10-06 17:53:18.265192,everyday,0,False
TXN-52576f04159d,CUST-0003,81,3535.02,branch,PAYEE-e2d53e92,False,2026-10-06 17:54:34.202043,everyday,1,False
TXN-5b9ddc5de6dd,CUST-0063,76,9480.57,UPI,PAYEE-c64251cd,True,2026-10-06 18:41:30.273635,everyday,0,False
TXN-50b0e2f037c4,CUST-0070,76,8242.59,UPI,PAYEE-e3bfe6b0,False,2026-10-06 18:50:54.913019,everyday,1,False
TXN-c865f9021723,CUST-0086,63,6703.66,UPI,PAYEE-788e1651,True,2026-10-06 19:23:19.547930,everyday,0,False
TXN-37bba9e0f9f3,CUST-0044,69,10188.24,RTGS,PAYEE-53ae4557,False,2026-10-06 20:00:14.501984,everyday,2,False
TXN-ad0595c20f1a,CUST-0086,63,12930.97,UPI,PAYEE-f18e4d39,False,2026-10-06 20:15:18.397594,everyday,1,False
TXN-31d42cdf0422,CUST-0079,78,2139.43,UPI,PAYEE-74e1d9c7,False,2026-10-06 20:53:18.161718,everyday,0,False
TXN-385c5ee3bde2,CUST-0044,69,3007.73,UPI,PAYEE-a47bb733,False,2026-10-06 20:54:55.025546,everyday,3,False
TXN-0e8a1b20aa0c,CUST-0098,65,2481.96,UPI,PAYEE-d8e65550,True,2026-10-06 20:57:22.149518,everyday,0,False
TXN-9dad7de2aa95,CUST-0026,81,54213.48,branch,PAYEE-70f9d275,False,2026-10-06 21:03:48.442858,everyday,0,False
TXN-57edffac1338,CUST-0031,77,6235.24,UPI,PAYEE-ca18a8c7,False,2026-10-06 23:14:59.422771,everyday,0,False
TXN-0ddc0e9640a2,CUST-0057,69,12414.47,UPI,PAYEE-49f762ab,True,2026-10-06 23:16:44.720790,everyday,1,False
TXN-a71c5b66c19a,CUST-0033,75,3809.54,branch,PAYEE-a737dd36,True,2026-10-06 23:24:34.239380,everyday,0,False
TXN-5a6e33e81194,CUST-0021,78,7237.56,UPI,PAYEE-c88b3eb2,True,2026-10-06 23:36:34.634880,everyday,0,False
TXN-2510a09abd9a,CUST-0027,73,7888.68,UPI,PAYEE-6fad4f2f,True,2026-10-06 23:55:47.065550,everyday,0,False
TXN-a22c39cb93de,CUST-0047,78,7619.13,UPI,PAYEE-bfe95c48,True,2026-10-07 00:03:19.546327,everyday,0,False
TXN-f34fef5cc584,CUST-0098,65,10077.67,UPI,PAYEE-16faa5d5,True,2026-10-07 00:05:22.450677,everyday,1,False
TXN-612026f50f70,CUST-0098,65,1779.13,UPI,PAYEE-d81d5faf,True,2026-10-07 00:06:09.710193,everyday,2,False
TXN-4385580b639b,CUST-0093,76,13272.0,RTGS,PAYEE-cd5fc8dd,False,2026-10-07 00:34:02.939352,everyday,0,False
TXN-ee18ea1e89e2,CUST-0010,63,10769.07,RTGS,PAYEE-a5c1340f,True,2026-10-07 01:08:43.853433,everyday,0,False
TXN-98788809f604,CUST-0046,63,9950.1,UPI,PAYEE-645720cb,False,2026-10-07 01:23:27.107539,everyday,1,False
TXN-5233c71793c7,CUST-0047,78,7332.2,RTGS,PAYEE-6aec87e5,True,2026-10-07 01:25:59.398629,everyday,1,False
TXN-4f789162d0d1,CUST-0080,64,6434.78,branch,PAYEE-75ec4d8c,False,2026-10-07 01:55:12.068718,everyday,1,False
TXN-fddbf536031d,CUST-0031,77,3599.43,UPI,PAYEE-7b67d628,True,2026-10-07 01:59:30.920379,everyday,1,False
TXN-dd30e22caad1,CUST-0027,73,4370.57,UPI,PAYEE-c9bdc10d,True,2026-10-07 02:52:50.341406,everyday,1,False
TXN-f45bbddffcad,CUST-0001,75,6346.45,UPI,PAYEE-60f4900b,False,2026-10-07 03:03:59.844906,everyday,0,False
TXN-32490ed9b595,CUST-0028,70,9479.77,UPI,PAYEE-70b05b23,False,2026-10-07 04:01:02.240209,everyday,0,False
TXN-acde0e77014a,CUST-0088,78,3207.91,UPI,PAYEE-804c9550,True,2026-10-07 04:03:18.837817,everyday,0,False
TXN-0a5f3420cde8,CUST-0095,85,7810.76,UPI,PAYEE-240e872f,True,2026-10-07 04:38:46.905743,everyday,0,False
TXN-df7c1b9bf949,CUST-0006,84,11825.97,UPI,PAYEE-f7740036,True,2026-10-07 05:09:11.903939,everyday,0,False
TXN-05bf21eb26ac,CUST-0038,75,8517.65,UPI,PAYEE-fb2dcf87,True,2026-10-07 05:56:56.322748,everyday,1,False
TXN-66eb25b57c83,CUST-0089,77,105.27,UPI,PAYEE-803f9ea5,False,2026-10-07 06:18:12.440788,everyday,0,False
TXN-7b517cca53f1,CUST-0037,69,4188.84,UPI,PAYEE-525578d2,False,2026-10-07 06:31:00.140938,everyday,0,False
TXN-984e73a55f17,CUST-0050,75,12257.93,UPI,PAYEE-caea2f48,False,2026-10-07 06:38:42.813027,everyday,0,False
TXN-2c4fc8b19593,CUST-0081,68,12128.76,branch,PAYEE-09fa6f0d,True,2026-10-07 06:42:02.994188,everyday,0,False
TXN-8ab7d275295e,CUST-0051,81,11922.89,RTGS,PAYEE-d147d44a,False,2026-10-07 06:47:30.183988,everyday,0,False
TXN-26def17cd338,CUST-0057,69,4764.82,UPI,PAYEE-93d85422,True,2026-10-07 06:54:03.681081,everyday,1,False
TXN-c1f588040113,CUST-0045,69,12866.55,UPI,PAYEE-800a315c,True,2026-10-07 07:05:07.888781,everyday,0,False
TXN-ddebeb3e6f1b,CUST-0074,82,4225.87,RTGS,PAYEE-c12fe6d4,False,2026-10-07 07:45:42.119993,everyday,1,False
TXN-f911da3d9ad4,CUST-0069,81,3072.12,UPI,PAYEE-eefaf481,True,2026-10-07 09:05:50.404903,everyday,0,False
TXN-0efd5083f4f1,CUST-0012,82,5260.82,UPI,PAYEE-1b111d82,False,2026-10-07 10:04:13.806536,everyday,0,False
TXN-301656254f2e,CUST-0046,63,12725.28,branch,PAYEE-7712f2c7,False,2026-10-07 10:08:15.631856,everyday,2,False
TXN-4cd651799a79,CUST-0021,78,7492.28,UPI,PAYEE-30a5aa4b,True,2026-10-07 10:35:44.146674,everyday,1,False
TXN-4bd8eba29604,CUST-0042,60,7117.75,UPI,PAYEE-a38fb5c1,False,2026-10-07 11:38:20.100126,everyday,0,False
TXN-bcdf2e2efb82,CUST-0014,61,13116.94,UPI,PAYEE-7b378ba0,True,2026-10-07 12:15:06.824215,everyday,1,False
TXN-010c8700377f,CUST-0073,68,6560.12,UPI,PAYEE-009c8ee0,False,2026-10-07 14:05:50.749762,everyday,0,False
TXN-f268b72c1d50,CUST-0050,75,10920.52,UPI,PAYEE-766bfb1d,False,2026-10-07 14:11:08.478346,everyday,1,False
TXN-af4417940430,CUST-0061,67,13942.15,UPI,PAYEE-37498bd4,True,2026-10-07 14:40:14.682639,everyday,0,False
TXN-ab1e29865bfa,CUST-0084,83,6990.37,branch,PAYEE-562d8aca,False,2026-10-07 15:21:10.992902,everyday,0,False
TXN-30c4f3f5e6e9,CUST-0008,65,7907.04,UPI,PAYEE-27d56ffb,False,2026-10-07 15:31:54.776654,everyday,0,False
TXN-2144cedae2f3,CUST-0022,73,14534.27,UPI,PAYEE-f2442808,True,2026-10-07 16:43:50.858638,everyday,0,False
TXN-ba98b6109216,CUST-0091,70,8265.01,UPI,PAYEE-ebe4b684,True,2026-10-07 17:37:02.617648,everyday,0,False
TXN-897ee3664500,CUST-0066,76,10751.28,RTGS,PAYEE-b5f3041e,True,2026-10-07 17:39:22.209282,everyday,0,False
TXN-1783187a9b92,CUST-0099,72,5952.72,UPI,PAYEE-8cd7a1ed,True,2026-10-07 18:35:12.004776,everyday,0,False
TXN-6266511d7253,CUST-0046,63,6908.49,branch,PAYEE-645720cb,False,2026-10-07 18:37:43.929860,everyday,2,False
TXN-369b6a436547,CUST-0031,77,13733.63,UPI,PAYEE-29d60a53,True,2026-10-07 18:55:57.969598,everyday,2,False
TXN-6413f7d63c29,CUST-0092,71,7188.49,UPI,PAYEE-1b027405,False,2026-10-07 20:02:00.909865,everyday,0,False
TXN-c3e044883580,CUST-0086,63,11979.32,UPI,PAYEE-63f00185,True,2026-10-07 20:24:17.099977,everyday,0,False
TXN-dd4fc65606c3,CUST-0059,80,14665.76,UPI,PAYEE-5a4867cb,True,2026-10-07 20:53:13.977118,everyday,0,False
TXN-c632b9afd813,CUST-0015,78,14662.21,RTGS,PAYEE-109f72a2,False,2026-10-07 21:25:54.760486,everyday,0,False
TXN-cfe95299787e,CUST-0077,75,13674.94,UPI,PAYEE-39b472dd,True,2026-10-07 22:14:28.699913,everyday,0,False
TXN-93738f888058,CUST-0029,68,7359.14,UPI,PAYEE-704f94ac,False,2026-10-08 00:51:49.143949,everyday,0,False
TXN-f59f3caaec7c,CUST-0079,78,6330.57,UPI,PAYEE-c22c863e,True,2026-10-08 00:59:43.319534,everyday,0,False
TXN-06bec70332ba,CUST-0060,64,1957.76,UPI,PAYEE-ee0dffda,True,2026-10-08 01:02:30.094058,everyday,0,False
TXN-cac092d1c9ae,CUST-0006,84,14199.3,UPI,PAYEE-57079a28,False,2026-10-08 01:03:21.684062,everyday,1,False
TXN-31a2ca7f7e53,CUST-0098,65,2184.68,UPI,PAYEE-14e0a5a4,True,2026-10-08 01:12:35.244455,everyday,0,False
TXN-0c786248aea7,CUST-0075,82,8251.6,branch,PAYEE-f12a18cd,False,2026-10-08 01:38:39.786877,everyday,0,False
TXN-6e2f4042ff87,CUST-0047,78,12501.78,branch,PAYEE-37433a29,True,2026-10-08 01:52:31.501221,everyday,0,False
TXN-a83d58f85bdc,CUST-0071,64,1948.98,UPI,PAYEE-8d7ffec9,False,2026-10-08 02:13:25.609391,everyday,0,False
TXN-62cc473c65f0,CUST-0014,61,13754.32,UPI,PAYEE-ea5e55ce,True,2026-10-08 02:34:15.258141,everyday,1,False
TXN-563143a7c4ff,CUST-0097,67,8626.9,RTGS,PAYEE-6b57be85,True,2026-10-08 02:39:10.334615,everyday,0,False
TXN-d552434fc091,CUST-0009,78,10935.8,UPI,PAYEE-f43bcdda,True,2026-10-08 03:06:03.467453,everyday,0,False
TXN-d244e1015943,CUST-0059,80,4519.56,UPI,PAYEE-5a4867cb,False,2026-10-08 03:24:21.805438,everyday,1,False
TXN-ef219832cd46,CUST-0075,82,5578.86,UPI,PAYEE-f12a18cd,False,2026-10-08 03:28:57.179850,everyday,1,False
TXN-1818c4c64e63,CUST-0066,76,8327.05,UPI,PAYEE-ef839364,True,2026-10-08 03:30:57.880411,everyday,1,False
TXN-93bf280aa71a,CUST-0043,65,1098.39,branch,PAYEE-54fbd4c9,False,2026-10-08 03:48:55.972288,everyday,0,False
TXN-7f8bc665333b,CUST-0005,82,6884.63,UPI,PAYEE-975ba326,True,2026-10-08 03:56:23.970479,everyday,0,False
TXN-99169dabda92,CUST-0009,78,71587.57,RTGS,PAYEE-a0ec0989,True,2026-10-08 04:12:04.744860,everyday,1,False
TXN-2d9035503034,CUST-0092,71,10063.71,UPI,PAYEE-f88794d4,False,2026-10-08 04:24:17.914589,everyday,1,False
TXN-736a215163af,CUST-0000,72,1766.83,UPI,PAYEE-aa42bf2e,True,2026-10-08 04:24:20.388396,everyday,0,False
TXN-30ba9e0fca6d,CUST-0024,61,7016.86,UPI,PAYEE-7204dae7,False,2026-10-08 06:11:43.541176,everyday,0,False
TXN-7395b8872068,CUST-0012,82,8474.07,UPI,PAYEE-20a0895a,True,2026-10-08 06:34:11.235559,everyday,1,False
TXN-f8f939bc0b80,CUST-0019,63,11137.62,UPI,PAYEE-a1aa6da7,True,2026-10-08 08:04:37.359325,everyday,0,False
TXN-d2587085b09c,CUST-0002,83,4725.25,branch,PAYEE-674cb350,True,2026-10-08 08:17:11.874251,everyday,0,False
TXN-eeb506d994fb,CUST-0040,71,7027.55,UPI,PAYEE-507debb5,True,2026-10-08 08:33:59.540259,everyday,0,False
TXN-c81aae22ca3d,CUST-0056,67,55224.4,branch,PAYEE-fab7a63d,False,2026-10-08 09:05:39.362541,FD,0,True
TXN-ff6d53fdbaee,CUST-0001,75,10160.67,UPI,PAYEE-5e337333,False,2026-10-08 09:16:30.181468,everyday,0,False
TXN-259a226bc1d4,CUST-0035,63,8612.83,UPI,PAYEE-2f22f4ca,True,2026-10-08 09:17:49.218594,everyday,0,False
TXN-f4a12c3951ed,CUST-0008,65,14737.55,UPI,PAYEE-f18cae4f,True,2026-10-08 10:22:31.731567,everyday,1,False
TXN-986be987ff52,CUST-0019,63,4786.1,UPI,PAYEE-83b39533,False,2026-10-08 10:40:48.934466,everyday,1,False
TXN-c65b72528377,CUST-0066,76,76508.07,RTGS,PAYEE-0423c25b,False,2026-10-08 11:17:08.928650,vault,2,False
TXN-0d7bb2eae53b,CUST-0058,81,5927.25,branch,PAYEE-9722d426,True,2026-10-08 11:22:37.447134,everyday,0,False
TXN-7b2a4c2f74e4,CUST-0018,61,14888.04,branch,PAYEE-18317c62,True,2026-10-08 11:46:03.411104,everyday,0,False
TXN-e1f769b72096,CUST-0087,73,9925.33,UPI,PAYEE-a0111361,True,2026-10-08 11:53:21.156638,everyday,0,False
TXN-fe636ea64f44,CUST-0080,64,8457.19,UPI,PAYEE-f4e31139,True,2026-10-08 11:58:39.799279,everyday,0,False
TXN-5d28cd9fa75c,CUST-0076,79,7232.65,UPI,PAYEE-058e422a,True,2026-10-08 12:08:35.433552,everyday,0,False
TXN-8de23266cb27,CUST-0081,68,12614.15,UPI,PAYEE-3f5504d5,True,2026-10-08 12:23:17.190932,everyday,0,False
TXN-399941a0f93b,CUST-0005,82,9145.27,UPI,PAYEE-33d6ef53,False,2026-10-08 12:27:04.665713,everyday,1,False
TXN-f63efa4a3c11,CUST-0040,71,4373.55,UPI,PAYEE-67025013,True,2026-10-08 13:28:36.125807,everyday,1,False
TXN-91db21978a05,CUST-0003,81,4970.0,branch,PAYEE-ab418293,True,2026-10-08 13:38:07.810380,everyday,0,False
TXN-c1ab50ac9a8e,CUST-0058,81,7615.48,branch,PAYEE-2d215146,True,2026-10-08 13:59:31.074342,everyday,1,False
TXN-34ed81cece12,CUST-0048,73,9967.13,RTGS,PAYEE-08f453ca,False,2026-10-08 14:08:51.666987,everyday,0,False
TXN-24781591ce32,CUST-0093,76,4243.49,RTGS,PAYEE-cd5fc8dd,False,2026-10-08 14:27:58.852990,everyday,0,False
TXN-7ba183d55fb8,CUST-0010,63,13112.64,UPI,PAYEE-824e994b,True,2026-10-08 14:37:41.476691,everyday,0,False
TXN-8cc9aa4148f4,CUST-0002,83,9132.51,UPI,PAYEE-834a52cd,True,2026-10-08 15:24:00.735911,everyday,1,False
TXN-b15d363173e3,CUST-0050,75,7023.38,branch,PAYEE-f99f8dde,True,2026-10-08 15:29:57.649677,everyday,0,False
TXN-e3ccec9659f8,CUST-0063,76,2014.53,UPI,PAYEE-49d768dc,True,2026-10-08 15:34:35.425843,everyday,0,False
TXN-cbaf66bed7e3,CUST-0087,73,3492.47,UPI,PAYEE-f0a25871,True,2026-10-08 15:51:27.356971,everyday,1,False
TXN-a7a5341bde2f,CUST-0084,83,7534.72,UPI,PAYEE-2dc34e15,True,2026-10-08 16:05:55.210790,everyday,0,False
TXN-750da0a197ec,CUST-0025,70,10695.54,branch,PAYEE-cc89c645,False,2026-10-08 16:10:05.538814,everyday,0,False
TXN-e0e19f6e4f8a,CUST-0009,78,6784.16,UPI,PAYEE-6c40961f,True,2026-10-08 16:15:54.822509,everyday,2,False
TXN-ec6eba27c524,CUST-0066,76,12376.58,UPI,PAYEE-f75e5bdb,False,2026-10-08 16:18:38.853116,everyday,3,False
TXN-a9cab16ab06e,CUST-0022,73,4051.67,UPI,PAYEE-6d55c7f1,True,2026-10-08 16:47:37.384479,everyday,0,False
TXN-9f0e5a7d0c32,CUST-0041,81,6462.05,RTGS,PAYEE-ab01fe0c,False,2026-10-08 17:16:56.455202,everyday,0,False
TXN-9dfabb614213,CUST-0066,76,76039.46,RTGS,PAYEE-42ea2df1,False,2026-10-08 17:17:18.677567,FD,4,True
TXN-f279c734a16e,CUST-0023,64,70493.76,UPI,PAYEE-666ff564,True,2026-10-08 17:40:41.445088,FD,0,True
TXN-50c6a85034cf,CUST-0016,77,14489.18,UPI,PAYEE-9c184107,True,2026-10-08 18:17:29.856086,everyday,0,False
TXN-b1941b3d1133,CUST-0076,79,1054.25,UPI,PAYEE-6fef9c51,True,2026-10-08 18:52:09.760741,everyday,1,False
TXN-c3cfb55f6464,CUST-0074,82,6127.9,RTGS,PAYEE-c12fe6d4,False,2026-10-08 19:23:43.794212,everyday,0,False
TXN-fe7e695052d3,CUST-0022,73,12008.0,UPI,PAYEE-9b69db42,True,2026-10-08 20:00:43.024274,everyday,1,False
TXN-a7c40aff4589,CUST-0014,61,4317.58,UPI,PAYEE-ea5e55ce,False,2026-10-08 20:19:27.738183,everyday,1,False
TXN-17e983a6274b,CUST-0006,84,8094.93,UPI,PAYEE-089af86e,True,2026-10-08 20:45:22.370183,everyday,1,False
TXN-ad7a154ca397,CUST-0032,84,11586.91,UPI,PAYEE-87c27598,False,2026-10-08 20:57:56.268975,everyday,0,False
TXN-6eefb120250f,CUST-0069,81,7541.74,UPI,PAYEE-bf64c603,True,2026-10-08 21:13:04.583229,everyday,0,False
TXN-b1a7f0cec05b,CUST-0029,68,14529.78,UPI,PAYEE-704f94ac,False,2026-10-08 21:35:15.251844,everyday,1,False
TXN-3195b159ae5e,CUST-0022,73,5604.08,UPI,PAYEE-de3af36b,True,2026-10-08 21:38:54.898645,everyday,2,False
TXN-807023e6562b,CUST-0082,78,3068.45,RTGS,PAYEE-28a9ae4a,True,2026-10-08 22:28:21.011535,everyday,0,False
TXN-5aa28034b014,CUST-0091,70,9364.82,UPI,PAYEE-ee2521b8,True,2026-10-08 22:34:11.575979,everyday,0,False
TXN-520ef14ceda8,CUST-0060,64,7882.78,UPI,PAYEE-cd6de564,True,2026-10-08 23:24:06.390415,everyday,1,False
TXN-d0aa6ecf6cdf,CUST-0095,85,5258.96,UPI,PAYEE-14760d89,True,2026-10-09 00:00:15.197503,everyday,0,False
TXN-1852d24ebdcd,CUST-0040,71,69122.72,RTGS,PAYEE-67025013,False,2026-10-09 00:18:11.618344,everyday,2,False
TXN-6abd415d7c5c,CUST-0084,83,10157.44,branch,PAYEE-3b75ef32,True,2026-10-09 00:24:34.464816,everyday,1,False
TXN-fd73d5aa9d22,CUST-0079,78,7388.7,UPI,PAYEE-a6f5e48a,True,2026-10-09 00:54:18.659436,everyday,1,False
TXN-d79ea2ec389a,CUST-0047,78,7538.13,UPI,PAYEE-96b36601,True,2026-10-09 00:54:49.991643,everyday,1,False
TXN-64a75c8597b5,CUST-0014,61,5629.05,UPI,PAYEE-1769e48a,False,2026-10-09 01:17:32.435720,everyday,2,False
TXN-de42a67e4291,CUST-0068,80,8320.2,UPI,PAYEE-fde41f33,True,2026-10-09 01:48:03.488342,everyday,0,False
TXN-cbab2dd84312,CUST-0069,81,3251.24,UPI,PAYEE-bf64c603,False,2026-10-09 02:17:26.301560,everyday,1,False
TXN-4902d3998ffc,CUST-0021,78,7321.72,RTGS,PAYEE-c88b3eb2,False,2026-10-09 02:42:49.294921,everyday,0,False
TXN-c53710ee95b3,CUST-0086,63,6898.19,UPI,PAYEE-77c46bc7,True,2026-10-09 02:56:06.380525,everyday,0,False
TXN-acfda37aa521,CUST-0035,63,3906.3,UPI,PAYEE-2f22f4ca,False,2026-10-09 03:19:21.521983,everyday,1,False
TXN-6633975678cc,CUST-0072,85,7582.64,UPI,PAYEE-6f840dc5,True,2026-10-09 04:15:50.342548,everyday,0,False
TXN-6912971e160b,CUST-0054,70,5205.27,UPI,PAYEE-fed1785a,True,2026-10-09 04:34:10.056582,everyday,0,False
TXN-982e02c9f650,CUST-0081,68,13745.53,UPI,PAYEE-0d1812bf,True,2026-10-09 04:34:48.135556,everyday,1,False
TXN-e6bd73561a06,CUST-0010,63,58583.33,branch,PAYEE-319f0de4,True,2026-10-09 04:42:57.443047,vault,1,False
TXN-eb176f2ae433,CUST-0042,60,779.24,UPI,PAYEE-78cd158a,True,2026-10-09 05:12:11.582317,everyday,0,False
TXN-920cd85a879e,CUST-0080,64,8431.43,UPI,PAYEE-76836d67,False,2026-10-09 05:41:52.953810,everyday,1,False
TXN-5927911ac17e,CUST-0002,83,4231.94,branch,PAYEE-834a52cd,False,2026-10-09 05:42:36.582410,everyday,2,False
TXN-4b9fb2728a33,CUST-0053,79,378.09,UPI,PAYEE-8f4ee82f,True,2026-10-09 05:58:22.872450,everyday,0,False
TXN-d673bd67b4bf,CUST-0070,76,11722.43,branch,PAYEE-e3bfe6b0,False,2026-10-09 05:58:28.826237,everyday,0,False
TXN-a76b18c74c7c,CUST-0036,76,10296.24,UPI,PAYEE-6056bb82,True,2026-10-09 06:37:56.499167,everyday,0,False
TXN-a7f28a5d3b9f,CUST-0079,78,3414.38,UPI,PAYEE-b572f95b,True,2026-10-09 06:47:52.013457,everyday,1,False
TXN-e6004ae8406a,CUST-0076,79,69132.29,UPI,PAYEE-f9e45894,True,2026-10-09 07:02:27.179618,FD,2,True
TXN-5886a0b9bb34,CUST-0006,84,4995.54,UPI,PAYEE-57079a28,False,2026-10-09 07:38:16.400769,everyday,1,False
TXN-9251af84ad47,CUST-0037,69,1283.13,UPI,PAYEE-bfe18b42,True,2026-10-09 08:14:28.734408,everyday,0,False
TXN-2a4aecdfbe53,CUST-0027,73,11052.68,UPI,PAYEE-022edf7d,True,2026-10-09 08:57:38.942433,everyday,0,False
TXN-a4af02a54a15,CUST-0011,71,4400.17,UPI,PAYEE-febd95e3,True,2026-10-09 09:23:55.996401,everyday,0,False
TXN-c5bb2122c9d7,CUST-0076,79,5264.87,UPI,PAYEE-ad85169f,True,2026-10-09 09:26:39.727620,everyday,3,False
TXN-e9511ce3e3d1,CUST-0080,64,3118.56,UPI,PAYEE-76836d67,False,2026-10-09 09:35:22.502814,everyday,2,False
TXN-595a726ff674,CUST-0031,77,13465.3,branch,PAYEE-ca18a8c7,False,2026-10-09 09:47:31.087291,everyday,0,False
TXN-59dfdb7fd0e4,CUST-0098,65,2368.61,UPI,PAYEE-3a8eba32,False,2026-10-09 10:37:13.248405,everyday,0,False
TXN-d3f96257cd2f,CUST-0089,77,2224.67,UPI,PAYEE-242e2bd2,False,2026-10-09 11:15:21.025906,everyday,0,False
TXN-e6536f0caf23,CUST-0097,67,11027.96,branch,PAYEE-12899575,True,2026-10-09 11:22:06.621510,everyday,0,False
TXN-1fca19c2f1ab,CUST-0008,65,3311.98,UPI,PAYEE-98d9674f,False,2026-10-09 11:56:14.850449,everyday,0,False
TXN-5d944b27eba7,CUST-0010,63,4000.47,UPI,PAYEE-63a21f49,True,2026-10-09 13:36:55.266994,everyday,2,False
TXN-912732546baf,CUST-0027,73,8783.81,RTGS,PAYEE-80d22fac,True,2026-10-09 13:52:05.324744,everyday,1,False
TXN-23e073a2f6da,CUST-0051,81,11558.59,UPI,PAYEE-867bf9e1,True,2026-10-09 14:27:57.513482,everyday,0,False
TXN-e4a2b2432a92,CUST-0002,83,4584.15,UPI,PAYEE-8fa2c940,True,2026-10-09 14:34:40.354124,everyday,2,False
TXN-34f709eb837e,CUST-0013,67,14025.28,UPI,PAYEE-341f884c,True,2026-10-09 14:42:19.112262,everyday,0,False
TXN-bd9a0d3cafd1,CUST-0012,82,7386.15,UPI,PAYEE-65032ea2,True,2026-10-09 15:12:30.061291,everyday,0,False
TXN-cfd3b978660f,CUST-0078,63,4388.86,UPI,PAYEE-f9889502,False,2026-10-09 15:42:17.104195,everyday,0,False
TXN-e8f6538afc12,CUST-0065,60,425.94,UPI,PAYEE-60d6d986,False,2026-10-09 16:33:09.275570,everyday,0,False
TXN-63f0cf8ea622,CUST-0095,85,13577.28,UPI,PAYEE-da65035a,True,2026-10-09 16:36:48.798972,everyday,1,False
TXN-5e72d92cd798,CUST-0068,80,8848.92,UPI,PAYEE-21a46400,True,2026-10-09 16:53:09.435448,everyday,1,False
TXN-30c8e8db5fe8,CUST-0079,78,14779.74,branch,PAYEE-b8af6528,False,2026-10-09 16:56:05.958620,everyday,2,False
TXN-0ebf84d446e1,CUST-0012,82,13446.83,UPI,PAYEE-1c806217,True,2026-10-09 17:07:33.273966,everyday,1,False
TXN-9ccb75fc4946,CUST-0069,81,10526.2,UPI,PAYEE-5052f929,False,2026-10-09 17:16:32.275677,everyday,2,False
TXN-29794d3d9279,CUST-0016,77,3092.69,UPI,PAYEE-9cd7b064,True,2026-10-09 17:50:33.608895,everyday,1,False
TXN-ecf5be7f1c68,CUST-0017,81,2592.08,UPI,PAYEE-74050e7d,True,2026-10-09 18:18:17.045576,everyday,0,False
TXN-48a26637f01a,CUST-0095,85,11885.42,UPI,PAYEE-14760d89,False,2026-10-09 18:29:29.808203,everyday,2,False
TXN-123be1987faa,CUST-0018,61,8030.98,UPI,PAYEE-030500af,False,2026-10-09 18:41:49.137019,everyday,0,False
TXN-493786fdf19e,CUST-0037,69,12321.94,branch,PAYEE-5988bb5b,False,2026-10-09 18:50:22.393021,everyday,1,False
TXN-fa17179ed227,CUST-0085,81,8059.15,UPI,PAYEE-b9b3bf33,True,2026-10-09 18:56:00.280691,everyday,0,False
TXN-0b3e91355abc,CUST-0064,64,12776.58,branch,PAYEE-5febffe5,True,2026-10-09 19:21:08.742334,everyday,0,False
TXN-a6150c9a7f7b,CUST-0056,67,788.31,UPI,PAYEE-a84edc05,True,2026-10-09 19:48:41.677722,everyday,0,False
TXN-19d92fb91c7d,CUST-0097,67,12296.94,UPI,PAYEE-61be7af1,True,2026-10-09 21:11:39.943745,everyday,1,False
TXN-963a37e7a6e4,CUST-0070,76,9509.38,UPI,PAYEE-b686129d,False,2026-10-09 21:47:03.136449,everyday,1,False
TXN-94a3184e0651,CUST-0017,81,6434.8,branch,PAYEE-74050e7d,False,2026-10-09 22:21:01.559787,everyday,1,False
TXN-81de29c3d238,CUST-0000,72,11453.24,UPI,PAYEE-7dd02aa2,False,2026-10-09 22:52:48.899435,everyday,0,False
TXN-95851f8419e1,CUST-0056,67,5034.07,UPI,PAYEE-45524fe3,True,2026-10-09 23:44:05.084599,everyday,1,False
TXN-b86f03b013f4,CUST-0031,77,9496.71,UPI,PAYEE-d7aac2fd,True,2026-10-10 00:01:28.600142,everyday,1,False
TXN-35bea511501d,CUST-0063,76,2656.89,RTGS,PAYEE-be44c1e4,True,2026-10-10 00:25:55.142245,everyday,0,False
TXN-b0ac5ed02201,CUST-0028,70,1181.58,RTGS,PAYEE-06e7038b,False,2026-10-10 00:58:21.039918,everyday,0,False
TXN-7641ba82605b,CUST-0069,81,8694.86,UPI,PAYEE-df0e2209,True,2026-10-10 01:24:00.069158,everyday,2,False
TXN-ebb49bbadcc2,CUST-0006,84,3398.37,UPI,PAYEE-089af86e,False,2026-10-10 01:34:36.932380,everyday,1,False
TXN-225203d89fca,CUST-0046,63,14583.88,UPI,PAYEE-16fa9b3c,False,2026-10-10 01:58:54.768243,everyday,0,False
TXN-ad29b6cada84,CUST-0050,75,13044.83,RTGS,PAYEE-e6db33ac,True,2026-10-10 02:00:57.553267,everyday,0,False
TXN-2ae8783d9bdf,CUST-0041,81,74539.3,UPI,PAYEE-ab01fe0c,False,2026-10-10 02:02:10.374253,everyday,0,False
TXN-c67a93520d2e,CUST-0036,76,11504.98,branch,PAYEE-cb2ae567,True,2026-10-10 02:24:38.288098,everyday,1,False
TXN-30ad04aa0944,CUST-0066,76,232.03,RTGS,PAYEE-532b8712,True,2026-10-10 02:27:19.164174,everyday,0,False
TXN-6471d7247f52,CUST-0073,68,7895.47,UPI,PAYEE-bf681041,True,2026-10-10 02:37:29.393995,everyday,0,False
TXN-689501fdad7d,CUST-0036,76,72954.8,RTGS,PAYEE-14ff77df,True,2026-10-10 03:16:44.351155,everyday,2,False
TXN-693a01d2b28c,CUST-0028,70,174.94,UPI,PAYEE-70b05b23,False,2026-10-10 03:22:39.466890,everyday,1,False
TXN-fef2fc789c1c,CUST-0035,63,4879.0,UPI,PAYEE-17451911,True,2026-10-10 03:28:10.452840,everyday,0,False
TXN-6aea39a19bdc,CUST-0053,79,8619.29,UPI,PAYEE-2a3d8a3b,True,2026-10-10 03:32:44.543265,everyday,1,False
TXN-c4ddd3508930,CUST-0064,64,3508.59,UPI,PAYEE-615f6a96,True,2026-10-10 04:04:34.614555,everyday,1,False
TXN-ca3b0f345731,CUST-0029,68,2983.13,UPI,PAYEE-704f94ac,False,2026-10-10 04:05:10.868542,everyday,0,False
TXN-2664949c6ae1,CUST-0003,81,11914.7,UPI,PAYEE-61060a09,False,2026-10-10 04:28:06.030097,everyday,0,False
TXN-08b6716015db,CUST-0085,81,3393.22,UPI,PAYEE-83bb7c6a,False,2026-10-10 04:47:49.797356,everyday,1,False
TXN-d98f21abacaf,CUST-0076,79,58062.42,UPI,PAYEE-f9e45894,False,2026-10-10 04:57:52.244273,everyday,2,False
TXN-ee171e2fa516,CUST-0089,77,1892.14,branch,PAYEE-e31f7129,True,2026-10-10 05:03:42.811045,everyday,1,False
TXN-1d86e7339eba,CUST-0032,84,9574.18,UPI,PAYEE-4a5ea3ea,False,2026-10-10 06:57:22.162471,everyday,0,False
TXN-97f8da5be399,CUST-0057,69,5895.99,RTGS,PAYEE-4e08a452,True,2026-10-10 07:01:30.600922,everyday,0,False
TXN-7a9950e82cf8,CUST-0019,63,9644.01,UPI,PAYEE-83b39533,False,2026-10-10 07:07:58.647518,everyday,0,False
TXN-baa99a50e770,CUST-0019,63,12140.1,UPI,PAYEE-83b39533,False,2026-10-10 07:19:19.326885,everyday,1,False
TXN-cfbcb280510f,CUST-0061,67,12814.62,RTGS,PAYEE-0f8549a6,False,2026-10-10 07:46:30.784314,everyday,0,False
TXN-cae347bf610b,CUST-0090,83,4204.51,UPI,PAYEE-5806f33b,True,2026-10-10 08:02:08.251043,everyday,0,False
TXN-3976e6269bcc,CUST-0080,64,4833.55,UPI,PAYEE-ec39a2cb,False,2026-10-10 08:31:30.600972,everyday,1,False
TXN-bfa273ee10ec,CUST-0036,76,11665.6,UPI,PAYEE-abeca232,True,2026-10-10 09:17:10.297739,everyday,2,False
TXN-907e8586b077,CUST-0067,81,9115.74,UPI,PAYEE-bdcabf45,True,2026-10-10 09:29:47.599771,everyday,0,False
TXN-55d9f8198da9,CUST-0029,68,5530.95,UPI,PAYEE-bc1a9789,False,2026-10-10 09:30:52.711663,everyday,1,False
TXN-3f4aeb7eb1d6,CUST-0075,82,74378.66,UPI,PAYEE-0cce087c,True,2026-10-10 10:10:14.289265,everyday,0,False
TXN-c2f709786bb3,CUST-0078,63,3239.14,UPI,PAYEE-f33a8f71,True,2026-10-10 10:20:40.279831,everyday,1,False
TXN-5552befb6847,CUST-0068,80,5414.07,UPI,PAYEE-c72b5f9a,True,2026-10-10 10:25:12.570977,everyday,1,False
TXN-dae7842d6215,CUST-0068,80,8499.72,branch,PAYEE-7deecca2,True,2026-10-10 10:29:52.117393,everyday,2,False
TXN-db1ec4fba9cd,CUST-0008,65,8510.93,UPI,PAYEE-5b08fdcc,True,2026-10-10 11:37:12.014520,everyday,1,False
TXN-b9b5bc37708f,CUST-0055,66,3445.77,UPI,PAYEE-58dcdb05,True,2026-10-10 11:41:39.172596,everyday,0,False
TXN-ac085cd141b6,CUST-0063,76,12325.57,UPI,PAYEE-6df5f3fd,True,2026-10-10 11:46:45.999896,everyday,1,False
TXN-b95909a31fa8,CUST-0044,69,2386.92,UPI,PAYEE-3da114a7,True,2026-10-10 11:58:14.171557,everyday,0,False
TXN-ac3eb0cd6430,CUST-0032,84,13615.39,UPI,PAYEE-28644c32,True,2026-10-10 12:09:08.402475,everyday,1,False
TXN-2ffdd0f1d5f4,CUST-0077,75,11993.26,UPI,PAYEE-c64d87c2,False,2026-10-10 12:11:46.810618,everyday,0,False
TXN-7ebced3bf06a,CUST-0044,69,2849.0,UPI,PAYEE-0ea2b7c4,True,2026-10-10 12:11:58.237643,everyday,1,False
TXN-d3e8f8b40b21,CUST-0049,68,7443.31,UPI,PAYEE-d880726b,False,2026-10-10 12:28:06.666567,everyday,0,False
TXN-e117b0f7f713,CUST-0036,76,1110.43,UPI,PAYEE-a10c0053,True,2026-10-10 12:40:12.951184,everyday,3,False
TXN-2943bc974fa2,CUST-0079,78,6194.19,UPI,PAYEE-74e1d9c7,False,2026-10-10 12:41:06.784503,everyday,1,False
TXN-c88c2e79151d,CUST-0063,76,8317.98,UPI,PAYEE-6df5f3fd,False,2026-10-10 12:57:26.642272,everyday,2,False
TXN-3acebcd6a237,CUST-0076,79,8315.95,branch,PAYEE-6fef9c51,False,2026-10-10 13:34:42.396011,everyday,1,False
TXN-a4496a33bf09,CUST-0065,60,5517.28,RTGS,PAYEE-1cbbf9c8,True,2026-10-10 14:17:07.573706,everyday,1,False
TXN-49c2a721db41,CUST-0091,70,12071.05,UPI,PAYEE-ee2521b8,False,2026-10-10 14:30:41.042225,everyday,0,False
TXN-198e8876a80e,CUST-0093,76,7872.92,branch,PAYEE-422d6cd2,False,2026-10-10 14:37:40.160678,everyday,0,False
TXN-af63537d0f16,CUST-0026,81,7092.41,UPI,PAYEE-5ec89820,True,2026-10-10 14:51:22.849863,everyday,0,False
TXN-5a03b0946f21,CUST-0032,84,9304.17,UPI,PAYEE-9a475378,True,2026-10-10 14:51:48.530419,everyday,2,False
TXN-a4545b90c255,CUST-0042,60,6089.93,UPI,PAYEE-a38fb5c1,False,2026-10-10 15:32:40.984314,everyday,0,False
TXN-f790774ef431,CUST-0056,67,11291.93,UPI,PAYEE-7cf30c31,True,2026-10-10 15:42:45.560415,everyday,2,False
TXN-cff7a6f91116,CUST-0072,85,3683.8,UPI,PAYEE-6e485e88,True,2026-10-10 15:46:34.253155,everyday,0,False
TXN-71ffd97f751a,CUST-0089,77,9556.0,branch,PAYEE-242e2bd2,False,2026-10-10 16:13:23.924358,everyday,1,False
TXN-b69426ca5276,CUST-0034,68,7908.64,UPI,PAYEE-e2b56d0b,False,2026-10-10 16:16:19.303454,everyday,0,False
TXN-069f9bd01c7b,CUST-0058,81,10887.77,UPI,PAYEE-2e8c6238,True,2026-10-10 16:19:45.460979,everyday,0,False
TXN-89313a3edddb,CUST-0085,81,5599.06,branch,PAYEE-216b40d4,True,2026-10-10 16:21:41.130997,everyday,2,False
TXN-5feb8635676d,CUST-0091,70,12107.87,branch,PAYEE-4f59eb89,False,2026-10-10 16:23:13.343089,everyday,1,False
TXN-1a65602efeae,CUST-0034,68,10485.86,UPI,PAYEE-dde95546,True,2026-10-10 17:03:00.829793,everyday,1,False
TXN-851b36a27c1c,CUST-0097,67,10835.47,UPI,PAYEE-2ef959de,False,2026-10-10 17:11:47.922420,everyday,1,False
TXN-3515acef4c2d,CUST-0033,75,12968.5,UPI,PAYEE-46f45abf,True,2026-10-10 17:38:58.959937,everyday,0,False
TXN-b4610e3c39ef,CUST-0066,76,120.86,UPI,PAYEE-2106690c,False,2026-10-10 17:41:04.372764,everyday,1,False
TXN-7c953673536d,CUST-0066,76,4034.17,UPI,PAYEE-532b8712,False,2026-10-10 17:44:14.284145,everyday,2,False
TXN-aafae9a79b47,CUST-0008,65,6323.64,UPI,PAYEE-c4bfa147,True,2026-10-10 17:49:59.121123,everyday,1,False
TXN-db7ac0e8ea6a,CUST-0077,75,53274.9,UPI,PAYEE-3ff35f0c,True,2026-10-10 18:34:05.207405,everyday,1,False
TXN-2787e36c3a64,CUST-0057,69,3459.81,UPI,PAYEE-6c4cd9f1,True,2026-10-10 18:46:38.101650,everyday,1,False
TXN-cf04a2618c30,CUST-0046,63,4643.2,UPI,PAYEE-4a16b5e5,True,2026-10-10 18:48:14.843680,everyday,1,False
TXN-7f0fbea92fc8,CUST-0084,83,12325.24,UPI,PAYEE-bea6088a,True,2026-10-10 19:08:37.332362,everyday,0,False
TXN-a3ca0c28b16a,CUST-0058,81,662.84,UPI,PAYEE-2d215146,False,2026-10-10 19:31:10.059799,everyday,1,False
TXN-edbf0e0c21aa,CUST-0004,73,5284.62,UPI,PAYEE-38962a5b,True,2026-10-10 21:27:31.095997,everyday,0,False
TXN-2430220f9b8c,CUST-0014,61,8403.57,UPI,PAYEE-9e23b134,True,2026-10-10 21:47:21.679474,everyday,0,False
TXN-bcc38953124a,CUST-0002,83,9658.08,UPI,PAYEE-7e97245d,True,2026-10-10 22:25:40.458412,everyday,0,False
TXN-bedf89692a02,CUST-0022,73,3391.34,UPI,PAYEE-d9e14c92,True,2026-10-10 22:26:28.560622,everyday,0,False
TXN-72429a5b1b2a,CUST-0026,81,5178.73,branch,PAYEE-5ec89820,False,2026-10-10 23:01:13.045438,everyday,1,False
TXN-513529a73cb5,CUST-0010,63,60344.07,branch,PAYEE-63a21f49,False,2026-10-10 23:24:48.232900,vault,0,False
TXN-b612fd1a78ca,CUST-0099,72,5468.9,UPI,PAYEE-47b672f2,False,2026-10-10 23:37:08.164506,everyday,0,False
TXN-e7b7a56db29b,CUST-0008,65,10883.63,UPI,PAYEE-8e65cc28,True,2026-10-11 00:01:14.397469,everyday,2,False
TXN-b9fc78ffe9d3,CUST-0091,70,11736.43,UPI,PAYEE-6b93dd6b,True,2026-10-11 00:18:34.387392,everyday,2,False
TXN-a6ec1c59df38,CUST-0042,60,905.01,UPI,PAYEE-361db909,True,2026-10-11 00:41:31.678944,everyday,1,False
TXN-5c87188816c2,CUST-0075,82,9833.16,UPI,PAYEE-d6775bed,False,2026-10-11 00:52:10.908234,everyday,1,False
TXN-4477ba93950e,CUST-0059,80,10345.61,RTGS,PAYEE-5a4867cb,False,2026-10-11 01:16:32.725379,everyday,0,False
TXN-05c0e39f5fa3,CUST-0093,76,4447.9,UPI,PAYEE-35bca7d5,False,2026-10-11 01:50:23.326611,everyday,1,False
TXN-feb1e0ef7178,CUST-0089,77,8233.6,UPI,PAYEE-e31f7129,False,2026-10-11 02:49:23.900550,everyday,2,False
TXN-f6ab41bf8871,CUST-0042,60,12007.71,UPI,PAYEE-8a1aacbf,False,2026-10-11 02:53:13.341716,everyday,2,False
TXN-a4cc0bcded68,CUST-0018,61,12390.23,UPI,PAYEE-4f590eed,True,2026-10-11 03:11:01.362203,everyday,0,False
TXN-44a08b6f58bf,CUST-0064,64,858.51,UPI,PAYEE-93c16f8b,False,2026-10-11 03:19:48.680849,everyday,1,False
TXN-cc3446b0587a,CUST-0005,82,14552.36,UPI,PAYEE-39c6392c,False,2026-10-11 03:45:50.718661,everyday,0,False
TXN-4b15719bb4af,CUST-0052,84,6786.18,UPI,PAYEE-4e448378,True,2026-10-11 04:03:56.923699,everyday,0,False
TXN-3eac051a566d,CUST-0079,78,6040.32,RTGS,PAYEE-b8af6528,False,2026-10-11 04:41:09.315276,everyday,1,False
TXN-f9ba821ec746,CUST-0072,85,3320.42,branch,PAYEE-cc993824,False,2026-10-11 05:07:26.761346,everyday,1,False
TXN-b93faf42f454,CUST-0039,71,3731.0,UPI,PAYEE-c3c730c6,False,2026-10-11 05:18:51.098000,everyday,0,False
TXN-758e455f02d7,CUST-0097,67,6492.06,UPI,PAYEE-7c413454,False,2026-10-11 05:35:24.048878,everyday,1,False
TXN-9f00a921e04d,CUST-0050,75,6568.18,UPI,PAYEE-00666be5,True,2026-10-11 06:03:22.644452,everyday,0,False
TXN-b5b512a5b2c8,CUST-0085,81,13498.01,UPI,PAYEE-83bb7c6a,False,2026-10-11 06:33:32.002353,everyday,1,False
TXN-d049ab3d36de,CUST-0099,72,11330.18,branch,PAYEE-28075c91,True,2026-10-11 07:17:12.149128,everyday,1,False
TXN-e9478badf79b,CUST-0058,81,1190.61,UPI,PAYEE-9722d426,False,2026-10-11 07:26:00.797840,everyday,2,False
TXN-59b8913578f1,CUST-0095,85,13420.42,RTGS,PAYEE-6f7617f2,True,2026-10-11 07:33:24.298433,everyday,0,False
TXN-d39e51d41a97,CUST-0096,74,11339.03,UPI,PAYEE-fd325506,True,2026-10-11 07:50:26.671009,everyday,0,False
TXN-027ae972b39c,CUST-0013,67,11212.49,UPI,PAYEE-cc062ea0,True,2026-10-11 08:03:38.822129,everyday,0,False
TXN-2c703135fd6f,CUST-0005,82,9933.12,branch,PAYEE-b0915e93,False,2026-10-11 08:29:21.256868,everyday,1,False
TXN-7539aa207aa1,CUST-0075,82,13574.43,branch,PAYEE-f12a18cd,False,2026-10-11 09:00:31.723944,everyday,2,False
TXN-e2419e9adc1a,CUST-0083,79,10266.86,branch,PAYEE-d738a96e,False,2026-10-11 09:19:35.562375,everyday,0,False
TXN-116191ea1c20,CUST-0058,81,8684.38,branch,PAYEE-b3a59257,False,2026-10-11 09:40:58.529741,everyday,3,False
TXN-bb6ca541d1d8,CUST-0047,78,1102.32,branch,PAYEE-2744ffb4,False,2026-10-11 10:04:04.334566,everyday,0,False
TXN-5d7cecaaa8cd,CUST-0069,81,10477.05,branch,PAYEE-fe2927a4,True,2026-10-11 10:37:17.756012,everyday,0,False
TXN-fe9cba10cbac,CUST-0061,67,10201.15,UPI,PAYEE-bac57dce,False,2026-10-11 10:48:01.619134,everyday,0,False
TXN-00db2abfa443,CUST-0071,64,14103.74,UPI,PAYEE-fc4c5f83,True,2026-10-11 10:57:30.360144,everyday,0,False
TXN-b8757fa32240,CUST-0069,81,1187.38,UPI,PAYEE-5052f929,False,2026-10-11 11:14:07.197374,everyday,1,False
TXN-516bccc5d6f2,CUST-0037,69,3193.8,UPI,PAYEE-efc0bdde,True,2026-10-11 11:17:39.407610,everyday,0,False
TXN-5ea1dbc5ced5,CUST-0049,68,7445.53,branch,PAYEE-d880726b,False,2026-10-11 11:42:54.350400,everyday,1,False
TXN-305e6f84e5f6,CUST-0002,83,677.0,UPI,PAYEE-cf276dd2,True,2026-10-11 11:45:14.636164,everyday,1,False
TXN-38aa50a11166,CUST-0030,65,7994.27,UPI,PAYEE-4d8b275e,False,2026-10-11 12:22:22.173317,everyday,0,False
TXN-2cd7f4570c65,CUST-0007,76,2788.2,branch,PAYEE-61bd8ada,True,2026-10-11 12:44:12.706550,everyday,0,False
TXN-ce6d172a725e,CUST-0008,65,9535.05,UPI,PAYEE-27d56ffb,False,2026-10-11 12:47:30.513009,everyday,2,False
TXN-4a4b003b216b,CUST-0092,71,7545.26,UPI,PAYEE-f88794d4,False,2026-10-11 12:51:52.174996,everyday,0,False
TXN-b8d8a9e16806,CUST-0003,81,8010.74,UPI,PAYEE-6830817c,False,2026-10-11 13:18:12.887576,everyday,0,False
TXN-c49551c9253e,CUST-0067,81,2255.55,UPI,PAYEE-e03d7e3c,True,2026-10-11 13:52:41.899725,everyday,0,False
TXN-4f1b891e8671,CUST-0071,64,9381.37,UPI,PAYEE-1cc67ddc,True,2026-10-11 14:05:56.991217,everyday,1,False
TXN-e181c357b2ee,CUST-0094,83,8168.33,UPI,PAYEE-7ffdbe3f,False,2026-10-11 14:07:04.038948,everyday,0,False
TXN-cfb790908eea,CUST-0044,69,14563.79,branch,PAYEE-483162ae,True,2026-10-11 14:14:49.360770,everyday,0,False
TXN-886289dfe818,CUST-0065,60,14841.6,UPI,PAYEE-60d6d986,False,2026-10-11 14:41:28.318184,everyday,0,False
TXN-9c78ebcee069,CUST-0064,64,1696.74,UPI,PAYEE-03be367c,True,2026-10-11 15:15:47.783403,everyday,1,False
TXN-fac5548f17d6,CUST-0092,71,2163.79,UPI,PAYEE-ff8e6be1,True,2026-10-11 15:42:46.819518,everyday,1,False
TXN-edfa6ae54ea9,CUST-0033,75,13969.65,RTGS,PAYEE-a737dd36,False,2026-10-11 15:58:21.814416,everyday,1,False
TXN-a3e6039e9a75,CUST-0046,63,8770.59,UPI,PAYEE-b71e28d5,True,2026-10-11 16:23:24.219423,everyday,1,False
TXN-ab87761e11c4,CUST-0049,68,1828.76,branch,PAYEE-691eb057,True,2026-10-11 16:41:40.141309,everyday,1,False
TXN-0b6daf4c3979,CUST-0073,68,408.84,RTGS,PAYEE-bf681041,False,2026-10-11 17:10:47.897845,everyday,0,False
TXN-501c32f63faf,CUST-0044,69,4690.42,UPI,PAYEE-53ae4557,False,2026-10-11 17:19:24.077924,everyday,1,False
TXN-631ffc349de2,CUST-0056,67,12408.66,UPI,PAYEE-b2b14008,True,2026-10-11 17:40:42.235144,everyday,0,False
TXN-abfe088f1d52,CUST-0058,81,10103.74,UPI,PAYEE-b3a59257,False,2026-10-11 17:49:21.477187,everyday,3,False
TXN-5fc75814d292,CUST-0091,70,12048.24,branch,PAYEE-da457a27,True,2026-10-11 18:11:02.513277,everyday,1,False
TXN-832e6bc39cb8,CUST-0017,81,4787.24,UPI,PAYEE-8bb593f7,True,2026-10-11 18:30:29.534268,everyday,0,False
TXN-eb65e09eca01,CUST-0034,68,8229.83,UPI,PAYEE-e2b56d0b,False,2026-10-11 19:12:22.148469,everyday,0,False
TXN-c7aa9ebbf1d1,CUST-0024,61,958.65,UPI,PAYEE-3c31602b,True,2026-10-11 19:28:12.211980,everyday,0,False
TXN-3003c0b0ff7d,CUST-0034,68,13357.53,UPI,PAYEE-e46f5f53,True,2026-10-11 19:52:00.324516,everyday,1,False
TXN-f6961b6cc5a6,CUST-0098,65,12510.65,UPI,PAYEE-d8e65550,False,2026-10-11 19:52:32.129404,everyday,0,False
TXN-5f4e124c7985,CUST-0060,64,6418.2,UPI,PAYEE-cd6de564,False,2026-10-11 20:13:05.835053,everyday,0,False
TXN-20e46bbf0303,CUST-0055,66,6162.45,UPI,PAYEE-58dcdb05,False,2026-10-11 20:15:35.017323,everyday,0,False
TXN-4d812ab63031,CUST-0077,75,10426.79,UPI,PAYEE-4bf9e394,True,2026-10-11 20:33:15.966305,everyday,0,False
TXN-e385f1629e7d,CUST-0046,63,12190.71,UPI,PAYEE-4728f3a8,True,2026-10-11 21:36:02.519484,everyday,1,False
TXN-1315826b6fa1,CUST-0002,83,13891.07,UPI,PAYEE-834a52cd,False,2026-10-11 22:14:22.054857,everyday,2,False
TXN-a41b40f6e7f9,CUST-0016,77,8680.6,UPI,PAYEE-c14e7b57,False,2026-10-11 22:48:40.272928,everyday,0,False
TXN-153aea9c9742,CUST-0088,78,7827.14,UPI,PAYEE-1a78a619,False,2026-10-11 22:50:56.282140,everyday,0,False
TXN-bf03a71300c9,CUST-0019,63,14015.47,UPI,PAYEE-86aa6cc6,True,2026-10-11 23:05:49.103702,everyday,0,False
TXN-4e22aef8a669,CUST-0043,65,868.28,UPI,PAYEE-80ad5acf,False,2026-10-11 23:12:40.405178,everyday,0,False
TXN-265d2f83f17b,CUST-0006,84,12916.09,branch,PAYEE-f7740036,False,2026-10-11 23:21:28.928059,everyday,0,False
TXN-24100ec89862,CUST-0064,64,55055.97,RTGS,PAYEE-d2324f8e,True,2026-10-12 00:16:36.028994,everyday,2,False
TXN-7f86a1698411,CUST-0050,75,9092.35,UPI,PAYEE-ab2da81a,True,2026-10-12 00:34:08.096639,everyday,1,False
TXN-14daa115522b,CUST-0099,72,5783.17,UPI,PAYEE-28075c91,False,2026-10-12 00:59:44.990225,everyday,1,False
TXN-53753a6bc570,CUST-0060,64,10861.45,UPI,PAYEE-0547fde7,False,2026-10-12 01:05:23.962072,everyday,1,False
TXN-6661af6df64d,CUST-0020,82,12688.21,UPI,PAYEE-146fc2ae,False,2026-10-12 01:37:18.978923,everyday,0,False
TXN-a22018793dac,CUST-0001,75,10396.19,UPI,PAYEE-1d2b212a,True,2026-10-12 01:50:07.831856,everyday,0,False
TXN-8ae1d1a088b3,CUST-0029,68,3360.4,UPI,PAYEE-b8e092f3,True,2026-10-12 01:59:36.000680,everyday,0,False
TXN-cfa357ce9cff,CUST-0087,73,983.82,UPI,PAYEE-2bfc7368,True,2026-10-12 02:00:11.364719,everyday,0,False
TXN-1cd6e5affae6,CUST-0094,83,8060.68,UPI,PAYEE-6425456a,False,2026-10-12 02:40:04.604128,everyday,1,False
TXN-d6311a7fd2d8,CUST-0087,73,13999.37,UPI,PAYEE-f0a25871,False,2026-10-12 02:58:10.611158,everyday,1,False
TXN-3dd8b3a9d182,CUST-0019,63,7892.78,branch,PAYEE-48a1839e,False,2026-10-12 03:44:45.564871,everyday,1,False
TXN-e5bf65881490,CUST-0071,64,2870.13,UPI,PAYEE-4f573ffd,True,2026-10-12 03:48:51.425082,everyday,2,False
TXN-3369346f9a8a,CUST-0020,82,10832.29,UPI,PAYEE-413687ae,True,2026-10-12 04:25:18.768185,everyday,1,False
TXN-9e12fa5058d4,CUST-0074,82,52652.87,UPI,PAYEE-a42c098e,True,2026-10-12 04:38:24.106262,vault,0,False
TXN-c941318c3161,CUST-0045,69,6597.42,UPI,PAYEE-16d1a7c2,False,2026-10-12 04:42:20.143803,everyday,0,False
TXN-fa6b0b86ff3d,CUST-0021,78,1752.72,UPI,PAYEE-3a32a62e,False,2026-10-12 04:59:07.301976,everyday,0,False
TXN-9b410bb15e2b,CUST-0068,80,6668.33,UPI,PAYEE-f148d7e1,False,2026-10-12 05:03:06.583796,everyday,0,False
TXN-58937b6b8b40,CUST-0083,79,10889.6,UPI,PAYEE-fc7da152,True,2026-10-12 05:27:56.244688,everyday,1,False
TXN-2c27e35c9c24,CUST-0007,76,10971.23,UPI,PAYEE-61bd8ada,False,2026-10-12 05:29:48.252745,everyday,1,False
TXN-b4bfb792938d,CUST-0089,77,13265.38,branch,PAYEE-242e2bd2,False,2026-10-12 05:50:05.650272,everyday,0,False
TXN-b60ad863f77f,CUST-0008,65,9534.26,UPI,PAYEE-45c70178,True,2026-10-12 06:51:35.899583,everyday,1,False
TXN-90c45f7a92c5,CUST-0024,61,74152.57,UPI,PAYEE-64c8310c,False,2026-10-12 07:03:44.372286,vault,1,False
TXN-39d8fe277463,CUST-0035,63,9383.33,RTGS,PAYEE-3e36e0fb,False,2026-10-12 07:09:24.488369,everyday,0,False
TXN-78f04a2cd4df,CUST-0061,67,13983.52,branch,PAYEE-470cc6ac,True,2026-10-12 07:26:50.755759,everyday,1,False
TXN-3af9acbb37e0,CUST-0056,67,4000.65,UPI,PAYEE-7cf30c31,False,2026-10-12 08:49:27.788516,everyday,1,False
TXN-a61cb7d7bced,CUST-0016,77,2118.79,UPI,PAYEE-37d7db08,False,2026-10-12 09:31:14.766333,everyday,1,False
TXN-00ac15c32d0c,CUST-0095,85,11046.15,UPI,PAYEE-b623730c,True,2026-10-12 09:36:43.891101,everyday,0,False
TXN-1cdcc31a6e93,CUST-0005,82,6220.55,UPI,PAYEE-2930c2b5,False,2026-10-12 10:29:11.132887,everyday,0,False
TXN-1a0303b7ce4d,CUST-0025,70,7136.07,UPI,PAYEE-cc89c645,False,2026-10-12 10:48:06.617736,everyday,0,False
TXN-b47d8c083021,CUST-0054,70,6611.56,UPI,PAYEE-6abe6552,True,2026-10-12 11:02:52.468860,everyday,0,False
TXN-8d849be69d11,CUST-0097,67,62642.7,UPI,PAYEE-61be7af1,False,2026-10-12 11:03:14.432253,vault,0,False
TXN-ac041cfb896a,CUST-0081,68,3285.32,UPI,PAYEE-1997c1be,True,2026-10-12 11:22:09.621151,everyday,0,False
TXN-6a0c231b302b,CUST-0090,83,8527.74,UPI,PAYEE-dafa327a,True,2026-10-12 11:27:46.086056,everyday,0,False
TXN-119f40d60a64,CUST-0031,77,8843.72,UPI,PAYEE-aed6f5ee,True,2026-10-12 11:31:29.053423,everyday,0,False
TXN-02444926d8d0,CUST-0039,71,6532.56,UPI,PAYEE-e06a633e,True,2026-10-12 11:36:30.681669,everyday,0,False
TXN-a36f7a8afffd,CUST-0010,63,1980.83,UPI,PAYEE-824e994b,False,2026-10-12 11:39:18.609177,everyday,0,False
TXN-01b4e8a6e668,CUST-0051,81,1630179.54,RTGS,SCAM-6a51f1ff,True,2026-10-12 11:48:31.172627,everyday,0,False
TXN-fc55a7ebd2b0,CUST-0055,66,9033.68,UPI,PAYEE-c5012915,True,2026-10-12 12:25:20.704317,everyday,1,False
TXN-8db003f2f885,CUST-0083,79,2900.76,UPI,PAYEE-8322bea8,True,2026-10-12 12:31:40.457282,everyday,1,False
TXN-855a920f0418,CUST-0097,67,7099.31,UPI,PAYEE-93e7c461,True,2026-10-12 12:34:59.545566,everyday,1,False
TXN-350be3f44087,CUST-0041,81,9752.11,UPI,PAYEE-6defe39a,True,2026-10-12 12:35:52.246027,everyday,0,False
TXN-30703babba10,CUST-0054,70,8995.37,UPI,PAYEE-0f2b8c17,True,2026-10-12 13:14:06.177601,everyday,1,False
TXN-795b95ede36e,CUST-0022,73,11371.21,UPI,PAYEE-ba111c2f,True,2026-10-12 14:42:59.003117,everyday,0,False
TXN-6c640b9595a5,CUST-0008,65,7888.95,UPI,PAYEE-aede0b6e,True,2026-10-12 14:56:23.722284,everyday,1,False
TXN-aa14376ba80c,CUST-0092,71,1503.01,UPI,PAYEE-5285f99b,True,2026-10-12 14:57:53.356485,everyday,1,False
TXN-19869c5ac312,CUST-0093,76,7234.41,UPI,PAYEE-7b21819c,True,2026-10-12 15:24:21.497627,everyday,0,False
TXN-3480961fe0d5,CUST-0029,68,2182909.02,RTGS,SCAM-43f72648,True,2026-10-12 15:26:25.917993,everyday,1,False
TXN-cf4f31dea487,CUST-0021,78,11484.34,RTGS,PAYEE-c9b7dd3f,True,2026-10-12 15:39:51.176019,everyday,1,False
TXN-8a3534782c25,CUST-0017,81,11087.09,branch,PAYEE-bdfb2af3,True,2026-10-12 15:57:42.342682,everyday,1,False
TXN-6c76549d6a78,CUST-0002,83,3386.03,UPI,PAYEE-674cb350,False,2026-10-12 15:58:37.870814,everyday,1,False
TXN-68aac63fa7fd,CUST-0074,82,6430.01,UPI,PAYEE-c12fe6d4,False,2026-10-12 16:23:20.999520,everyday,1,False
TXN-847cff95538a,CUST-0001,75,13546.4,UPI,PAYEE-3269f76f,True,2026-10-12 17:06:13.195668,everyday,1,False
TXN-302ab2d45040,CUST-0089,77,14268.57,UPI,PAYEE-242e2bd2,False,2026-10-12 17:31:11.129872,everyday,1,False
TXN-25d9a799ea86,CUST-0096,74,8934.76,UPI,PAYEE-194b3af4,True,2026-10-12 17:43:47.941812,everyday,0,False
TXN-04e33366b476,CUST-0067,81,1964.49,UPI,PAYEE-ebc52155,False,2026-10-12 18:26:58.164797,everyday,0,False
TXN-1db3f0c3afbd,CUST-0012,82,7781.04,UPI,PAYEE-1c806217,False,2026-10-12 18:55:38.291750,everyday,0,False
TXN-8a6070a49d9b,CUST-0087,73,12455.55,UPI,PAYEE-60131b8f,True,2026-10-12 19:21:01.397976,everyday,2,False
TXN-923b2a76e998,CUST-0058,81,6921.64,RTGS,PAYEE-683ab287,False,2026-10-12 19:21:25.015199,everyday,0,False
TXN-6d66a06013bd,CUST-0095,85,5612.53,UPI,PAYEE-240e872f,False,2026-10-12 19:24:12.028765,everyday,1,False
TXN-ddfed1d30942,CUST-0083,79,4319.6,UPI,PAYEE-893fedd9,False,2026-10-12 19:34:20.133949,everyday,2,False
TXN-8f89b5043e35,CUST-0056,67,3187.27,branch,PAYEE-c648670a,True,2026-10-12 21:02:52.736336,everyday,1,False
TXN-74880553e082,CUST-0037,69,4926.47,UPI,PAYEE-cf028044,True,2026-10-12 21:09:19.853238,everyday,0,False
TXN-1e5cc61ef308,CUST-0014,61,7235.92,UPI,PAYEE-9e23b134,False,2026-10-12 21:34:30.298940,everyday,0,False
TXN-159a34e7157a,CUST-0047,78,6164.4,UPI,PAYEE-6aec87e5,False,2026-10-12 21:45:51.971101,everyday,0,False
TXN-0486d16b8d10,CUST-0011,71,2033.59,branch,PAYEE-f0340a5f,True,2026-10-12 22:40:30.670158,everyday,0,False
TXN-dd1a5ff3b9cf,CUST-0059,80,12950.14,UPI,PAYEE-c118891b,True,2026-10-12 22:44:09.674462,everyday,0,False
TXN-e921f11d1cc0,CUST-0098,65,5138.55,UPI,PAYEE-ff09e4aa,False,2026-10-13 00:24:11.199759,everyday,0,False
TXN-c0f4cc5b0fb9,CUST-0048,73,2837.72,UPI,PAYEE-9a3825a1,True,2026-10-13 00:28:35.515138,everyday,0,False
TXN-a3646e513365,CUST-0026,81,11022.71,UPI,PAYEE-70f9d275,False,2026-10-13 00:33:35.317016,everyday,0,False
TXN-ecce98994684,CUST-0095,85,14756.13,UPI,PAYEE-240e872f,False,2026-10-13 01:21:03.845678,everyday,2,False
TXN-04823afc660d,CUST-0074,82,13179.3,UPI,PAYEE-a42c098e,False,2026-10-13 02:07:05.990647,everyday,2,False
TXN-02e642a53478,CUST-0096,74,63948.34,UPI,PAYEE-d9031855,True,2026-10-13 02:20:02.441109,FD,1,True
TXN-fb31f54db81f,CUST-0028,70,3491.92,UPI,PAYEE-06e7038b,False,2026-10-13 03:12:09.269665,everyday,0,False
TXN-78859135b32a,CUST-0052,84,6687.94,UPI,PAYEE-4592d372,True,2026-10-13 03:14:38.789045,everyday,0,False
TXN-f0bf2c03d35a,CUST-0044,69,8144.01,UPI,PAYEE-867d884a,True,2026-10-13 03:17:05.562529,everyday,0,False
TXN-31de808c2c21,CUST-0024,61,9865.47,RTGS,PAYEE-d72e3f79,True,2026-10-13 03:18:40.334876,everyday,1,False
TXN-d9343ef55d54,CUST-0091,70,3059.43,UPI,PAYEE-d88a6e18,True,2026-10-13 03:20:19.336660,everyday,0,False
TXN-d525595ca440,CUST-0085,81,279.79,UPI,PAYEE-24872bd2,False,2026-10-13 04:12:29.287089,everyday,0,False
TXN-7a1224779e92,CUST-0011,71,9664.42,UPI,PAYEE-c1b72bd3,False,2026-10-13 04:23:11.829322,everyday,1,False
TXN-2e22f7effa25,CUST-0099,72,8310.26,UPI,PAYEE-8cbcc715,True,2026-10-13 05:02:28.265574,everyday,0,False
TXN-2a86d873b082,CUST-0065,60,9285.36,UPI,PAYEE-57892d44,True,2026-10-13 05:15:14.317685,everyday,0,False
TXN-7f8d74bb7e35,CUST-0004,73,10675.76,UPI,PAYEE-42a34780,True,2026-10-13 05:45:11.861455,everyday,0,False
TXN-e71a68344822,CUST-0075,82,52886.18,UPI,PAYEE-f12a18cd,False,2026-10-13 05:46:46.943138,everyday,0,False
TXN-62629b157325,CUST-0068,80,8574.13,UPI,PAYEE-a8f25176,False,2026-10-13 06:30:14.133124,everyday,0,False
TXN-2a6922cde3da,CUST-0022,73,2440.85,UPI,PAYEE-b021f358,True,2026-10-13 06:40:53.412026,everyday,1,False
TXN-f39d62093799,CUST-0053,79,10945.18,UPI,PAYEE-dcb2e32c,True,2026-10-13 06:55:56.623832,everyday,0,False
TXN-84d531e8b3e2,CUST-0025,70,4018.61,UPI,PAYEE-cc89c645,False,2026-10-13 07:01:28.149529,everyday,1,False
TXN-bcc711b45873,CUST-0069,81,1958.71,UPI,PAYEE-bf64c603,False,2026-10-13 07:28:42.613690,everyday,0,False
TXN-63d2d2bb039c,CUST-0041,81,8259.43,UPI,PAYEE-950b284f,False,2026-10-13 08:05:56.803063,everyday,1,False
TXN-96abb672dad5,CUST-0096,74,2520.11,UPI,PAYEE-3532de82,True,2026-10-13 08:50:34.908685,everyday,2,False
TXN-233e41420da9,CUST-0016,77,52791.93,UPI,PAYEE-c14e7b57,False,2026-10-13 09:56:35.700839,everyday,0,False
TXN-d3570af09e36,CUST-0007,76,8314.89,branch,PAYEE-864f5a65,True,2026-10-13 09:56:44.776491,everyday,0,False
TXN-951a0c28b426,CUST-0038,75,10608.47,UPI,PAYEE-6f270fb1,True,2026-10-13 09:59:09.919899,everyday,0,False
TXN-e0f23c01bc7d,CUST-0082,78,5751.73,UPI,PAYEE-9729730b,True,2026-10-13 10:04:03.347669,everyday,0,False
TXN-5c28216a4651,CUST-0029,68,5497.12,branch,PAYEE-db78469a,True,2026-10-13 10:31:18.671767,everyday,1,False
TXN-fedeb6045b0c,CUST-0009,78,3408.37,UPI,PAYEE-85438a03,True,2026-10-13 10:43:32.779883,everyday,0,False
TXN-916dfc72568f,CUST-0088,78,52763.72,RTGS,PAYEE-afc0c763,False,2026-10-13 10:51:19.177892,vault,0,False
TXN-47c0e9befde5,CUST-0088,78,7387.72,UPI,PAYEE-ac501de2,False,2026-10-13 10:53:31.432283,everyday,1,False
TXN-bcee20789174,CUST-0002,83,3287.9,UPI,PAYEE-cf276dd2,False,2026-10-13 11:21:26.814795,everyday,1,False
TXN-de4c8e64f6b8,CUST-0034,68,11723.82,RTGS,PAYEE-1e60627f,True,2026-10-13 11:53:44.279106,everyday,0,False
TXN-111c10cdfcb6,CUST-0010,63,4439.95,UPI,PAYEE-63a21f49,False,2026-10-13 11:55:43.206781,everyday,0,False
TXN-9f249f1623fd,CUST-0045,69,12530.22,UPI,PAYEE-c0e17b8e,False,2026-10-13 12:21:10.353443,everyday,0,False
TXN-c5cf6bcc9bf4,CUST-0045,69,8423.96,UPI,PAYEE-16d1a7c2,False,2026-10-13 12:29:21.499238,everyday,1,False
TXN-80a9486cb53b,CUST-0064,64,14620.05,branch,PAYEE-505a4f09,True,2026-10-13 13:08:07.796748,everyday,0,False
TXN-e1096f77302f,CUST-0065,60,10788.16,RTGS,PAYEE-8dc83f22,True,2026-10-13 13:40:58.785540,everyday,1,False
TXN-71692a601700,CUST-0006,84,5628.07,RTGS,PAYEE-f7740036,False,2026-10-13 13:46:16.544851,everyday,0,False
TXN-7e628055be23,CUST-0024,61,5100.92,UPI,PAYEE-64c8310c,False,2026-10-13 14:44:24.896735,everyday,1,False
TXN-a231dbb78188,CUST-0040,71,260.67,UPI,PAYEE-367cb247,False,2026-10-13 15:07:53.749730,everyday,0,False
TXN-4bd1310c9916,CUST-0077,75,11958.25,UPI,PAYEE-4bf9e394,False,2026-10-13 15:08:10.554024,everyday,0,False
TXN-d5e65c45bdcf,CUST-0031,77,14391.3,UPI,PAYEE-7b67d628,False,2026-10-13 15:29:41.574075,everyday,0,False
TXN-00ad77ae8e68,CUST-0090,83,12764.48,UPI,PAYEE-cac046bc,True,2026-10-13 15:36:19.313514,everyday,0,False
TXN-f1a9798dfb23,CUST-0032,84,9512.51,UPI,PAYEE-28644c32,False,2026-10-13 15:42:28.336490,everyday,0,False
TXN-b330c00b815e,CUST-0056,67,3637.07,branch,PAYEE-15166354,True,2026-10-13 15:53:02.475960,everyday,1,False
TXN-946accc84fc9,CUST-0049,68,10426.05,UPI,PAYEE-a45540f9,False,2026-10-13 16:46:10.145184,everyday,0,False
TXN-512abcf4ff71,CUST-0030,65,2406.2,UPI,PAYEE-3ee4faf6,True,2026-10-13 16:57:51.530947,everyday,0,False
TXN-c53d901335a1,CUST-0071,64,11932.08,RTGS,PAYEE-05344258,True,2026-10-13 17:05:27.138019,everyday,0,False
TXN-fe6a1f31056e,CUST-0008,65,9305.79,UPI,PAYEE-5b08fdcc,False,2026-10-13 17:17:26.291909,everyday,0,False
TXN-4a2ed2bb284d,CUST-0095,85,70905.68,UPI,PAYEE-fd62ef5f,False,2026-10-13 17:39:00.863939,FD,2,True
TXN-69b34ca8a2b3,CUST-0079,78,4380.34,RTGS,PAYEE-74e1d9c7,False,2026-10-13 17:54:10.815959,everyday,0,False
TXN-92a3aba4bcac,CUST-0057,69,5338.47,UPI,PAYEE-1e51a0be,True,2026-10-13 18:47:37.274566,everyday,0,False
TXN-6f15c2f256c9,CUST-0065,60,3548.27,UPI,PAYEE-c14d5a37,True,2026-10-13 19:29:32.769774,everyday,2,False
TXN-cdd23b016f5d,CUST-0073,68,5049.11,UPI,PAYEE-ac0550ac,False,2026-10-13 20:06:15.247922,everyday,0,False
TXN-b8a62b4c8ec3,CUST-0046,63,500.81,branch,PAYEE-d90a4b50,False,2026-10-13 20:16:00.109176,everyday,0,False
TXN-108dcf537b58,CUST-0015,78,11444.06,UPI,PAYEE-96fc4c18,True,2026-10-13 22:18:18.905410,everyday,0,False
TXN-5f62a9c8408d,CUST-0015,78,11774.87,UPI,PAYEE-d0d9fbe2,True,2026-10-13 22:55:49.876653,everyday,1,False
TXN-fea663988c7b,CUST-0086,63,7110.54,UPI,PAYEE-916670d7,True,2026-10-13 23:03:02.665851,everyday,0,False
TXN-cb8723e6c7f3,CUST-0031,77,12231.44,branch,PAYEE-ca18a8c7,False,2026-10-13 23:11:51.004486,everyday,1,False
TXN-826fe566b75e,CUST-0095,85,55006.46,UPI,PAYEE-14760d89,False,2026-10-13 23:43:25.550275,vault,2,False
TXN-a22810b8dc11,CUST-0096,74,1309.22,UPI,PAYEE-bc53f672,True,2026-10-13 23:44:16.600408,everyday,2,False
TXN-00b5bddec415,CUST-0079,78,11677.98,branch,PAYEE-85edfdaa,False,2026-10-14 00:01:54.802202,everyday,1,False
TXN-c5019570eba6,CUST-0073,68,8734.8,branch,PAYEE-009c8ee0,False,2026-10-14 00:05:27.343135,everyday,1,False
TXN-d8c6b80eb668,CUST-0025,70,4433.33,branch,PAYEE-2fd97b1b,False,2026-10-14 00:14:20.276252,everyday,1,False
TXN-63ea86fab01e,CUST-0043,65,10977.26,branch,PAYEE-54fbd4c9,False,2026-10-14 00:39:32.682127,everyday,0,False
TXN-3ec5ef3192dd,CUST-0002,83,57836.46,UPI,PAYEE-674cb350,False,2026-10-14 00:53:09.262200,everyday,1,False
TXN-e4ab3434c1a1,CUST-0016,77,4586.86,UPI,PAYEE-a087ab75,True,2026-10-14 00:58:00.889929,everyday,1,False
TXN-a04ffa6b892d,CUST-0084,83,3941.76,UPI,PAYEE-4b07ab9a,False,2026-10-14 01:07:09.807122,everyday,0,False
TXN-4d314a2d8fee,CUST-0003,81,64706.05,UPI,PAYEE-7440eb73,False,2026-10-14 01:33:02.679860,vault,0,False
TXN-f4746f585fe7,CUST-0060,64,1954.71,RTGS,PAYEE-cd6de564,False,2026-10-14 02:08:04.274369,everyday,0,False
TXN-9eb106da9b66,CUST-0075,82,9597.2,UPI,PAYEE-fb596286,False,2026-10-14 03:00:38.501736,everyday,1,False
TXN-66e4986f4176,CUST-0075,82,1966.04,branch,PAYEE-c8c64df5,True,2026-10-14 03:19:33.799171,everyday,2,False
TXN-1eed0bd38c80,CUST-0004,73,1164.01,UPI,PAYEE-5109053b,True,2026-10-14 04:11:25.738962,everyday,1,False
TXN-bff68d0c8f8f,CUST-0087,73,61472.19,UPI,PAYEE-36d5fdb7,True,2026-10-14 04:52:27.364371,vault,0,False
TXN-f3043c115a70,CUST-0026,81,2046.76,RTGS,PAYEE-9f391892,True,2026-10-14 05:17:42.985640,everyday,0,False
TXN-90d6c064a01d,CUST-0057,69,12087.12,UPI,PAYEE-9247780f,True,2026-10-14 06:00:56.578097,everyday,1,False
TXN-ffbbc653c04b,CUST-0093,76,1104.27,UPI,PAYEE-35bca7d5,False,2026-10-14 06:15:25.736703,everyday,0,False
TXN-9d1a80165f47,CUST-0046,63,13213.87,UPI,PAYEE-b71e28d5,False,2026-10-14 06:38:25.531033,everyday,1,False
TXN-13c4a1aa4447,CUST-0032,84,13293.52,UPI,PAYEE-3ed216d1,False,2026-10-14 07:04:31.826302,everyday,1,False
TXN-f0cb0efcdbe5,CUST-0076,79,11054.76,UPI,PAYEE-00222767,False,2026-10-14 07:21:00.443011,everyday,0,False
TXN-5eb46d50d9e9,CUST-0074,82,1543.27,UPI,PAYEE-c12fe6d4,False,2026-10-14 07:32:50.747959,everyday,0,False
TXN-61eca0bbffcf,CUST-0067,81,7959.01,RTGS,PAYEE-54bf04a0,True,2026-10-14 07:39:39.665778,everyday,0,False
TXN-a33e71e9685d,CUST-0079,78,1980.06,UPI,PAYEE-122e644e,True,2026-10-14 07:58:17.923708,everyday,2,False
TXN-45efc9686c2f,CUST-0055,66,9596.72,UPI,PAYEE-6bb3d17b,True,2026-10-14 08:07:46.220870,everyday,0,False
TXN-a77bbcb7579a,CUST-0096,74,12283.78,UPI,PAYEE-c61542d2,True,2026-10-14 09:04:15.765813,everyday,1,False
TXN-b0b49bd99c3a,CUST-0086,63,11144.74,branch,PAYEE-57f122c2,True,2026-10-14 09:34:32.350860,everyday,1,False
TXN-f49f504dcd43,CUST-0013,67,4921.66,UPI,PAYEE-dad5f2d8,False,2026-10-14 09:38:58.472522,everyday,0,False
TXN-7afdc3cbe101,CUST-0097,67,2009.19,UPI,PAYEE-541e6b20,True,2026-10-14 09:53:46.716178,everyday,0,False
TXN-a0dd5597ceda,CUST-0050,75,7152.74,UPI,PAYEE-f99f8dde,False,2026-10-14 10:47:39.419512,everyday,0,False
TXN-b87be3f6199d,CUST-0008,65,7655.31,UPI,PAYEE-f18cae4f,False,2026-10-14 11:48:29.759863,everyday,1,False
TXN-a5c658a2a502,CUST-0002,83,12475.48,UPI,PAYEE-cf276dd2,False,2026-10-14 12:03:00.810784,everyday,1,False
TXN-c4291ab6a29e,CUST-0003,81,6300.99,UPI,PAYEE-ab418293,False,2026-10-14 12:22:13.492992,everyday,1,False
TXN-490515206ef9,CUST-0008,65,4890.75,UPI,PAYEE-f18cae4f,False,2026-10-14 12:22:35.898567,everyday,2,False
TXN-4dd4b034fccd,CUST-0054,70,2606.01,UPI,PAYEE-0f2b8c17,False,2026-10-14 13:15:15.267082,everyday,0,False
TXN-4d24d255a947,CUST-0089,77,5224.14,UPI,PAYEE-242e2bd2,False,2026-10-14 13:30:53.863337,everyday,0,False
TXN-b0c64fcc1ff9,CUST-0095,85,3281.35,UPI,PAYEE-240e872f,False,2026-10-14 13:40:12.948925,everyday,2,False
TXN-84c2f44f1726,CUST-0073,68,2284.09,UPI,PAYEE-4e238a96,True,2026-10-14 13:53:01.585728,everyday,2,False
TXN-343ae73d28ab,CUST-0019,63,3655.7,UPI,PAYEE-83b39533,False,2026-10-14 14:25:39.815234,everyday,0,False
TXN-a638472b5776,CUST-0055,66,9326.54,UPI,PAYEE-6efbcb29,True,2026-10-14 14:56:06.970657,everyday,1,False
TXN-587594bcc466,CUST-0053,79,4984.92,UPI,PAYEE-2a3d8a3b,False,2026-10-14 15:06:10.459589,everyday,0,False
TXN-e0d68695d2a3,CUST-0019,63,10713.62,UPI,PAYEE-3cc09dfa,True,2026-10-14 15:44:32.639745,everyday,1,False
TXN-765042360272,CUST-0002,83,10469.09,UPI,PAYEE-1faf8d32,True,2026-10-14 16:39:09.051619,everyday,2,False
TXN-ea92f45cd230,CUST-0093,76,5625.28,UPI,PAYEE-591007bf,True,2026-10-14 17:12:29.896609,everyday,1,False
TXN-283de96c996b,CUST-0098,65,75810.74,UPI,PAYEE-ff09e4aa,False,2026-10-14 17:40:36.193495,vault,0,False
TXN-a6165ef55e50,CUST-0091,70,14487.27,UPI,PAYEE-fc596033,True,2026-10-14 17:54:26.252286,everyday,0,False
TXN-dc5a43599ab4,CUST-0042,60,10413.94,UPI,PAYEE-e7dd78f1,True,2026-10-14 18:10:36.573524,everyday,0,False
TXN-54cc1ace937d,CUST-0083,79,1446.94,branch,PAYEE-8322bea8,False,2026-10-14 18:16:25.442656,everyday,0,False
TXN-6be8ba8e58aa,CUST-0069,81,7895.23,branch,PAYEE-a28538f9,True,2026-10-14 18:21:10.680117,everyday,0,False
TXN-c141719bc352,CUST-0038,75,14076.56,UPI,PAYEE-fb2dcf87,False,2026-10-14 18:44:42.920312,everyday,0,False
TXN-8924aff2e592,CUST-0075,82,2700.0,UPI,PAYEE-0f5c0950,False,2026-10-14 18:49:36.680024,everyday,2,False
TXN-11d6ef3de66e,CUST-0012,82,14972.03,UPI,PAYEE-1c806217,False,2026-10-14 18:57:27.874995,everyday,0,False
TXN-cbd3b31e1f62,CUST-0031,77,11660.97,UPI,PAYEE-ca18a8c7,False,2026-10-14 19:15:02.969400,everyday,1,False
TXN-c8d8057f115e,CUST-0049,68,1680.44,UPI,PAYEE-f374a88d,True,2026-10-14 19:22:04.403736,everyday,0,False
TXN-fd08f7fed257,CUST-0067,81,12746.4,branch,PAYEE-7822565d,True,2026-10-14 19:28:46.696080,everyday,1,False
TXN-251c86f48826,CUST-0015,78,3934.17,branch,PAYEE-25278819,True,2026-10-14 19:47:48.763978,everyday,2,False
TXN-d5d9604341a5,CUST-0039,71,4955.46,UPI,PAYEE-d8269d2f,False,2026-10-14 19:54:06.818320,everyday,0,False
TXN-47d48863b318,CUST-0044,69,6200.96,RTGS,PAYEE-ddaa4fff,False,2026-10-14 20:43:34.948208,everyday,0,False
TXN-5a30ee53a74e,CUST-0054,70,11542.69,UPI,PAYEE-45e20c42,True,2026-10-14 21:08:19.042227,everyday,1,False
TXN-0d2b25303891,CUST-0016,77,8749.72,UPI,PAYEE-c14e7b57,False,2026-10-14 21:24:19.836569,everyday,1,False
TXN-bcaa6d3b5728,CUST-0076,79,13993.84,UPI,PAYEE-6bed667e,True,2026-10-14 21:43:18.575623,everyday,1,False
TXN-515d26704626,CUST-0094,83,6324.11,branch,PAYEE-9e02f4fe,True,2026-10-14 21:43:56.464417,everyday,0,False
TXN-5669b4095e05,CUST-0037,69,9235.7,UPI,PAYEE-d31e8eda,True,2026-10-14 21:46:36.646362,everyday,0,False
TXN-cbd446e2f67f,CUST-0042,60,7999.97,UPI,PAYEE-b26bb31c,True,2026-10-14 22:14:07.890329,everyday,1,False
TXN-6dc4451986dc,CUST-0003,81,4124.23,branch,PAYEE-7440eb73,False,2026-10-14 22:42:32.816077,everyday,2,False
TXN-e0f1708822ff,CUST-0081,68,9816.17,UPI,PAYEE-3f5504d5,False,2026-10-14 23:34:28.682535,everyday,0,False
TXN-9cf73a26e9ed,CUST-0089,77,5907.61,UPI,PAYEE-e9f5d076,True,2026-10-15 00:57:46.749352,everyday,1,False
TXN-9c7ebf88c7ab,CUST-0080,64,8112.2,UPI,PAYEE-bebdb713,True,2026-10-15 01:27:35.114258,everyday,0,False
TXN-ae529006f5a9,CUST-0036,76,1284.18,branch,PAYEE-5d93c3e4,True,2026-10-15 01:30:34.987610,everyday,0,False
TXN-c86caadd6a3d,CUST-0087,73,2490.23,branch,PAYEE-60131b8f,False,2026-10-15 02:18:27.599477,everyday,1,False
TXN-4c6e8fbf9c60,CUST-0049,68,893.01,UPI,PAYEE-d880726b,False,2026-10-15 02:34:41.601352,everyday,1,False
TXN-454a19eb60d3,CUST-0038,75,1549.22,UPI,PAYEE-55a04a82,True,2026-10-15 02:47:34.907409,everyday,1,False
TXN-5a562ecbeef1,CUST-0048,73,604.84,branch,PAYEE-339fd18f,True,2026-10-15 03:11:08.606542,everyday,0,False
TXN-583b148f2037,CUST-0081,68,877.62,UPI,PAYEE-351d81cd,True,2026-10-15 03:36:58.089317,everyday,1,False
TXN-221c0ef48c52,CUST-0029,68,13603.92,UPI,PAYEE-d9b143f4,True,2026-10-15 03:54:53.440429,everyday,0,False
TXN-4f7f990f435a,CUST-0010,63,4802.38,UPI,PAYEE-63a21f49,False,2026-10-15 04:50:52.197818,everyday,0,False
TXN-88bb897536e2,CUST-0022,73,1545.1,UPI,PAYEE-45098fdf,False,2026-10-15 04:58:15.127760,everyday,0,False
TXN-03fdcf1589f0,CUST-0097,67,11572.19,branch,PAYEE-541e6b20,False,2026-10-15 05:05:52.055210,everyday,1,False
TXN-0a7d84925254,CUST-0081,68,3687.52,UPI,PAYEE-351d81cd,False,2026-10-15 05:37:26.980036,everyday,2,False
TXN-e493f4d22aca,CUST-0082,78,7068.55,UPI,PAYEE-1903d3e7,False,2026-10-15 06:09:03.849117,everyday,0,False
TXN-da9d5b050bde,CUST-0038,75,13247.82,UPI,PAYEE-1419ce0c,True,2026-10-15 06:14:26.666399,everyday,2,False
TXN-23a9ccf123e3,CUST-0030,65,10297.08,branch,PAYEE-fc360790,False,2026-10-15 06:37:32.928789,everyday,0,False
TXN-1e9ba3c0aa59,CUST-0096,74,10782.99,UPI,PAYEE-8c7e915d,True,2026-10-15 06:45:06.332069,everyday,1,False
TXN-8248fd2df90c,CUST-0053,79,6239.59,UPI,PAYEE-fb735948,True,2026-10-15 06:54:07.961425,everyday,1,False
TXN-2c85d0c865b5,CUST-0022,73,10337.31,RTGS,PAYEE-b021f358,False,2026-10-15 06:54:31.832563,everyday,1,False
TXN-6acbf478cdd4,CUST-0002,83,13582.09,UPI,PAYEE-20182b85,True,2026-10-15 07:25:31.466789,everyday,2,False
TXN-089a1f8545ee,CUST-0030,65,12574.14,UPI,PAYEE-f5cbe9e1,True,2026-10-15 07:32:30.086316,everyday,1,False
TXN-535f8cd24e22,CUST-0012,82,8300.25,RTGS,PAYEE-1b111d82,False,2026-10-15 07:45:46.564983,everyday,1,False
TXN-b0b4e5b47a1d,CUST-0075,82,630.44,UPI,PAYEE-4a05f1df,True,2026-10-15 07:51:59.992584,everyday,1,False
TXN-e6950fe61042,CUST-0062,69,10360.14,UPI,PAYEE-36496226,True,2026-10-15 08:21:48.879976,everyday,0,False
TXN-993762c989b8,CUST-0010,63,74405.27,UPI,PAYEE-67b704b4,False,2026-10-15 08:32:32.796834,FD,1,True
TXN-6821a42e0156,CUST-0037,69,12497.44,UPI,PAYEE-525578d2,False,2026-10-15 08:57:28.644545,everyday,1,False
TXN-c1fd08d99410,CUST-0074,82,2644.55,branch,PAYEE-29bb290c,True,2026-10-15 09:56:09.076846,everyday,0,False
TXN-a420a796c62e,CUST-0035,63,52552.37,UPI,PAYEE-4860dbd2,True,2026-10-15 10:15:51.125122,vault,0,False
TXN-66a83e8dd8f1,CUST-0075,82,5752.89,UPI,PAYEE-f4afce37,True,2026-10-15 11:09:53.294483,everyday,2,False
TXN-9cb32716d3dc,CUST-0030,65,10241.03,branch,PAYEE-3ee4faf6,False,2026-10-15 11:22:36.426162,everyday,2,False
TXN-63d8fa7f6ff6,CUST-0082,78,7156.22,UPI,PAYEE-9729730b,False,2026-10-15 11:26:29.279452,everyday,1,False
TXN-c9af92de4e12,CUST-0027,73,8002.43,UPI,PAYEE-f11bdad7,True,2026-10-15 11:42:39.649485,everyday,0,False
TXN-7eeb6d1ff71b,CUST-0040,71,8687.65,UPI,PAYEE-c7b2514f,True,2026-10-15 11:57:10.998396,everyday,0,False
TXN-9440ac0822a9,CUST-0045,69,11469.05,UPI,PAYEE-72648147,True,2026-10-15 12:39:48.687407,everyday,0,False
TXN-140541cb93a9,CUST-0035,63,69482.33,UPI,PAYEE-3e36e0fb,False,2026-10-15 12:57:24.297554,FD,1,True
TXN-27f204d887d9,CUST-0044,69,7842.35,UPI,PAYEE-a47bb733,False,2026-10-15 14:01:36.631065,everyday,1,False
TXN-4afdb7ba0f26,CUST-0086,63,7192.93,UPI,PAYEE-77c46bc7,False,2026-10-15 14:48:21.892018,everyday,0,False
TXN-b7934c527442,CUST-0086,63,8462.84,UPI,PAYEE-788e1651,False,2026-10-15 15:03:28.503038,everyday,1,False
TXN-88fd8130c998,CUST-0025,70,2234.04,branch,PAYEE-bba2f65f,False,2026-10-15 15:03:29.552179,everyday,0,False
TXN-be4f6f0c3c4e,CUST-0062,69,6732.26,UPI,PAYEE-772dc181,False,2026-10-15 16:14:14.198969,everyday,1,False
TXN-4e8ee1cca103,CUST-0041,81,631.9,UPI,PAYEE-66062942,True,2026-10-15 16:14:50.770838,everyday,0,False
TXN-424fea2a832f,CUST-0025,70,4722695.85,RTGS,SCAM-96a6dbe5,True,2026-10-15 16:16:40.690545,everyday,1,False
TXN-cbc58856ae98,CUST-0063,76,11763.75,UPI,PAYEE-23143f8d,True,2026-10-15 17:07:07.802587,everyday,0,False
TXN-780a0c1611e7,CUST-0093,76,14169.28,UPI,PAYEE-591007bf,False,2026-10-15 17:08:06.169512,everyday,1,False
TXN-96b7a95bc383,CUST-0027,73,11627.55,UPI,PAYEE-c9bdc10d,False,2026-10-15 17:11:48.039470,everyday,1,False
TXN-e92114dc5522,CUST-0017,81,74456.48,RTGS,PAYEE-8ea4952e,True,2026-10-15 18:02:33.481022,vault,0,False
TXN-757fe572a853,CUST-0022,73,5850.46,branch,PAYEE-f03b716d,True,2026-10-15 19:01:08.527084,everyday,2,False
TXN-dc4e5a3468c1,CUST-0030,65,9002.34,RTGS,PAYEE-0a936dcc,True,2026-10-15 19:56:42.834787,everyday,3,False
TXN-25effd56d90e,CUST-0085,81,4834.85,UPI,PAYEE-9311ae77,True,2026-10-15 20:16:47.691360,everyday,0,False
TXN-1a26657e1024,CUST-0073,68,5953.99,UPI,PAYEE-0f68164d,False,2026-10-15 20:31:24.943309,everyday,0,False
TXN-814a86503f2e,CUST-0016,77,1246.13,UPI,PAYEE-5040c9b4,True,2026-10-15 20:58:39.915986,everyday,1,False
TXN-35b6a5dd9b37,CUST-0042,60,890.73,UPI,PAYEE-e7dd78f1,False,2026-10-15 22:12:38.459588,everyday,1,False
TXN-1131bc4e7d0f,CUST-0092,71,5300.9,UPI,PAYEE-2d294308,False,2026-10-15 22:18:31.520158,everyday,0,False
TXN-0cca7757f317,CUST-0037,69,2032.73,UPI,PAYEE-525578d2,False,2026-10-15 22:22:24.968246,everyday,1,False
TXN-c58c85403c11,CUST-0004,73,1790.57,RTGS,PAYEE-38962a5b,False,2026-10-15 22:49:49.308201,everyday,0,False
TXN-bf3bd440854f,CUST-0071,64,4834.97,UPI,PAYEE-05344258,False,2026-10-15 23:01:43.310154,everyday,0,False
TXN-384aa38cf7c7,CUST-0011,71,2928.53,UPI,PAYEE-aa3777cb,False,2026-10-15 23:06:25.164167,everyday,0,False
TXN-10d04df1800c,CUST-0031,77,4114.18,RTGS,PAYEE-7b67d628,False,2026-10-15 23:06:51.883054,everyday,0,False
TXN-c2f76599ba2e,CUST-0068,80,322.63,branch,PAYEE-21a46400,False,2026-10-15 23:13:00.579572,everyday,0,False
TXN-58164694054b,CUST-0010,63,9778.45,UPI,PAYEE-827d364f,True,2026-10-15 23:18:41.944985,everyday,2,False
TXN-62d8cd9958b0,CUST-0015,78,2370.93,UPI,PAYEE-ac09d88e,True,2026-10-15 23:29:49.442301,everyday,0,False
TXN-36287656cef4,CUST-0057,69,5683.03,UPI,PAYEE-632e8d59,True,2026-10-15 23:51:22.147608,everyday,0,False
TXN-f278e7f87791,CUST-0015,78,11122.2,branch,PAYEE-8816f99a,False,2026-10-16 00:34:15.071445,everyday,1,False
TXN-eb97bac04f2b,CUST-0065,60,10257.87,UPI,PAYEE-b1b19f43,True,2026-10-16 01:20:17.445947,everyday,0,False
TXN-70832f66fbca,CUST-0005,82,9815.08,UPI,PAYEE-a30542ae,True,2026-10-16 01:38:58.661145,everyday,0,False
TXN-3dd7fdbc5bfa,CUST-0057,69,2465.84,UPI,PAYEE-4e08a452,False,2026-10-16 01:46:55.254845,everyday,1,False
TXN-daf1771b33e5,CUST-0060,64,5682.31,branch,PAYEE-45baa090,True,2026-10-16 01:52:54.846989,everyday,0,False
TXN-3e8f686f840e,CUST-0045,69,5170.67,RTGS,PAYEE-800a315c,False,2026-10-16 02:26:08.458822,everyday,1,False
TXN-31c99cfbc6a9,CUST-0007,76,6779.3,UPI,PAYEE-069ed4eb,True,2026-10-16 02:45:49.883925,everyday,0,False
TXN-91159ae5d9bd,CUST-0035,63,14960.77,RTGS,PAYEE-2f22f4ca,False,2026-10-16 03:24:18.465122,everyday,2,False
TXN-b742711b062a,CUST-0001,75,3238.38,UPI,PAYEE-60f4900b,False,2026-10-16 03:53:40.278590,everyday,0,False
TXN-aa1a4d3fe2d4,CUST-0002,83,5019.98,UPI,PAYEE-663c98a5,False,2026-10-16 05:07:41.530459,everyday,1,False
TXN-b4c56fc12c04,CUST-0008,65,9507.64,branch,PAYEE-27d56ffb,False,2026-10-16 05:16:57.206671,everyday,0,False
TXN-24fda802488f,CUST-0009,78,2149.72,UPI,PAYEE-85438a03,False,2026-10-16 05:32:11.735382,everyday,0,False
TXN-3b1a513472fe,CUST-0078,63,5182.65,UPI,PAYEE-f33a8f71,False,2026-10-16 05:55:26.693623,everyday,0,False
TXN-64c8fef624c1,CUST-0010,63,10705.96,RTGS,PAYEE-824e994b,False,2026-10-16 06:18:14.891492,everyday,2,False
TXN-a207aa072853,CUST-0098,65,64743.95,UPI,PAYEE-0c85e0cb,True,2026-10-16 06:35:13.259884,FD,0,True
TXN-2101456bde51,CUST-0031,77,2700.63,branch,PAYEE-2903f221,True,2026-10-16 07:31:12.210190,everyday,1,False
TXN-8c9f2675efa0,CUST-0002,83,9855.11,UPI,PAYEE-834a52cd,False,2026-10-16 08:02:42.999899,everyday,1,False
TXN-b0ddda6efa5f,CUST-0024,61,3398.13,UPI,PAYEE-d72e3f79,False,2026-10-16 09:33:44.957901,everyday,0,False
TXN-02a876a22524,CUST-0050,75,6473.2,UPI,PAYEE-caea2f48,False,2026-10-16 09:39:30.430259,everyday,0,False
TXN-11248ffb6213,CUST-0038,75,2446.69,UPI,PAYEE-9654eb0b,True,2026-10-16 10:07:25.235799,everyday,0,False
TXN-f27c156e08b8,CUST-0043,65,1306.29,branch,PAYEE-80ad5acf,False,2026-10-16 10:36:36.957724,everyday,0,False
TXN-1b79ab46b81c,CUST-0061,67,12244.27,UPI,PAYEE-0f49f673,False,2026-10-16 10:44:17.092205,everyday,0,False
TXN-f5f7661ff4cc,CUST-0064,64,8575.74,UPI,PAYEE-e6357544,True,2026-10-16 11:10:51.201364,everyday,0,False
TXN-edf52297a8a1,CUST-0018,61,1225.19,branch,PAYEE-d65e9280,True,2026-10-16 11:14:30.119651,everyday,0,False
TXN-4d2a30947e85,CUST-0017,81,5211.86,UPI,PAYEE-74050e7d,False,2026-10-16 11:30:56.193717,everyday,1,False
TXN-9014e36acfb9,CUST-0031,77,10547.52,branch,PAYEE-29d60a53,False,2026-10-16 11:52:58.930995,everyday,2,False
TXN-ad623e06bd49,CUST-0029,68,9839.76,UPI,PAYEE-bc1a9789,False,2026-10-16 11:59:50.230460,everyday,0,False
TXN-c85daf9a8a2e,CUST-0049,68,13166.35,UPI,PAYEE-ae048e04,True,2026-10-16 12:13:13.201340,everyday,0,False
TXN-3b90a36ab669,CUST-0034,68,102.91,UPI,PAYEE-e46f5f53,False,2026-10-16 12:40:43.458114,everyday,0,False
TXN-f4da5d5db5f4,CUST-0056,67,4699.25,UPI,PAYEE-15166354,False,2026-10-16 12:43:48.088642,everyday,0,False
TXN-1e3bc1094df2,CUST-0045,69,8742.69,branch,PAYEE-a040fb4c,True,2026-10-16 13:04:58.574351,everyday,1,False
TXN-838fdadaba26,CUST-0080,64,10306.86,branch,PAYEE-a084b211,False,2026-10-16 13:57:12.400648,everyday,0,False
TXN-5cd59e953e70,CUST-0061,67,5883.37,UPI,PAYEE-2c0c267f,True,2026-10-16 14:13:15.583049,everyday,1,False
TXN-2a128111c74f,CUST-0080,64,10518.91,UPI,PAYEE-2ab404f2,False,2026-10-16 14:21:21.935692,everyday,1,False
TXN-9ddf1f776a10,CUST-0040,71,5928.19,branch,PAYEE-e867abf0,True,2026-10-16 14:21:56.418822,everyday,0,False
TXN-2917917ea30e,CUST-0064,64,5374.62,UPI,PAYEE-03be367c,False,2026-10-16 14:49:41.367749,everyday,1,False
TXN-400d15925232,CUST-0027,73,11782.07,UPI,PAYEE-3559398a,False,2026-10-16 14:50:11.496764,everyday,1,False
TXN-dec51ef35450,CUST-0036,76,8947.71,UPI,PAYEE-56266532,True,2026-10-16 14:52:02.444452,everyday,0,False
TXN-bce48493b44b,CUST-0017,81,10979.25,UPI,PAYEE-74050e7d,False,2026-10-16 15:12:09.638843,everyday,2,False
TXN-45eec14240c9,CUST-0053,79,14332.01,UPI,PAYEE-dcb2e32c,False,2026-10-16 15:39:45.822139,everyday,0,False
TXN-bf3aac5a1d06,CUST-0047,78,3617.01,UPI,PAYEE-6aec87e5,False,2026-10-16 15:48:33.992596,everyday,0,False
TXN-647393a3ecaf,CUST-0030,65,117.88,RTGS,PAYEE-4d8b275e,False,2026-10-16 15:52:18.643283,everyday,1,False
TXN-682fc91011ed,CUST-0085,81,5228.78,UPI,PAYEE-8b00f277,True,2026-10-16 16:48:10.590411,everyday,1,False
TXN-73fb4acfbfaa,CUST-0015,78,2185.38,UPI,PAYEE-109f72a2,False,2026-10-16 17:14:23.924727,everyday,2,False
TXN-6bd2c17485b6,CUST-0037,69,10631.4,UPI,PAYEE-cf028044,False,2026-10-16 18:16:54.056059,everyday,1,False
TXN-ed967cfb29f9,CUST-0034,68,55748.5,UPI,PAYEE-1e60627f,False,2026-10-16 18:35:28.971897,vault,1,False
TXN-94c9581f7c3b,CUST-0048,73,2634.83,UPI,PAYEE-3903e610,True,2026-10-16 18:36:11.319258,everyday,0,False
TXN-fad5974c80f6,CUST-0073,68,5701.89,branch,PAYEE-bf681041,False,2026-10-16 19:07:53.059224,everyday,1,False
TXN-a7d593b345c8,CUST-0088,78,5023.4,UPI,PAYEE-afc0c763,False,2026-10-16 19:57:14.604328,everyday,0,False
TXN-20487c7ad9a4,CUST-0017,81,4957.18,UPI,PAYEE-8ea4952e,False,2026-10-16 19:57:17.330875,everyday,2,False
TXN-46229e7df989,CUST-0019,63,5849.7,UPI,PAYEE-83b39533,False,2026-10-16 20:21:58.610427,everyday,0,False
TXN-12ab3f3edf52,CUST-0063,76,13145.13,UPI,PAYEE-c22ce6ea,True,2026-10-16 20:51:04.627948,everyday,0,False
TXN-aaff847f7e8c,CUST-0021,78,50879.1,branch,PAYEE-c9b7dd3f,False,2026-10-16 21:11:28.500774,FD,0,True
TXN-f58358c0d307,CUST-0040,71,5759.03,branch,PAYEE-3f530c77,True,2026-10-16 21:55:06.007646,everyday,1,False
TXN-165d03149274,CUST-0028,70,14228.36,UPI,PAYEE-b6a37202,False,2026-10-16 23:54:29.491051,everyday,0,False
TXN-79262770ae8b,CUST-0052,84,8765.75,branch,PAYEE-4592d372,False,2026-10-16 23:58:04.197665,everyday,0,False
TXN-577cd448b093,CUST-0048,73,6184.8,branch,PAYEE-57ca05fd,True,2026-10-17 00:05:54.163111,everyday,1,False
TXN-352f7a0d3eca,CUST-0053,79,12599.87,UPI,PAYEE-a037d117,True,2026-10-17 00:09:05.703067,everyday,1,False
TXN-2e14ec174065,CUST-0021,78,14612.3,UPI,PAYEE-30a5aa4b,False,2026-10-17 00:15:23.351412,everyday,1,False
TXN-33a11043303f,CUST-0075,82,1112.5,branch,PAYEE-c8c64df5,False,2026-10-17 00:47:06.515676,everyday,0,False
TXN-afbf3e7da9bb,CUST-0057,69,5924.2,UPI,PAYEE-163443fa,False,2026-10-17 00:49:59.585319,everyday,1,False
TXN-5ba4a73a88d6,CUST-0069,81,2551.55,UPI,PAYEE-eefaf481,False,2026-10-17 01:33:52.305907,everyday,0,False
TXN-bc63d583299a,CUST-0020,82,1674.3,UPI,PAYEE-146fc2ae,False,2026-10-17 01:51:56.431241,everyday,0,False
TXN-6a76b4e9bb37,CUST-0067,81,6338.03,UPI,PAYEE-303e90c4,True,2026-10-17 02:04:22.961181,everyday,0,False
TXN-6a4fbc5137ed,CUST-0001,75,9355.27,UPI,PAYEE-1868edcd,True,2026-10-17 03:05:48.375431,everyday,1,False
TXN-c4ef0cb21ffa,CUST-0091,70,13641.57,branch,PAYEE-8fae07e6,True,2026-10-17 03:32:35.299046,everyday,0,False
TXN-d3bc38604f8a,CUST-0092,71,2087.02,UPI,PAYEE-14481902,True,2026-10-17 03:38:41.655911,everyday,0,False
TXN-9587b2e3291a,CUST-0048,73,3579388.87,RTGS,SCAM-98d147aa,True,2026-10-17 03:48:46.705474,everyday,2,False
TXN-473e6924f494,CUST-0054,70,8118.16,branch,PAYEE-ce6e8412,True,2026-10-17 03:49:39.058911,everyday,0,False
TXN-d7f8dd45f4e1,CUST-0077,75,8524.5,RTGS,PAYEE-4bf9e394,False,2026-10-17 04:03:23.459067,everyday,0,False
TXN-41b807548597,CUST-0089,77,2361.39,branch,PAYEE-e31f7129,False,2026-10-17 04:24:33.071924,everyday,0,False
TXN-28e2ef1bc931,CUST-0041,81,7411.12,UPI,PAYEE-b718165f,True,2026-10-17 04:53:33.634513,everyday,0,False
TXN-2e3968ec7f40,CUST-0077,75,3935.93,UPI,PAYEE-39b472dd,False,2026-10-17 05:07:03.990866,everyday,1,False
TXN-c6ef9689ff1b,CUST-0090,83,7119.53,UPI,PAYEE-9ac57b4e,True,2026-10-17 05:42:24.573683,everyday,0,False
TXN-79776c144526,CUST-0010,63,14799.96,UPI,PAYEE-63a21f49,False,2026-10-17 06:21:48.168297,everyday,0,False
TXN-18c133d30836,CUST-0043,65,587.44,UPI,PAYEE-04efc353,True,2026-10-17 06:33:11.795920,everyday,1,False
TXN-360c48345de9,CUST-0016,77,6072.0,UPI,PAYEE-c14e7b57,False,2026-10-17 07:25:28.367180,everyday,0,False
TXN-8da6dbf3bebd,CUST-0022,73,7117.07,branch,PAYEE-76c26937,True,2026-10-17 07:46:14.667737,everyday,0,False
TXN-fe9d5c9b4163,CUST-0080,64,4095.36,UPI,PAYEE-75ec4d8c,False,2026-10-17 08:49:26.002389,everyday,2,False
TXN-7eeb1f8c46b5,CUST-0037,69,7559.8,UPI,PAYEE-525578d2,False,2026-10-17 09:24:47.214985,everyday,1,False
TXN-d0218b327b99,CUST-0035,63,438.95,UPI,PAYEE-4860dbd2,False,2026-10-17 09:25:31.562611,everyday,0,False
TXN-ccac00fc2dae,CUST-0053,79,3312.16,branch,PAYEE-95505517,True,2026-10-17 10:13:36.680584,everyday,2,False
TXN-a3f56aecb21f,CUST-0099,72,10675.32,UPI,PAYEE-8cbcc715,False,2026-10-17 10:53:04.234927,everyday,0,False
TXN-75cc4f50036d,CUST-0096,74,423.04,UPI,PAYEE-d9031855,False,2026-10-17 11:30:59.821198,everyday,0,False
TXN-f18caa99db47,CUST-0017,81,2606.31,UPI,PAYEE-8ea4952e,False,2026-10-17 11:48:10.270323,everyday,2,False
TXN-040c234d6dfd,CUST-0084,83,8604.1,UPI,PAYEE-2dc34e15,False,2026-10-17 12:03:02.362483,everyday,0,False
TXN-fe4ada7b08d5,CUST-0005,82,6290.81,UPI,PAYEE-b0915e93,False,2026-10-17 12:54:39.079274,everyday,0,False
TXN-ecefc4d635d3,CUST-0015,78,7299.74,UPI,PAYEE-2c9e5522,True,2026-10-17 13:11:00.109882,everyday,1,False
TXN-c9650bb3c75a,CUST-0095,85,13064.65,UPI,PAYEE-14760d89,False,2026-10-17 13:13:08.446732,everyday,0,False
TXN-ba27ace30ff0,CUST-0040,71,13961.63,UPI,PAYEE-f1bc569a,True,2026-10-17 13:28:33.678748,everyday,2,False
TXN-3ae4c8c8dd8b,CUST-0097,67,2015.18,RTGS,PAYEE-c18f1d0f,True,2026-10-17 13:51:14.717246,everyday,0,False
TXN-a17e52af1a05,CUST-0059,80,11406.99,RTGS,PAYEE-75fe7652,False,2026-10-17 14:03:12.738690,everyday,0,False
TXN-797e86cd5391,CUST-0014,61,8481.62,UPI,PAYEE-ea5e55ce,False,2026-10-17 14:23:03.572701,everyday,0,False
TXN-5bff176f35ce,CUST-0028,70,11945.76,branch,PAYEE-70b05b23,False,2026-10-17 14:32:14.694685,everyday,1,False
TXN-4785fdf49313,CUST-0000,72,1902.96,UPI,PAYEE-c78d8126,False,2026-10-17 14:49:24.586124,everyday,0,False
TXN-808bc225af49,CUST-0010,63,2169.27,branch,PAYEE-31c2919d,True,2026-10-17 14:53:43.565377,everyday,1,False
TXN-e42c25002d8f,CUST-0050,75,71392.78,RTGS,PAYEE-3a172794,True,2026-10-17 15:05:57.329445,vault,0,False
TXN-508f9855808c,CUST-0054,70,8355.72,UPI,PAYEE-3312de87,False,2026-10-17 15:23:21.710552,everyday,1,False
TXN-3f1b51d08c45,CUST-0017,81,7351.39,UPI,PAYEE-3f351f64,False,2026-10-17 15:32:13.396558,everyday,2,False
TXN-b80996dd5461,CUST-0003,81,11987.7,UPI,PAYEE-fa343a39,False,2026-10-17 16:10:10.344368,everyday,0,False
TXN-9e5322861512,CUST-0031,77,6802.84,UPI,PAYEE-ca18a8c7,False,2026-10-17 17:23:37.937536,everyday,0,False
TXN-9f31f7d988c8,CUST-0079,78,11266.75,UPI,PAYEE-e4ff2a03,True,2026-10-17 17:34:14.722097,everyday,0,False
TXN-67444135b7f9,CUST-0011,71,1870.28,RTGS,PAYEE-ad4928d8,True,2026-10-17 17:38:20.124801,everyday,0,False
TXN-0611d4379b26,CUST-0034,68,2922.96,UPI,PAYEE-b597fb6b,False,2026-10-17 18:03:53.660194,everyday,1,False
TXN-bd591ed032cb,CUST-0072,85,4030.8,UPI,PAYEE-d2feed18,True,2026-10-17 18:07:51.487970,everyday,0,False
TXN-ad2c32d69b1f,CUST-0001,75,4003.13,branch,PAYEE-cc3b671a,True,2026-10-17 19:51:10.593496,everyday,1,False
TXN-8b45ea97bb64,CUST-0069,81,6608.08,RTGS,PAYEE-df0e2209,False,2026-10-17 19:51:14.683244,everyday,1,False
TXN-1f879929a293,CUST-0026,81,51074.96,UPI,PAYEE-ad4f1d1e,True,2026-10-17 20:52:46.026868,FD,0,True
TXN-c6d71f0071ae,CUST-0023,64,8781.89,RTGS,PAYEE-fd999142,True,2026-10-17 21:07:56.304565,everyday,0,False
TXN-b13b683e0594,CUST-0080,64,13215.37,UPI,PAYEE-a084b211,False,2026-10-17 21:56:36.513144,everyday,1,False
TXN-dfbcd67439bd,CUST-0015,78,11944.55,UPI,PAYEE-25278819,False,2026-10-17 22:48:05.656905,everyday,1,False
TXN-8be30362f6ec,CUST-0055,66,2640.11,UPI,PAYEE-6bb3d17b,False,2026-10-17 22:54:03.485884,everyday,0,False
TXN-302fadfa5e95,CUST-0073,68,8358.83,UPI,PAYEE-828fde7a,True,2026-10-17 23:59:55.913481,everyday,0,False
TXN-8587f7bd0045,CUST-0068,80,3662.75,RTGS,PAYEE-c72b5f9a,False,2026-10-18 00:10:07.032931,everyday,0,False
TXN-dff3571d0a0a,CUST-0071,64,4846.98,UPI,PAYEE-05344258,False,2026-10-18 00:34:40.302766,everyday,0,False
TXN-ddd8236cb989,CUST-0082,78,4736.35,UPI,PAYEE-28a9ae4a,False,2026-10-18 01:05:05.104762,everyday,0,False
TXN-467af6d59474,CUST-0076,79,78529.02,UPI,PAYEE-6bed667e,False,2026-10-18 03:10:46.182671,everyday,0,False
TXN-d76b932c7561,CUST-0031,77,5647.41,branch,PAYEE-7b67d628,False,2026-10-18 03:24:53.989521,everyday,1,False
TXN-436c2ec419e4,CUST-0062,69,5821.0,RTGS,PAYEE-1a333c36,False,2026-10-18 03:25:28.673588,everyday,0,False
TXN-35a2f19ae510,CUST-0035,63,5975.4,UPI,PAYEE-9036d6ae,True,2026-10-18 03:26:14.010604,everyday,1,False
TXN-9c51bd4660d0,CUST-0005,82,14990.67,branch,PAYEE-b0915e93,False,2026-10-18 03:47:03.618573,everyday,1,False
TXN-ae1a1155acd7,CUST-0046,63,1729.79,UPI,PAYEE-7712f2c7,False,2026-10-18 03:59:28.925060,everyday,0,False
TXN-fecd86ab5c2f,CUST-0037,69,10114.15,UPI,PAYEE-bfe18b42,False,2026-10-18 04:02:36.469100,everyday,1,False
TXN-0ebba6c33add,CUST-0087,73,8653.91,UPI,PAYEE-eda913aa,True,2026-10-18 04:22:04.371212,everyday,0,False
TXN-3aa5b3f65a17,CUST-0010,63,10218.02,RTGS,PAYEE-205f9a34,False,2026-10-18 05:13:25.249441,everyday,2,False
TXN-d69e7e96397c,CUST-0003,81,1981.56,branch,PAYEE-2895d2aa,True,2026-10-18 05:19:34.457271,everyday,1,False
TXN-d389f0084056,CUST-0038,75,4845.43,UPI,PAYEE-4ed12187,False,2026-10-18 05:20:22.987325,everyday,0,False
TXN-02d90ba28529,CUST-0092,71,14649.75,branch,PAYEE-14481902,False,2026-10-18 05:27:59.725305,everyday,0,False
TXN-ff20d2205007,CUST-0041,81,10002.63,UPI,PAYEE-f3090cc2,True,2026-10-18 05:44:27.532468,everyday,0,False
TXN-b645faeeb950,CUST-0008,65,730.3,UPI,PAYEE-27d56ffb,False,2026-10-18 06:32:47.744630,everyday,0,False
TXN-b7344d665e8c,CUST-0059,80,3749.38,UPI,PAYEE-c118891b,False,2026-10-18 07:01:25.384443,everyday,1,False
TXN-9539df5d37df,CUST-0038,75,1636.23,branch,PAYEE-fb2dcf87,False,2026-10-18 07:50:35.090789,everyday,1,False
TXN-b540154a18cf,CUST-0003,81,1806.54,branch,PAYEE-9b4b62f1,False,2026-10-18 08:39:10.826664,everyday,2,False
TXN-64c55f307e80,CUST-0085,81,9877.24,UPI,PAYEE-08357a80,True,2026-10-18 09:42:49.092059,everyday,0,False
TXN-19e708bee6cc,CUST-0066,76,3171.77,UPI,PAYEE-c4852e0a,False,2026-10-18 10:47:52.568325,everyday,0,False
TXN-c182f11804ae,CUST-0029,68,377.59,UPI,PAYEE-fab90a93,True,2026-10-18 10:57:40.151360,everyday,0,False
TXN-729bbd27223c,CUST-0020,82,3412.09,UPI,PAYEE-146fc2ae,False,2026-10-18 11:16:23.293265,everyday,0,False
TXN-de8ba965b3ba,CUST-0060,64,241.65,UPI,PAYEE-0547fde7,False,2026-10-18 11:21:38.602659,everyday,0,False
TXN-3c26aa7cc895,CUST-0075,82,9207.59,UPI,PAYEE-c8c64df5,False,2026-10-18 11:35:46.350515,everyday,0,False
TXN-245718357861,CUST-0011,71,14183.97,UPI,PAYEE-04c69f27,False,2026-10-18 12:00:27.938267,everyday,1,False
TXN-27843ae0f54a,CUST-0071,64,12705.93,branch,PAYEE-fc4c5f83,False,2026-10-18 12:13:36.278039,everyday,1,False
TXN-20b923118811,CUST-0024,61,7053.8,UPI,PAYEE-d72e3f79,False,2026-10-18 12:49:50.707943,everyday,0,False
TXN-7ca34bc21773,CUST-0054,70,10231.97,RTGS,PAYEE-2041b289,True,2026-10-18 13:18:52.559465,everyday,1,False
TXN-2e3f9bff809b,CUST-0086,63,2074.98,UPI,PAYEE-63f00185,False,2026-10-18 13:41:15.797485,everyday,0,False
TXN-a9071c3982ea,CUST-0060,64,10408.37,UPI,PAYEE-1df8d9b0,True,2026-10-18 13:58:38.766772,everyday,1,False
TXN-fd3cc7913c79,CUST-0081,68,259.02,UPI,PAYEE-ea46eeea,True,2026-10-18 14:03:20.353704,everyday,0,False
TXN-478f9bdd2f3f,CUST-0071,64,6796.11,branch,PAYEE-d4480413,True,2026-10-18 14:32:45.077494,everyday,2,False
TXN-d8d444ed1aa6,CUST-0096,74,7387.4,UPI,PAYEE-8c7e915d,False,2026-10-18 14:48:17.895817,everyday,0,False
TXN-962651d9ed14,CUST-0045,69,10047.04,branch,PAYEE-b847970f,True,2026-10-18 15:04:27.097186,everyday,0,False
TXN-2b38e3963a5a,CUST-0018,61,14909.97,branch,PAYEE-030500af,False,2026-10-18 15:18:18.740964,everyday,0,False
TXN-ecab3c6ce003,CUST-0046,63,8563.94,RTGS,PAYEE-645720cb,False,2026-10-18 15:21:08.093491,everyday,1,False
TXN-4af1f32c7cf2,CUST-0037,69,64959.27,branch,PAYEE-8572e188,False,2026-10-18 15:58:51.152062,everyday,1,False
TXN-0eabd170da62,CUST-0019,63,3336.95,branch,PAYEE-83b39533,False,2026-10-18 16:29:35.594838,everyday,0,False
TXN-bfa2b1f98948,CUST-0078,63,4471.54,UPI,PAYEE-e88bea8a,False,2026-10-18 17:51:50.981538,everyday,0,False
TXN-e99a59b7c5ac,CUST-0043,65,3522.56,UPI,PAYEE-7a25656d,True,2026-10-18 17:56:17.618397,everyday,0,False
TXN-c7f38f632f58,CUST-0096,74,9121.32,UPI,PAYEE-c61542d2,False,2026-10-18 18:06:16.835743,everyday,1,False
TXN-2b1d40618c51,CUST-0039,71,11116.57,branch,PAYEE-c3c730c6,False,2026-10-18 18:21:26.846133,everyday,0,False
TXN-bae2a8a70558,CUST-0046,63,941.09,UPI,PAYEE-4728f3a8,False,2026-10-18 18:37:22.080326,everyday,2,False
TXN-de905297744f,CUST-0078,63,14055.66,UPI,PAYEE-f33a8f71,False,2026-10-18 18:59:41.134691,everyday,1,False
TXN-833876271c9a,CUST-0082,78,8246.99,branch,PAYEE-28a9ae4a,False,2026-10-18 19:22:25.756496,everyday,1,False
TXN-248ab9879500,CUST-0063,76,12110.67,UPI,PAYEE-22cc9b7e,False,2026-10-18 20:07:27.208224,everyday,0,False
TXN-6c260aad3b7c,CUST-0009,78,4722.45,UPI,PAYEE-e46ddc92,True,2026-10-18 20:25:46.863369,everyday,0,False
TXN-b8eb2c19cc19,CUST-0038,75,8060.67,UPI,PAYEE-6e39af07,False,2026-10-18 20:32:17.319342,everyday,2,False
TXN-21f437bb6c23,CUST-0086,63,2441.28,RTGS,PAYEE-f18e4d39,False,2026-10-18 20:33:55.243675,everyday,1,False
TXN-9997538633c1,CUST-0042,60,7893.99,UPI,PAYEE-0940a6dd,False,2026-10-18 21:18:56.948104,everyday,0,False
TXN-e8fbd2cd64f0,CUST-0036,76,9218.53,UPI,PAYEE-5d2096bd,False,2026-10-18 21:22:46.915275,everyday,0,False
TXN-19c5e77a8cec,CUST-0017,81,2827.36,UPI,PAYEE-bdfb2af3,False,2026-10-18 21:25:35.718815,everyday,0,False
TXN-38f8ac6df05a,CUST-0068,80,4304.88,UPI,PAYEE-7b8750e4,True,2026-10-18 21:55:11.079094,everyday,1,False
TXN-01659a63f9d0,CUST-0092,71,8589.33,RTGS,PAYEE-5285f99b,False,2026-10-18 22:22:18.232221,everyday,1,False
TXN-f6958be16d9f,CUST-0039,71,12348.14,UPI,PAYEE-c3c730c6,False,2026-10-18 22:44:47.798693,everyday,1,False
TXN-5685e50a3ed1,CUST-0045,69,1244.72,UPI,PAYEE-16d1a7c2,False,2026-10-18 23:06:32.368928,everyday,1,False
TXN-1b2f2ab116a3,CUST-0045,69,3746.78,UPI,PAYEE-16d1a7c2,False,2026-10-18 23:12:06.310251,everyday,2,False
TXN-b10b4d3bbe12,CUST-0084,83,13031.66,UPI,PAYEE-c20355ba,True,2026-10-18 23:30:58.759212,everyday,0,False
TXN-89c538de0649,CUST-0056,67,2925.65,UPI,PAYEE-fab7a63d,False,2026-10-18 23:40:31.429480,everyday,0,False
TXN-964acc382dc8,CUST-0092,71,3353.77,UPI,PAYEE-f88794d4,False,2026-10-18 23:47:49.847276,everyday,2,False
TXN-7415a8be536e,CUST-0047,78,13980.18,UPI,PAYEE-2744ffb4,False,2026-10-18 23:52:16.848808,everyday,0,False
TXN-2c25673e992b,CUST-0070,76,50980.24,UPI,PAYEE-f39fe4dc,True,2026-10-18 23:57:39.187583,FD,0,True
TXN-c7e4fb817255,CUST-0048,73,4390.63,UPI,PAYEE-08f453ca,False,2026-10-19 00:03:34.582601,everyday,0,False
TXN-442650c85329,CUST-0048,73,10548.79,UPI,PAYEE-353e8482,True,2026-10-19 00:16:57.958706,everyday,1,False
TXN-dd68ed6db198,CUST-0024,61,10264.78,UPI,PAYEE-45f5f28b,True,2026-10-19 00:49:19.935682,everyday,1,False
TXN-7caae318cead,CUST-0047,78,396.64,branch,PAYEE-56f7788e,True,2026-10-19 01:09:06.526655,everyday,1,False
TXN-2dc11a39820b,CUST-0053,79,11222.79,RTGS,PAYEE-95505517,False,2026-10-19 01:09:07.754011,everyday,0,False
TXN-dbb5952c4ec8,CUST-0063,76,2902.3,UPI,PAYEE-6df5f3fd,False,2026-10-19 01:32:38.251123,everyday,1,False
TXN-74a76dc70c59,CUST-0022,73,14914.82,RTGS,PAYEE-df40e1fb,True,2026-10-19 01:43:11.426033,everyday,0,False
TXN-3370cd1d1f8a,CUST-0008,65,2300.58,UPI,PAYEE-8e65cc28,False,2026-10-19 01:43:38.169828,everyday,1,False
TXN-9a7c6ec5b376,CUST-0068,80,6420.91,UPI,PAYEE-f148d7e1,False,2026-10-19 02:17:48.913098,everyday,1,False
TXN-af6e87e3c7a4,CUST-0084,83,6394.61,UPI,PAYEE-562d8aca,False,2026-10-19 02:37:04.634594,everyday,1,False
TXN-7283f6e04c5e,CUST-0051,81,8399.63,branch,PAYEE-820f9b6e,False,2026-10-19 03:05:18.343932,everyday,0,False
TXN-cdf8dfab2c55,CUST-0065,60,5472.47,branch,PAYEE-c14d5a37,False,2026-10-19 03:23:38.189788,everyday,0,False
TXN-825dfb991739,CUST-0023,64,11181.48,branch,PAYEE-6d85e6e7,False,2026-10-19 03:35:05.911324,everyday,0,False
TXN-e2b728312fbd,CUST-0065,60,51563.92,branch,PAYEE-197f4371,True,2026-10-19 04:41:44.565897,everyday,1,False
TXN-03c7067a1b8e,CUST-0011,71,2455.4,UPI,PAYEE-ad4928d8,False,2026-10-19 04:47:43.401231,everyday,1,False
TXN-c3049725b070,CUST-0077,75,13961.6,RTGS,PAYEE-09a39cb7,True,2026-10-19 06:30:26.874239,everyday,0,False
TXN-da99ef4e21ad,CUST-0088,78,7751.16,branch,PAYEE-afc0c763,False,2026-10-19 07:13:21.603809,everyday,0,False
TXN-86dab232ad67,CUST-0012,82,10170.44,branch,PAYEE-65032ea2,False,2026-10-19 07:15:18.495564,everyday,0,False
TXN-46780b4fc123,CUST-0055,66,75430.76,UPI,PAYEE-58dcdb05,False,2026-10-19 07:43:54.554177,everyday,0,False
TXN-b3b2b5be877b,CUST-0037,69,5507.86,UPI,PAYEE-bfe18b42,False,2026-10-19 08:41:32.009385,everyday,1,False
TXN-df54f9c81edd,CUST-0002,83,14819.6,UPI,PAYEE-cf276dd2,False,2026-10-19 09:06:34.820598,everyday,0,False
TXN-da85f1c176e4,CUST-0040,71,10063.89,UPI,PAYEE-67025013,False,2026-10-19 09:23:17.383422,everyday,0,False
TXN-f4f732c54803,CUST-0076,79,2397376.81,RTGS,SCAM-89d9a662,True,2026-10-19 09:30:56.032195,everyday,0,False
TXN-3a35fa13bf00,CUST-0030,65,9174.53,branch,PAYEE-4d8b275e,False,2026-10-19 10:03:18.811138,everyday,0,False
TXN-b0c93218a4eb,CUST-0011,71,9562.35,UPI,PAYEE-ad4928d8,False,2026-10-19 10:23:18.097375,everyday,2,False
TXN-067a6225f9b2,CUST-0055,66,12730.24,UPI,PAYEE-e2cb0fab,True,2026-10-19 10:24:31.380636,everyday,1,False
TXN-b0d574ed9cc5,CUST-0070,76,14893.15,UPI,PAYEE-b686129d,False,2026-10-19 11:42:46.440582,everyday,1,False
TXN-98d10c17aa7e,CUST-0034,68,12348.2,branch,PAYEE-68dc45ec,True,2026-10-19 12:11:31.179497,everyday,0,False
TXN-bded20e4f18c,CUST-0046,63,7649.61,UPI,PAYEE-b71e28d5,False,2026-10-19 12:11:47.641171,everyday,2,False
TXN-e69e36811bff,CUST-0017,81,9208.5,UPI,PAYEE-8ea4952e,False,2026-10-19 12:30:04.064840,everyday,1,False
TXN-9f720eec5a7d,CUST-0065,60,4413.05,UPI,PAYEE-1cbbf9c8,False,2026-10-19 12:40:53.311384,everyday,2,False
TXN-eecbc9719bc3,CUST-0015,78,2350.34,UPI,PAYEE-109f72a2,False,2026-10-19 12:50:28.931393,everyday,0,False
TXN-24d083786f77,CUST-0059,80,72768.23,UPI,PAYEE-df7a4478,False,2026-10-19 14:13:54.064253,vault,0,False
TXN-e87cf9d4b1f4,CUST-0015,78,1694.54,UPI,PAYEE-ac09d88e,False,2026-10-19 14:14:31.943532,everyday,1,False
TXN-0f550ecce117,CUST-0031,77,12870.63,RTGS,PAYEE-29d60a53,False,2026-10-19 14:52:50.094764,everyday,0,False
TXN-66a759b52688,CUST-0077,75,14628.97,branch,PAYEE-837f32e3,True,2026-10-19 15:46:47.228023,everyday,1,False
TXN-31a63d1b34a0,CUST-0088,78,6542.72,UPI,PAYEE-167a05be,True,2026-10-19 17:03:23.824398,everyday,1,False
TXN-e42d5003a528,CUST-0084,83,11287.78,UPI,PAYEE-38fbf84e,True,2026-10-19 17:54:04.112201,everyday,2,False
TXN-ae1f85dce074,CUST-0081,68,6034.58,RTGS,PAYEE-68a88721,True,2026-10-19 18:11:40.907382,everyday,0,False
TXN-2332f0e64788,CUST-0047,78,12806.34,RTGS,PAYEE-37433a29,False,2026-10-19 19:15:57.958329,everyday,2,False
TXN-f7fba9a45d88,CUST-0062,69,14706.12,UPI,PAYEE-e634db04,True,2026-10-19 19:25:12.840778,everyday,0,False
TXN-0398e0ec6b69,CUST-0066,76,4680.04,UPI,PAYEE-532b8712,False,2026-10-19 19:47:23.331011,everyday,0,False
TXN-6c9c28c6cc57,CUST-0047,78,6853.11,branch,PAYEE-6aec87e5,False,2026-10-19 20:02:51.483557,everyday,3,False
TXN-b8f91f2a7553,CUST-0074,82,3430.8,UPI,PAYEE-497adbc0,True,2026-10-19 20:19:56.687074,everyday,0,False
TXN-65ae1d5f04e6,CUST-0085,81,11554.55,UPI,PAYEE-24872bd2,False,2026-10-19 21:04:23.165574,everyday,0,False
TXN-98f8b36a01c5,CUST-0090,83,10069.12,UPI,PAYEE-9ac57b4e,False,2026-10-19 21:58:31.144023,everyday,0,False
TXN-45d63c163354,CUST-0005,82,7370.42,UPI,PAYEE-a30542ae,False,2026-10-19 22:26:09.355687,everyday,0,False
TXN-b0e16b87f0c3,CUST-0010,63,1751.78,RTGS,PAYEE-205f9a34,False,2026-10-19 23:00:27.209698,everyday,0,False
TXN-58f0d8cd83a6,CUST-0018,61,11445.96,UPI,PAYEE-cc9a0963,True,2026-10-19 23:19:45.938541,everyday,0,False
TXN-41cf51119591,CUST-0025,70,11799.64,branch,PAYEE-46838ebb,True,2026-10-20 00:06:39.705501,everyday,0,False
TXN-63c1456463db,CUST-0069,81,13994.2,UPI,PAYEE-5052f929,False,2026-10-20 00:08:17.192281,everyday,0,False
TXN-c9fdde3fca7e,CUST-0054,70,7025.87,UPI,PAYEE-fed1785a,False,2026-10-20 00:08:59.037116,everyday,0,False
TXN-97e5f42c6ca1,CUST-0005,82,11226.82,UPI,PAYEE-8aa6ff8f,True,2026-10-20 00:17:54.372200,everyday,1,False
TXN-6f4dc8d03281,CUST-0097,67,4960.39,UPI,PAYEE-c18f1d0f,False,2026-10-20 00:23:14.741481,everyday,0,False
TXN-32afb1e4c648,CUST-0069,81,2523.59,UPI,PAYEE-bf64c603,False,2026-10-20 00:33:25.951057,everyday,1,False
TXN-681c9ded09f1,CUST-0025,70,7010.03,UPI,PAYEE-114a5e26,True,2026-10-20 00:45:56.359546,everyday,1,False
TXN-e3b5e1e3e0a4,CUST-0084,83,51911.67,UPI,PAYEE-4b07ab9a,False,2026-10-20 01:02:10.741933,vault,2,False
TXN-7bd0ff7456f5,CUST-0004,73,6689.22,UPI,PAYEE-df56bfd5,True,2026-10-20 01:02:41.992825,everyday,0,False
TXN-fa7066f85269,CUST-0082,78,4205.33,UPI,PAYEE-1903d3e7,False,2026-10-20 01:24:56.849702,everyday,0,False
TXN-119dda1c23bf,CUST-0060,64,6191.01,UPI,PAYEE-cd6de564,False,2026-10-20 02:13:55.994543,everyday,0,False
TXN-0fd2447c6f5b,CUST-0084,83,71714.31,branch,PAYEE-562d8aca,False,2026-10-20 02:27:12.853625,everyday,3,False
TXN-4399eb73c616,CUST-0072,85,4858.06,UPI,PAYEE-884a4551,False,2026-10-20 02:34:14.252860,everyday,0,False
TXN-5a0cd69cde5a,CUST-0082,78,14489.91,branch,PAYEE-c60a6f5c,True,2026-10-20 03:19:15.040678,everyday,1,False
TXN-9a47be660836,CUST-0056,67,10763.18,UPI,PAYEE-b3f9ca64,True,2026-10-20 03:26:09.716457,everyday,0,False
TXN-fcef104430de,CUST-0033,75,11196.4,UPI,PAYEE-f7c78fad,True,2026-10-20 03:44:03.871213,everyday,0,False
TXN-badbea955db7,CUST-0056,67,13153.97,RTGS,PAYEE-15166354,False,2026-10-20 03:54:44.194580,everyday,1,False
TXN-d4a150dd865f,CUST-0041,81,2845.52,UPI,PAYEE-b718165f,False,2026-10-20 03:55:19.076330,everyday,0,False
TXN-8d3f45e1bddb,CUST-0022,73,4860.83,UPI,PAYEE-76c26937,False,2026-10-20 04:09:14.167049,everyday,0,False
TXN-7febd63cb6ff,CUST-0011,71,10233.62,UPI,PAYEE-febd95e3,False,2026-10-20 04:39:05.864918,everyday,2,False
TXN-4db37fef9e0a,CUST-0069,81,6873.22,UPI,PAYEE-a28538f9,False,2026-10-20 04:57:20.862010,everyday,2,False
TXN-c6d61022e25c,CUST-0090,83,4275.03,branch,PAYEE-f7ab984b,True,2026-10-20 04:59:27.978652,everyday,1,False
TXN-30becc58ce77,CUST-0093,76,4872.63,branch,PAYEE-b6f4866d,True,2026-10-20 05:06:11.599496,everyday,0,False
TXN-7ebc4c3b3505,CUST-0058,81,10158.16,UPI,PAYEE-f9effd85,False,2026-10-20 05:31:43.594557,everyday,0,False
TXN-6a190f308324,CUST-0007,76,11770.08,branch,PAYEE-069ed4eb,False,2026-10-20 07:12:19.053461,everyday,0,False
TXN-3ad57eed7ad6,CUST-0029,68,13242.31,UPI,PAYEE-d9b143f4,False,2026-10-20 07:18:12.390190,everyday,0,False
TXN-6e11f00b548a,CUST-0088,78,4580.35,RTGS,PAYEE-e8a2c231,True,2026-10-20 07:22:44.427906,everyday,1,False
TXN-9ae7b34c99ea,CUST-0059,80,6711.52,branch,PAYEE-c118891b,False,2026-10-20 07:23:36.569601,everyday,1,False
TXN-4f6b68377eb6,CUST-0093,76,75784.63,UPI,PAYEE-cd5fc8dd,False,2026-10-20 07:46:38.360913,everyday,1,False
TXN-71ce3f0e5122,CUST-0060,64,9972.81,UPI,PAYEE-b10de9d4,True,2026-10-20 07:57:58.036747,everyday,1,False
TXN-5e5fc4f16d6a,CUST-0043,65,13982.65,UPI,PAYEE-23689b3c,False,2026-10-20 08:10:22.072492,everyday,0,False
TXN-6427102649ba,CUST-0053,79,8622.72,branch,PAYEE-4645fc82,False,2026-10-20 08:30:53.884322,everyday,0,False
TXN-24ad9e95363d,CUST-0041,81,7426.65,RTGS,PAYEE-426400ea,True,2026-10-20 08:44:52.395033,everyday,1,False
TXN-4edb726475bd,CUST-0029,68,5445.25,UPI,PAYEE-db78469a,False,2026-10-20 08:47:49.757780,everyday,1,False
TXN-34bd4e84c40e,CUST-0053,79,8160.82,RTGS,PAYEE-999b1b9e,True,2026-10-20 09:03:35.644877,everyday,1,False
TXN-4e1219db3bd4,CUST-0082,78,8115.44,UPI,PAYEE-9729730b,False,2026-10-20 09:07:32.693149,everyday,2,False
TXN-42a80e66e84c,CUST-0050,75,10324.92,UPI,PAYEE-5a4401b2,True,2026-10-20 10:00:08.214259,everyday,0,False
TXN-f2014d511a28,CUST-0021,78,13263.01,UPI,PAYEE-2718279f,True,2026-10-20 10:02:25.614029,everyday,0,False
TXN-3641169df685,CUST-0003,81,8037.9,UPI,PAYEE-918e418c,True,2026-10-20 10:13:52.114515,everyday,0,False
TXN-c9c38119fe7c,CUST-0004,73,9951.63,RTGS,PAYEE-b72e671a,True,2026-10-20 10:17:49.203059,everyday,1,False
TXN-6997681789fd,CUST-0013,67,4165.27,branch,PAYEE-cbe74bf0,False,2026-10-20 10:45:55.597934,everyday,0,False
TXN-a0eb870827f2,CUST-0091,70,11925.25,UPI,PAYEE-8fae07e6,False,2026-10-20 10:45:59.673994,everyday,0,False
TXN-7e01b57f1660,CUST-0094,83,9461.47,UPI,PAYEE-0d56f387,True,2026-10-20 11:10:51.933895,everyday,0,False
TXN-cc3eb960011d,CUST-0000,72,10379.03,branch,PAYEE-7dd02aa2,False,2026-10-20 11:54:43.925401,everyday,0,False
TXN-40ea2c243488,CUST-0099,72,3598.8,UPI,PAYEE-7154f68a,True,2026-10-20 12:07:52.308248,everyday,0,False
TXN-b657e9f1fb91,CUST-0068,80,3943.37,UPI,PAYEE-a8f25176,False,2026-10-20 12:12:37.079281,everyday,0,False
TXN-b7c16ba669e7,CUST-0068,80,2499.6,RTGS,PAYEE-1cfc677a,False,2026-10-20 13:00:15.619704,everyday,1,False
TXN-aadb79d1af53,CUST-0012,82,4885.4,UPI,PAYEE-456c5ed1,True,2026-10-20 13:39:18.309246,everyday,0,False
TXN-8aa1af4bdbc7,CUST-0062,69,3688.75,UPI,PAYEE-e634db04,False,2026-10-20 14:00:49.738255,everyday,1,False
TXN-f2e36931f1e9,CUST-0013,67,13610.83,UPI,PAYEE-299c2080,False,2026-10-20 14:32:40.383101,everyday,1,False
TXN-c8e1d3b4e022,CUST-0060,64,1543.37,branch,PAYEE-1df8d9b0,False,2026-10-20 15:15:18.929089,everyday,2,False
TXN-7cbc5cc5ea05,CUST-0062,69,12095.57,branch,PAYEE-9645d5fa,False,2026-10-20 15:20:11.289611,everyday,2,False
TXN-5befd2bc5722,CUST-0023,64,8080.94,UPI,PAYEE-6d85e6e7,False,2026-10-20 15:26:49.642490,everyday,0,False
TXN-9d7badbebd26,CUST-0092,71,12602.03,UPI,PAYEE-5285f99b,False,2026-10-20 15:27:32.318612,everyday,0,False
TXN-c308d6bd9f3e,CUST-0096,74,3839.15,UPI,PAYEE-bc53f672,False,2026-10-20 15:29:10.897583,everyday,0,False
TXN-ff2e400a5f88,CUST-0079,78,603.29,branch,PAYEE-42e77a09,True,2026-10-20 15:47:55.285163,everyday,0,False
TXN-2e68a93312b5,CUST-0072,85,7757.52,UPI,PAYEE-2b728fdf,True,2026-10-20 15:48:29.964579,everyday,1,False
TXN-45d2dfc8dfc1,CUST-0036,76,7904.7,UPI,PAYEE-a10c0053,False,2026-10-20 16:29:12.703852,everyday,0,False
TXN-b4f7d461e314,CUST-0099,72,6245.12,RTGS,PAYEE-28075c91,False,2026-10-20 16:45:33.191086,everyday,1,False
TXN-2f6f9c8bf095,CUST-0063,76,2000.83,UPI,PAYEE-6df5f3fd,False,2026-10-20 17:26:43.127011,everyday,0,False
TXN-47808124f4e9,CUST-0004,73,11610.96,branch,PAYEE-fc280e7c,True,2026-10-20 17:30:55.721764,everyday,2,False
TXN-bdb38deb66fd,CUST-0034,68,5524.72,UPI,PAYEE-5c81fc19,True,2026-10-20 17:58:06.169848,everyday,0,False
TXN-22a84d7a26b2,CUST-0046,63,10144.97,UPI,PAYEE-7712f2c7,False,2026-10-20 18:09:17.098436,everyday,0,False
TXN-6fcf089c479a,CUST-0000,72,11790.83,branch,PAYEE-e3c3245a,True,2026-10-20 18:28:03.286742,everyday,1,False
TXN-e6c518e49904,CUST-0040,71,3928.64,branch,PAYEE-3f530c77,False,2026-10-20 18:35:31.419797,everyday,0,False
TXN-9c0e7d665abe,CUST-0030,65,11779.64,UPI,PAYEE-59f9a920,True,2026-10-20 18:45:45.648135,everyday,0,False
TXN-ac969959fc05,CUST-0093,76,56180.9,UPI,PAYEE-591007bf,False,2026-10-20 18:54:28.144919,FD,2,True
TXN-f793bb4a08ea,CUST-0024,61,945.94,branch,PAYEE-d72e3f79,False,2026-10-20 19:34:54.598981,everyday,0,False
TXN-aaef403c0586,CUST-0056,67,14048.1,UPI,PAYEE-fab7a63d,False,2026-10-20 19:51:15.389833,everyday,2,False
TXN-ec877c44cf58,CUST-0010,63,8227.57,UPI,PAYEE-e3c9aced,True,2026-10-20 19:51:42.622019,everyday,1,False
TXN-c4bb04bd4ceb,CUST-0026,81,7894.24,branch,PAYEE-0859a0d3,True,2026-10-20 20:26:00.777297,everyday,0,False
TXN-70e3c95b2737,CUST-0001,75,4350.21,UPI,PAYEE-5e337333,False,2026-10-20 20:32:50.440576,everyday,0,False
TXN-024de7f27ae4,CUST-0032,84,2593.04,branch,PAYEE-9a475378,False,2026-10-20 20:39:22.443920,everyday,0,False
TXN-49a72d9197c4,CUST-0027,73,8191.89,UPI,PAYEE-8239d2c5,True,2026-10-20 21:36:02.962933,everyday,0,False
TXN-933c92a9ead7,CUST-0083,79,3057.09,RTGS,PAYEE-7f113696,True,2026-10-20 21:39:09.438711,everyday,0,False
TXN-7801908484c1,CUST-0084,83,13516.84,UPI,PAYEE-562d8aca,False,2026-10-20 22:14:56.025530,everyday,2,False
TXN-1449aba17bfb,CUST-0082,78,10859.82,UPI,PAYEE-da9bc3a3,True,2026-10-20 22:26:11.913590,everyday,3,False
TXN-d1db340132ed,CUST-0099,72,7841.58,UPI,PAYEE-75bcd841,False,2026-10-20 22:32:18.946754,everyday,2,False
TXN-1090272df958,CUST-0065,60,4288.97,UPI,PAYEE-1cbbf9c8,False,2026-10-20 23:45:28.521077,everyday,0,False
TXN-3791a27019b1,CUST-0058,81,13071.04,UPI,PAYEE-56974e8c,False,2026-10-20 23:59:34.789910,everyday,1,False
TXN-93a51e0b5a61,CUST-0044,69,10611.23,UPI,PAYEE-ddaa4fff,False,2026-10-21 00:09:32.999934,everyday,0,False
TXN-6323e7988681,CUST-0001,75,9214.0,RTGS,PAYEE-09450c57,False,2026-10-21 00:51:41.424023,everyday,1,False
TXN-9a5072b9d2e5,CUST-0079,78,14319.59,branch,PAYEE-a6f5e48a,False,2026-10-21 00:56:33.278429,everyday,1,False
TXN-c51a7964785e,CUST-0089,77,12124.13,UPI,PAYEE-046d8c35,True,2026-10-21 00:58:08.879526,everyday,0,False
TXN-6ae9aef57a26,CUST-0022,73,2351.85,UPI,PAYEE-567aefe3,True,2026-10-21 01:03:41.922743,everyday,1,False
TXN-4f584058c161,CUST-0089,77,3834.99,branch,PAYEE-e9f5d076,False,2026-10-21 01:12:59.693950,everyday,1,False
TXN-5147418226dd,CUST-0083,79,7114.93,UPI,PAYEE-2c36f06f,True,2026-10-21 01:16:28.316317,everyday,1,False
TXN-cbe7e9e76422,CUST-0013,67,12422.15,UPI,PAYEE-bc99c520,True,2026-10-21 01:51:51.172039,everyday,2,False
TXN-a876f2589533,CUST-0007,76,8389.92,UPI,PAYEE-61bd8ada,False,2026-10-21 02:24:34.382186,everyday,1,False
TXN-7ffa4f9b44ed,CUST-0084,83,56456.28,RTGS,PAYEE-38fbf84e,False,2026-10-21 03:26:11.548344,everyday,1,False
TXN-a8213b3a6c14,CUST-0028,70,14915.26,UPI,PAYEE-76328407,False,2026-10-21 03:36:48.165707,everyday,0,False
TXN-244cc3cf7e00,CUST-0035,63,4918.83,RTGS,PAYEE-3bdcf35c,True,2026-10-21 03:39:29.658542,everyday,0,False
TXN-d422657ca77e,CUST-0098,65,9791.89,UPI,PAYEE-14e0a5a4,False,2026-10-21 03:43:45.794233,everyday,0,False
TXN-064caf6437f7,CUST-0016,77,6632.98,UPI,PAYEE-c14e7b57,False,2026-10-21 04:32:38.075009,everyday,0,False
TXN-68c80a668064,CUST-0070,76,4325.71,branch,PAYEE-769f883b,False,2026-10-21 04:46:35.704595,everyday,0,False
TXN-b438b54a717c,CUST-0015,78,58242.22,RTGS,PAYEE-1e5026ac,True,2026-10-21 05:18:13.411893,FD,0,True
TXN-4090f5098a89,CUST-0077,75,14802.5,RTGS,PAYEE-4bf9e394,False,2026-10-21 05:21:20.489293,everyday,0,False
TXN-601012ad723c,CUST-0088,78,4903.53,UPI,PAYEE-6df88970,True,2026-10-21 05:40:03.306291,everyday,1,False
TXN-65b48f3fbcff,CUST-0057,69,1163.1,UPI,PAYEE-4e08a452,False,2026-10-21 06:04:38.186624,everyday,0,False
TXN-8d9879e88a06,CUST-0095,85,11474.55,UPI,PAYEE-9f12a767,True,2026-10-21 06:51:22.946649,everyday,0,False
TXN-27f0b023cce1,CUST-0064,64,8356.98,UPI,PAYEE-03be367c,False,2026-10-21 07:27:49.699527,everyday,0,False
TXN-909660713b54,CUST-0015,78,1246.37,UPI,PAYEE-d0d9fbe2,False,2026-10-21 07:27:54.631552,everyday,1,False
TXN-b77a771fc8fd,CUST-0002,83,10488.41,UPI,PAYEE-20182b85,False,2026-10-21 07:40:08.114147,everyday,0,False
TXN-82683dd2810d,CUST-0016,77,2578.44,UPI,PAYEE-5040c9b4,False,2026-10-21 07:46:47.154080,everyday,1,False
TXN-e30264e5f4b9,CUST-0022,73,10743.15,UPI,PAYEE-504ebed0,True,2026-10-21 07:49:30.423413,everyday,1,False
TXN-b41d72717045,CUST-0005,82,3904.37,UPI,PAYEE-39c6392c,False,2026-10-21 07:52:47.415732,everyday,0,False
TXN-f7ea74b7f721,CUST-0096,74,4844.13,branch,PAYEE-c61542d2,False,2026-10-21 10:22:41.473094,everyday,1,False
TXN-39c0014cf104,CUST-0092,71,13448.04,UPI,PAYEE-2d294308,False,2026-10-21 11:02:42.169768,everyday,1,False
TXN-67ec134cf38a,CUST-0028,70,9669.74,RTGS,PAYEE-70b05b23,False,2026-10-21 11:26:13.127112,everyday,1,False
TXN-56a944164bb8,CUST-0040,71,11979.9,UPI,PAYEE-fe937e9f,True,2026-10-21 11:40:15.397889,everyday,1,False
TXN-ba81b4e3272c,CUST-0065,60,7420.17,UPI,PAYEE-1eee1d71,False,2026-10-21 11:43:56.241029,everyday,1,False
TXN-8783ce043a34,CUST-0073,68,6593.66,branch,PAYEE-bf681041,False,2026-10-21 11:59:28.508096,everyday,0,False
TXN-72073040b8f4,CUST-0098,65,13680.22,UPI,PAYEE-14e0a5a4,False,2026-10-21 12:08:08.863319,everyday,1,False
TXN-22c0aeacdf2b,CUST-0064,64,14267.94,branch,PAYEE-e8f8787e,True,2026-10-21 12:32:10.440079,everyday,1,False
TXN-0043df00cf47,CUST-0029,68,5521.6,UPI,PAYEE-d9b143f4,False,2026-10-21 12:35:47.014530,everyday,0,False
TXN-be472616d543,CUST-0050,75,1279.83,branch,PAYEE-c75c865a,True,2026-10-21 12:42:21.725477,everyday,0,False
TXN-05e14ad6f4a3,CUST-0085,81,14187.79,UPI,PAYEE-09724b69,True,2026-10-21 12:44:29.052498,everyday,0,False
TXN-73bed438db65,CUST-0026,81,5758.29,UPI,PAYEE-33fc4e4d,True,2026-10-21 12:48:51.033725,everyday,1,False
TXN-ce632c42477f,CUST-0065,60,14589.86,UPI,PAYEE-197f4371,False,2026-10-21 12:58:47.571757,everyday,2,False
TXN-ff675abaca41,CUST-0045,69,4811.54,branch,PAYEE-c0e17b8e,False,2026-10-21 13:31:10.120844,everyday,0,False
TXN-1d1613758716,CUST-0024,61,14921.83,branch,PAYEE-dd937619,True,2026-10-21 14:08:56.543537,everyday,1,False
TXN-3bfb32810d85,CUST-0030,65,7885.86,UPI,PAYEE-6da82c36,False,2026-10-21 15:11:31.381728,everyday,1,False
TXN-e18672696f49,CUST-0080,64,11133.62,branch,PAYEE-dd49152b,True,2026-10-21 16:04:41.781051,everyday,0,False
TXN-ad678a4ea129,CUST-0078,63,1604.83,branch,PAYEE-133847fc,True,2026-10-21 16:50:00.696450,everyday,0,False
TXN-c26d459666d3,CUST-0093,76,14110.06,UPI,PAYEE-cd5fc8dd,False,2026-10-21 17:00:09.018428,everyday,1,False
TXN-91e215f0e064,CUST-0013,67,4671.41,UPI,PAYEE-01e3d794,False,2026-10-21 17:00:32.658270,everyday,1,False
TXN-69e2bf989988,CUST-0005,82,5248.93,UPI,PAYEE-b0915e93,False,2026-10-21 17:01:32.624297,everyday,1,False
TXN-12d2c5465466,CUST-0003,81,3696.21,UPI,PAYEE-61060a09,False,2026-10-21 17:14:19.407845,everyday,0,False
TXN-6fe21b1fd825,CUST-0046,63,5915.48,UPI,PAYEE-d90a4b50,False,2026-10-21 17:25:19.396039,everyday,1,False
TXN-eab53ad81062,CUST-0090,83,57663.57,UPI,PAYEE-ec424ff1,True,2026-10-21 17:50:04.504515,FD,0,True
TXN-89b09e3a0053,CUST-0042,60,9811.16,branch,PAYEE-e7dd78f1,False,2026-10-21 18:29:52.793531,everyday,0,False
TXN-74fecea3b69d,CUST-0013,67,8778.67,UPI,PAYEE-4f30876b,False,2026-10-21 18:47:36.186376,everyday,2,False
TXN-e32c3f9fd4bc,CUST-0027,73,3640.17,branch,PAYEE-c9bdc10d,False,2026-10-21 18:54:50.306955,everyday,1,False
TXN-d6ec506b0501,CUST-0062,69,443.1,UPI,PAYEE-1a333c36,False,2026-10-21 19:28:57.409061,everyday,0,False
TXN-671ea3e8d2eb,CUST-0035,63,2300.39,branch,PAYEE-e891e12d,True,2026-10-21 19:31:57.223345,everyday,1,False
TXN-8e036800e43d,CUST-0039,71,11786.28,UPI,PAYEE-d8269d2f,False,2026-10-21 19:46:33.142445,everyday,0,False
TXN-130b7105d5e5,CUST-0084,83,2955.49,UPI,PAYEE-ed1d341b,True,2026-10-21 19:51:54.503411,everyday,2,False
TXN-5032fca057a2,CUST-0056,67,13636.65,branch,PAYEE-b8af906a,True,2026-10-21 20:14:33.847017,everyday,0,False
TXN-805fd35d2d1d,CUST-0025,70,1941.57,UPI,PAYEE-4b178655,False,2026-10-21 20:32:17.739741,everyday,0,False
TXN-7166c7defe27,CUST-0048,73,9071.53,branch,PAYEE-339fd18f,False,2026-10-21 20:33:04.577707,everyday,0,False
TXN-f5f6f6bf8827,CUST-0018,61,8945.82,UPI,PAYEE-ceefe8c1,False,2026-10-21 20:49:47.702091,everyday,0,False
TXN-ec3858cc6874,CUST-0009,78,11891.57,UPI,PAYEE-a0ec0989,False,2026-10-21 21:10:18.594389,everyday,0,False
TXN-c6b50661b1e6,CUST-0043,65,73058.19,UPI,PAYEE-0e71975d,True,2026-10-21 21:35:25.888377,FD,0,True
TXN-ffd199ebbaad,CUST-0021,78,2688.31,UPI,PAYEE-89811450,True,2026-10-21 22:17:28.052850,everyday,0,False
TXN-fcc6981a9528,CUST-0074,82,8872.58,UPI,PAYEE-29bb290c,False,2026-10-21 22:18:35.807530,everyday,0,False
TXN-cc82b77a9c58,CUST-0035,63,713.62,UPI,PAYEE-2f22f4ca,False,2026-10-21 22:23:36.347524,everyday,2,False
TXN-230eb7245953,CUST-0064,64,7517.3,UPI,PAYEE-e8f8787e,False,2026-10-21 22:28:30.021806,everyday,2,False
TXN-66cc48b59206,CUST-0054,70,11113.83,UPI,PAYEE-fed1785a,False,2026-10-21 22:52:08.770867,everyday,0,False
TXN-5a1ec65a0979,CUST-0030,65,77922.75,UPI,PAYEE-a652353d,True,2026-10-21 22:53:01.706897,vault,1,False
TXN-956071c1f557,CUST-0048,73,10789.05,branch,PAYEE-a69f6d06,False,2026-10-21 22:54:25.830121,everyday,1,False
TXN-584aa48a89e1,CUST-0038,75,13445.94,UPI,PAYEE-6e39af07,False,2026-10-21 23:43:21.097846,everyday,0,False
TXN-092ae1b8743f,CUST-0025,70,9958.8,UPI,PAYEE-e425461a,True,2026-10-22 00:31:22.689359,everyday,1,False
TXN-470b72c41835,CUST-0062,69,13642.32,branch,PAYEE-d8d11006,False,2026-10-22 00:32:03.029661,everyday,1,False
TXN-4f59915a3ab3,CUST-0020,82,754.11,UPI,PAYEE-3bda2464,False,2026-10-22 00:36:35.189939,everyday,0,False
TXN-b4b245c9553a,CUST-0082,78,8500.16,UPI,PAYEE-9729730b,False,2026-10-22 00:55:39.231223,everyday,0,False
TXN-1c37908c2ed8,CUST-0019,63,11151.23,branch,PAYEE-48a1839e,False,2026-10-22 01:04:46.992292,everyday,0,False
TXN-489fa878ea6a,CUST-0026,81,12465.27,RTGS,PAYEE-4647f5e7,False,2026-10-22 01:30:32.970050,everyday,1,False
TXN-3b364de08ccf,CUST-0067,81,10752.32,UPI,PAYEE-ebc52155,False,2026-10-22 02:13:37.868153,everyday,0,False
TXN-8cfaec0c3fbb,CUST-0096,74,5030.42,UPI,PAYEE-bc53f672,False,2026-10-22 02:59:10.658187,everyday,1,False
TXN-15dc362429d5,CUST-0059,80,5797.33,UPI,PAYEE-a5e13d8c,False,2026-10-22 03:19:58.706450,everyday,0,False
TXN-34b42f604910,CUST-0012,82,11647.09,RTGS,PAYEE-b9d3865d,True,2026-10-22 04:09:29.401737,everyday,0,False
TXN-76d1631cde4e,CUST-0097,67,4779.9,RTGS,PAYEE-be51d36f,True,2026-10-22 04:32:01.128256,everyday,0,False
TXN-5c9a7872f25b,CUST-0041,81,9883.42,branch,PAYEE-b718165f,False,2026-10-22 05:48:50.674310,everyday,0,False
TXN-1b7a1aa3484f,CUST-0012,82,8946.5,UPI,PAYEE-1b111d82,False,2026-10-22 06:17:33.578281,everyday,1,False
TXN-7e32dba2024c,CUST-0093,76,10061.14,branch,PAYEE-b6f4866d,False,2026-10-22 07:19:26.935101,everyday,1,False
TXN-488677ba5e6a,CUST-0027,73,14630.17,UPI,PAYEE-0c3dccff,True,2026-10-22 07:27:14.268748,everyday,1,False
TXN-5e0d381133cc,CUST-0009,78,9653.57,branch,PAYEE-85438a03,False,2026-10-22 08:12:31.332692,everyday,1,False
TXN-fe3dd59a90b4,CUST-0067,81,12506.93,UPI,PAYEE-303e90c4,False,2026-10-22 08:12:46.337726,everyday,1,False
TXN-c9058d797619,CUST-0027,73,7733.19,branch,PAYEE-0c3dccff,False,2026-10-22 08:32:58.331776,everyday,2,False
TXN-f086eda81fa1,CUST-0040,71,2868.29,UPI,PAYEE-e867abf0,False,2026-10-22 08:44:00.957317,everyday,1,False
TXN-98c11b8cf7a2,CUST-0007,76,1078.67,UPI,PAYEE-2d739afd,True,2026-10-22 08:45:00.048337,everyday,0,False
TXN-950fd28be6f4,CUST-0038,75,6742.96,UPI,PAYEE-abd01f87,True,2026-10-22 09:17:13.390815,everyday,1,False
TXN-6ef66ccb504a,CUST-0090,83,3843.61,UPI,PAYEE-bb3a3947,True,2026-10-22 09:25:43.844005,everyday,1,False
TXN-77b2e26a70c3,CUST-0054,70,2620.95,UPI,PAYEE-ce6e8412,False,2026-10-22 09:34:35.215945,everyday,1,False
TXN-887e1393dc0d,CUST-0098,65,66968.51,UPI,PAYEE-16faa5d5,False,2026-10-22 09:50:17.406578,vault,1,False
TXN-492d4c629764,CUST-0053,79,10037.14,branch,PAYEE-fb735948,False,2026-10-22 10:19:57.737215,everyday,0,False
TXN-74f63987c678,CUST-0032,84,429.75,RTGS,PAYEE-fe00f841,True,2026-10-22 10:56:27.882212,everyday,0,False
TXN-c05e712dc758,CUST-0041,81,6525.68,UPI,PAYEE-829adb0a,False,2026-10-22 11:05:17.623610,everyday,1,False
TXN-1848939d1a43,CUST-0099,72,6586.63,RTGS,PAYEE-3bb09fa0,False,2026-10-22 11:12:35.686933,everyday,0,False
TXN-86b6fb36ea0d,CUST-0044,69,14156.69,RTGS,PAYEE-88a2e4fc,True,2026-10-22 11:29:38.097906,everyday,0,False
TXN-8f620e26a91b,CUST-0046,63,8645.46,branch,PAYEE-d90a4b50,False,2026-10-22 12:44:56.137185,everyday,1,False
TXN-1920e8754b4b,CUST-0002,83,1185.14,UPI,PAYEE-834a52cd,False,2026-10-22 13:12:32.612973,everyday,0,False
TXN-fa7b7064356d,CUST-0011,71,8917.95,UPI,PAYEE-febd95e3,False,2026-10-22 14:51:20.135789,everyday,0,False
TXN-b128ef0a544d,CUST-0009,78,12487.04,branch,PAYEE-e46ddc92,False,2026-10-22 15:15:06.330312,everyday,2,False
TXN-2242a6bab573,CUST-0040,71,2100.73,UPI,PAYEE-e761f4dc,True,2026-10-22 15:21:51.290282,everyday,1,False
TXN-2ac609657264,CUST-0012,82,497.04,UPI,PAYEE-20a0895a,False,2026-10-22 15:24:29.091072,everyday,2,False
TXN-f8bd728ac3f7,CUST-0085,81,1643.98,branch,PAYEE-48a79d85,True,2026-10-22 15:50:09.005328,everyday,0,False
TXN-8a1cec271d42,CUST-0000,72,4473.15,UPI,PAYEE-c09a88f4,True,2026-10-22 15:54:22.622915,everyday,0,False
TXN-29c1a11459f9,CUST-0057,69,3227.14,UPI,PAYEE-0dfe8fbc,False,2026-10-22 16:12:26.830694,everyday,0,False
TXN-a8792365fb7c,CUST-0051,81,12652.76,UPI,PAYEE-a44fa169,True,2026-10-22 16:33:23.048807,everyday,0,False
TXN-2f192fad6641,CUST-0013,67,6906.3,UPI,PAYEE-01e3d794,False,2026-10-22 16:45:41.966906,everyday,2,False
TXN-2d2489eaa777,CUST-0026,81,14246.75,branch,PAYEE-53def520,True,2026-10-22 16:58:29.635974,everyday,1,False
TXN-bc314fd16532,CUST-0037,69,14692.31,UPI,PAYEE-2c1c30dd,True,2026-10-22 17:20:00.165363,everyday,0,False
TXN-1ce4a2920fae,CUST-0071,64,59685.77,UPI,PAYEE-389f2cb2,True,2026-10-22 17:21:27.710353,everyday,0,False
TXN-ca75cb3b3144,CUST-0030,65,11535.6,UPI,PAYEE-fc360790,False,2026-10-22 17:24:52.180618,everyday,1,False
TXN-3b3075063888,CUST-0033,75,6636.91,UPI,PAYEE-68df889e,True,2026-10-22 17:34:02.617205,everyday,0,False
TXN-8dc7d72770d7,CUST-0059,80,11948.97,UPI,PAYEE-df7a4478,False,2026-10-22 17:59:31.759566,everyday,1,False
TXN-7994e27acf95,CUST-0046,63,8964.92,RTGS,PAYEE-b71e28d5,False,2026-10-22 18:08:39.696862,everyday,1,False
TXN-dd72e1d98d12,CUST-0005,82,11836.99,UPI,PAYEE-d690129d,True,2026-10-22 18:45:24.146934,everyday,0,False
TXN-62f56bb9b47e,CUST-0052,84,11969.32,UPI,PAYEE-ad65d65c,True,2026-10-22 19:05:11.966668,everyday,0,False
TXN-278053fbe5f1,CUST-0066,76,13646.05,RTGS,PAYEE-f75e5bdb,False,2026-10-22 19:16:13.907849,everyday,0,False
TXN-0eb7eee3c8af,CUST-0084,83,6003.6,UPI,PAYEE-38fbf84e,False,2026-10-22 19:17:12.951955,everyday,1,False
TXN-bb8468f4a0f4,CUST-0010,63,6449.13,UPI,PAYEE-205f9a34,False,2026-10-22 19:18:22.913683,everyday,0,False
TXN-4ffd09847c22,CUST-0040,71,4409.21,UPI,PAYEE-67025013,False,2026-10-22 19:25:10.682913,everyday,2,False
TXN-4060908a40cf,CUST-0075,82,11016.44,UPI,PAYEE-0cce087c,False,2026-10-22 20:16:38.909638,everyday,0,False
TXN-1c7e43f7a8d3,CUST-0085,81,60271.01,UPI,PAYEE-83bb7c6a,False,2026-10-22 20:42:30.638516,vault,1,False
TXN-afcf9d391fb6,CUST-0082,78,1016.1,UPI,PAYEE-1903d3e7,False,2026-10-22 20:50:56.716203,everyday,1,False
TXN-0ac620cefe88,CUST-0082,78,6998.78,UPI,PAYEE-d9dac28e,True,2026-10-22 21:16:34.577646,everyday,2,False
TXN-356549178ea6,CUST-0021,78,1605.38,UPI,PAYEE-2718279f,False,2026-10-22 23:17:36.449901,everyday,0,False
TXN-666603ddd7f7,CUST-0092,71,1158.1,UPI,PAYEE-f88794d4,False,2026-10-22 23:26:26.025706,everyday,0,False
TXN-520ca038bd93,CUST-0029,68,9648.49,UPI,PAYEE-704f94ac,False,2026-10-22 23:44:25.486588,everyday,0,False
TXN-e82bf17d93a1,CUST-0086,63,14692.72,UPI,PAYEE-63f00185,False,2026-10-23 00:00:10.157367,everyday,0,False
TXN-fe98731d06ec,CUST-0089,77,2211.46,UPI,PAYEE-24b79f20,False,2026-10-23 00:03:24.742458,everyday,0,False
TXN-dcfea8792c63,CUST-0025,70,8012.4,UPI,PAYEE-b77a68eb,True,2026-10-23 00:11:39.600447,everyday,1,False
TXN-c958d0202de9,CUST-0034,68,5569.98,UPI,PAYEE-1e60627f,False,2026-10-23 00:14:00.865810,everyday,0,False
TXN-0b56b39b58e5,CUST-0061,67,7194.22,UPI,PAYEE-bac57dce,False,2026-10-23 00:40:47.909826,everyday,0,False
TXN-56015c8a964c,CUST-0087,73,8128.26,UPI,PAYEE-9336cea0,True,2026-10-23 00:47:32.430324,everyday,0,False
TXN-f68c592e6e8a,CUST-0088,78,11770.71,UPI,PAYEE-167a05be,False,2026-10-23 01:09:52.576035,everyday,0,False
TXN-42759d8d75cf,CUST-0042,60,11141.67,UPI,PAYEE-fa318a1e,True,2026-10-23 01:31:51.603658,everyday,0,False
TXN-2883505df8b4,CUST-0030,65,3881.29,UPI,PAYEE-4d8b275e,False,2026-10-23 01:45:48.060127,everyday,1,False
TXN-264522980fdf,CUST-0029,68,2472.41,UPI,PAYEE-db78469a,False,2026-10-23 01:51:44.144500,everyday,1,False
TXN-7fc3e512f198,CUST-0002,83,12180.5,branch,PAYEE-f37ccf12,True,2026-10-23 02:19:35.110789,everyday,1,False
TXN-e1cdd1ec83f5,CUST-0044,69,6924.81,UPI,PAYEE-78298fbd,True,2026-10-23 03:42:58.991851,everyday,1,False
TXN-55b991709ef1,CUST-0093,76,8112.68,branch,PAYEE-cd5fc8dd,False,2026-10-23 03:44:55.905394,everyday,1,False
TXN-b3f50d34f83e,CUST-0035,63,2424.27,branch,PAYEE-ee840444,True,2026-10-23 04:29:55.585064,everyday,0,False
TXN-ce7e76b036fe,CUST-0006,84,8873.91,UPI,PAYEE-9f468e40,False,2026-10-23 06:02:13.203625,everyday,0,False
TXN-23506e4b6f78,CUST-0070,76,8200.72,RTGS,PAYEE-e3bfe6b0,False,2026-10-23 06:29:04.305341,everyday,0,False
TXN-7c3fcfcb0156,CUST-0001,75,1643.44,branch,PAYEE-09450c57,False,2026-10-23 06:32:24.044879,everyday,0,False
TXN-a23a6a89fc6f,CUST-0027,73,62496.99,branch,PAYEE-80d22fac,False,2026-10-23 07:26:32.552509,everyday,2,False
TXN-f9c79ea24305,CUST-0085,81,4640.65,branch,PAYEE-fc8a1354,True,2026-10-23 07:29:16.366782,everyday,2,False
TXN-28584aace14f,CUST-0090,83,10668.65,UPI,PAYEE-dafa327a,False,2026-10-23 07:54:10.938947,everyday,1,False
TXN-9c0efb1cea7f,CUST-0061,67,1406.44,UPI,PAYEE-7aa7ec60,True,2026-10-23 08:07:29.213958,everyday,1,False
TXN-5b63ffb53633,CUST-0026,81,1411.5,UPI,PAYEE-5ec89820,False,2026-10-23 08:34:19.396392,everyday,1,False
TXN-74c4bcc375ae,CUST-0040,71,882.6,UPI,PAYEE-6d7a2c3a,True,2026-10-23 09:13:42.213652,everyday,2,False
TXN-56d18c90e810,CUST-0091,70,7826.71,UPI,PAYEE-746900bd,True,2026-10-23 09:41:26.886592,everyday,0,False
TXN-87c41f6bd49c,CUST-0028,70,11146.49,UPI,PAYEE-70b05b23,False,2026-10-23 09:45:41.020148,everyday,0,False
TXN-3e7e201e41dc,CUST-0042,60,52125.78,UPI,PAYEE-b5302263,True,2026-10-23 09:54:08.865134,vault,1,False
TXN-46ff71e08d80,CUST-0087,73,10699.9,UPI,PAYEE-a0111361,False,2026-10-23 10:02:12.130254,everyday,1,False
TXN-72a1558e7c68,CUST-0082,78,14154.24,UPI,PAYEE-c60a6f5c,False,2026-10-23 10:08:02.658153,everyday,2,False
TXN-882ba5941bbb,CUST-0002,83,5910.8,branch,PAYEE-7e97245d,False,2026-10-23 10:12:40.613991,everyday,2,False
TXN-2f77d3b2e934,CUST-0049,68,1840.95,UPI,PAYEE-ae048e04,False,2026-10-23 10:25:58.169128,everyday,0,False
TXN-84c7c458a6c4,CUST-0093,76,720.32,RTGS,PAYEE-b6f4866d,False,2026-10-23 10:27:10.792313,everyday,1,False
TXN-c650d1fd99b9,CUST-0032,84,9705.2,UPI,PAYEE-28644c32,False,2026-10-23 10:29:05.132051,everyday,1,False
TXN-66d61079272e,CUST-0001,75,3343.74,UPI,PAYEE-09450c57,False,2026-10-23 10:32:32.652503,everyday,1,False
TXN-6e359784db75,CUST-0084,83,79031.71,UPI,PAYEE-4d71bf45,False,2026-10-23 10:34:04.242519,everyday,1,False
TXN-1d446678074b,CUST-0062,69,7288.38,branch,PAYEE-d8d11006,False,2026-10-23 10:50:07.485783,everyday,0,False
TXN-91feb4275aac,CUST-0064,64,13672.21,branch,PAYEE-e8f8787e,False,2026-10-23 11:45:39.332998,everyday,0,False
TXN-2bdd2f2d83bb,CUST-0000,72,14142.22,UPI,PAYEE-c78d8126,False,2026-10-23 12:37:55.256541,everyday,1,False
TXN-7d81ca6b6674,CUST-0067,81,1757.87,UPI,PAYEE-db73458f,True,2026-10-23 12:48:56.552300,everyday,0,False
TXN-38531d99e4df,CUST-0099,72,14754.34,branch,PAYEE-62eeba24,False,2026-10-23 13:11:40.720464,everyday,0,False
TXN-8b8ed9363117,CUST-0015,78,13938.62,UPI,PAYEE-14cf5257,True,2026-10-23 13:37:23.585843,everyday,0,False
TXN-04ad5431309d,CUST-0040,71,2261.55,RTGS,PAYEE-6d7a2c3a,False,2026-10-23 13:59:17.281513,everyday,3,False
TXN-8160cbd5a5b8,CUST-0043,65,14093.3,UPI,PAYEE-7a25656d,False,2026-10-23 14:17:05.707852,everyday,0,False
TXN-54f403bf03b1,CUST-0092,71,12954.74,RTGS,PAYEE-f0d4d1fc,True,2026-10-23 15:12:56.702124,everyday,1,False
TXN-ae4ac1715a36,CUST-0027,73,12920.63,UPI,PAYEE-0c3dccff,False,2026-10-23 15:40:39.171901,everyday,1,False
TXN-a6692133eb74,CUST-0028,70,1862.76,UPI,PAYEE-70b05b23,False,2026-10-23 16:17:29.866634,everyday,1,False
TXN-7b85c927aefd,CUST-0050,75,5882.53,UPI,PAYEE-625c513b,True,2026-10-23 16:40:23.747927,everyday,0,False
TXN-308baefebe90,CUST-0052,84,3284.64,UPI,PAYEE-be8ea1e3,False,2026-10-23 17:04:24.072535,everyday,1,False
TXN-5291985e5008,CUST-0076,79,12439.55,UPI,PAYEE-00222767,False,2026-10-23 17:13:17.745279,everyday,0,False
TXN-eaa49342434c,CUST-0036,76,4120.89,UPI,PAYEE-5d2096bd,False,2026-10-23 17:35:56.920569,everyday,0,False
TXN-1cf3d2c3866e,CUST-0022,73,1611.29,UPI,PAYEE-76c26937,False,2026-10-23 17:56:07.264905,everyday,0,False
TXN-2a98ee49daab,CUST-0060,64,3267.34,UPI,PAYEE-cd6de564,False,2026-10-23 18:35:54.863392,everyday,0,False
TXN-56487a54b7e8,CUST-0026,81,10778.21,UPI,PAYEE-70f9d275,False,2026-10-23 18:42:37.313197,everyday,1,False
TXN-8ed9993ff076,CUST-0066,76,5142.01,branch,PAYEE-9200542c,True,2026-10-23 18:57:49.180868,everyday,1,False
TXN-e0812c5257b0,CUST-0008,65,2739.48,branch,PAYEE-e2a53d88,False,2026-10-23 19:06:41.571783,everyday,0,False
TXN-c8e9ee1e02d1,CUST-0075,82,10012.39,UPI,PAYEE-0f5c0950,False,2026-10-23 19:08:04.857310,everyday,1,False
TXN-69cdff8b0fbf,CUST-0004,73,2894.98,UPI,PAYEE-638328a7,False,2026-10-23 19:11:35.469470,everyday,0,False
TXN-b95ac6e1064c,CUST-0017,81,11649.18,branch,PAYEE-a7ff7421,True,2026-10-23 19:12:10.707273,everyday,0,False
TXN-823aa60d75b8,CUST-0011,71,11039.58,branch,PAYEE-04c69f27,False,2026-10-23 19:40:43.666509,everyday,0,False
TXN-6aa7fa4aa391,CUST-0085,81,6810.6,UPI,PAYEE-b9b3bf33,False,2026-10-23 20:09:08.536334,everyday,2,False
TXN-abaa895fd597,CUST-0053,79,9125.07,branch,PAYEE-7f172fb7,True,2026-10-23 20:24:31.400319,everyday,0,False
TXN-7c1b2df71d4a,CUST-0013,67,6296.1,UPI,PAYEE-dad5f2d8,False,2026-10-23 20:32:20.134965,everyday,0,False
TXN-4a29c020f67e,CUST-0051,81,13673.69,UPI,PAYEE-98cbe11f,True,2026-10-23 20:36:52.476439,everyday,0,False
TXN-91af6e5c7d9d,CUST-0096,74,7680.99,UPI,PAYEE-d9031855,False,2026-10-23 20:41:08.216293,everyday,0,False
TXN-338bbde3c5a2,CUST-0088,78,238.18,UPI,PAYEE-afc0c763,False,2026-10-23 20:50:50.082674,everyday,1,False
TXN-dfe1cd7ae45f,CUST-0095,85,6228.22,UPI,PAYEE-da65035a,False,2026-10-23 21:05:11.739166,everyday,0,False
TXN-6d02dfb90e1d,CUST-0024,61,1554.29,UPI,PAYEE-0b066858,True,2026-10-23 21:18:04.021884,everyday,0,False
TXN-f797abfc2def,CUST-0004,73,14993.63,UPI,PAYEE-fc280e7c,False,2026-10-23 21:26:18.538813,everyday,1,False
TXN-ea2ce660d535,CUST-0037,69,1851.55,UPI,PAYEE-bfe18b42,False,2026-10-23 23:05:05.932069,everyday,0,False
TXN-741ef6ff60cf,CUST-0067,81,1248.27,UPI,PAYEE-e1b030b0,False,2026-10-23 23:06:02.688393,everyday,1,False
TXN-7ca070ec95cf,CUST-0000,72,1273.48,branch,PAYEE-c78d8126,False,2026-10-23 23:24:02.840764,everyday,1,False
TXN-5815fb9fc9cc,CUST-0092,71,8590.87,branch,PAYEE-f88794d4,False,2026-10-23 23:44:10.248363,everyday,1,False
TXN-7397867285de,CUST-0019,63,1000.99,branch,PAYEE-b9b9ab29,True,2026-10-24 00:19:09.121726,everyday,0,False
TXN-de44f78aa3f6,CUST-0059,80,5597.8,UPI,PAYEE-c118891b,False,2026-10-24 00:37:56.979138,everyday,0,False
TXN-3a0388158c1b,CUST-0037,69,11265.09,UPI,PAYEE-7d2ca029,True,2026-10-24 01:19:43.059941,everyday,1,False
TXN-a3df5177449c,CUST-0037,69,11560.44,UPI,PAYEE-525578d2,False,2026-10-24 01:24:50.054760,everyday,2,False
TXN-3d1c1b17b7d9,CUST-0094,83,3581.56,UPI,PAYEE-9e02f4fe,False,2026-10-24 01:27:38.562833,everyday,0,False
TXN-cc7d8d9e6826,CUST-0070,76,1489.49,UPI,PAYEE-a61689b4,True,2026-10-24 02:25:23.543943,everyday,1,False
TXN-524cda6234e6,CUST-0093,76,7313.16,UPI,PAYEE-422d6cd2,False,2026-10-24 03:00:24.371960,everyday,2,False
TXN-a8b9aae08969,CUST-0012,82,8415.49,UPI,PAYEE-65032ea2,False,2026-10-24 03:14:43.705475,everyday,0,False
TXN-ec36a9d8c9e8,CUST-0034,68,4574.98,UPI,PAYEE-e46f5f53,False,2026-10-24 03:29:47.802595,everyday,0,False
TXN-378e1a710c2b,CUST-0081,68,7882.54,UPI,PAYEE-584f0e79,True,2026-10-24 03:49:28.745500,everyday,0,False
TXN-018251c690b9,CUST-0087,73,8012.31,UPI,PAYEE-4ea2b234,True,2026-10-24 03:54:45.053578,everyday,1,False
TXN-262b536ed012,CUST-0005,82,7672.79,branch,PAYEE-39c6392c,False,2026-10-24 04:19:33.943899,everyday,0,False
TXN-c8ceff77d3cd,CUST-0038,75,4881.12,UPI,PAYEE-9c01ee0b,False,2026-10-24 04:24:24.156468,everyday,0,False
TXN-2c757252612a,CUST-0025,70,9554.03,UPI,PAYEE-2b0f066d,False,2026-10-24 04:57:01.567263,everyday,0,False
TXN-928513b33aff,CUST-0079,78,9943.13,UPI,PAYEE-17a4e7cb,False,2026-10-24 05:03:03.177151,everyday,0,False
TXN-af684c961c05,CUST-0011,71,2879222.75,RTGS,SCAM-ca374ce2,True,2026-10-24 05:37:15.476568,everyday,1,False
TXN-fb0ef71e0bd2,CUST-0055,66,911.05,UPI,PAYEE-572bbb3a,False,2026-10-24 06:32:22.630863,everyday,0,False
TXN-93e1b4a757b1,CUST-0062,69,14023.05,UPI,PAYEE-d8d11006,False,2026-10-24 06:44:52.407441,everyday,1,False
TXN-c77e2fa8dc34,CUST-0060,64,13872.38,branch,PAYEE-8f41915e,False,2026-10-24 07:13:03.369780,everyday,1,False
TXN-dbd3ad12d59b,CUST-0035,63,9826.41,UPI,PAYEE-cf2650d7,True,2026-10-24 07:44:29.058229,everyday,0,False
TXN-c5efc0173f95,CUST-0067,81,1237.91,UPI,PAYEE-e1b030b0,False,2026-10-24 08:00:16.230374,everyday,2,False
TXN-c9400ecf139f,CUST-0002,83,2298.81,UPI,PAYEE-1faf8d32,False,2026-10-24 08:27:45.694341,everyday,1,False
TXN-5d2ebed13823,CUST-0079,78,6206.19,UPI,PAYEE-b8af6528,False,2026-10-24 09:16:38.790323,everyday,1,False
TXN-a6838df64bf5,CUST-0003,81,8137.34,RTGS,PAYEE-9b4b62f1,False,2026-10-24 10:29:16.064591,everyday,0,False
TXN-543590287d88,CUST-0053,79,7269.53,UPI,PAYEE-2a3d8a3b,False,2026-10-24 10:34:17.512227,everyday,1,False
TXN-f9f073e10a4a,CUST-0075,82,3493.55,RTGS,PAYEE-ccd36e08,True,2026-10-24 10:54:44.077625,everyday,1,False
TXN-6537df495680,CUST-0021,78,9498.24,branch,PAYEE-c88b3eb2,False,2026-10-24 10:58:45.667663,everyday,0,False
TXN-65ff980d1e32,CUST-0084,83,10205.3,UPI,PAYEE-ec09f96a,True,2026-10-24 11:04:35.091496,everyday,0,False
TXN-c8d91f8142da,CUST-0063,76,1559.41,RTGS,PAYEE-c22ce6ea,False,2026-10-24 11:34:05.539564,everyday,0,False
TXN-c79f306f8ab2,CUST-0054,70,6160.51,UPI,PAYEE-2041b289,False,2026-10-24 11:40:29.074812,everyday,0,False
TXN-40e5cd64aea2,CUST-0057,69,13694.5,UPI,PAYEE-1e51a0be,False,2026-10-24 11:51:08.434607,everyday,0,False
TXN-d73520a01689,CUST-0019,63,9143.21,UPI,PAYEE-a1aa6da7,False,2026-10-24 12:20:13.746102,everyday,1,False
TXN-f0d8d485d5b5,CUST-0051,81,1898.25,UPI,PAYEE-867bf9e1,False,2026-10-24 13:07:04.004024,everyday,1,False
TXN-64758c0d715b,CUST-0032,84,2345.19,UPI,PAYEE-3ed216d1,False,2026-10-24 13:43:20.078048,everyday,0,False
TXN-6fcf87438c10,CUST-0086,63,8608.03,UPI,PAYEE-b8714335,True,2026-10-24 13:47:02.442511,everyday,0,False
TXN-65b429f63264,CUST-0057,69,13531.99,UPI,PAYEE-163443fa,False,2026-10-24 13:49:43.583067,everyday,1,False
TXN-42c41fa1ad38,CUST-0077,75,13728.07,UPI,PAYEE-c64d87c2,False,2026-10-24 14:08:20.335342,everyday,0,False
TXN-f8d20cb4ad83,CUST-0010,63,14622.35,UPI,PAYEE-63a21f49,False,2026-10-24 14:13:00.774511,everyday,0,False
TXN-939689c78824,CUST-0033,75,1700.14,UPI,PAYEE-b61cb6bf,True,2026-10-24 15:45:52.252440,everyday,0,False
TXN-8f48cf30e923,CUST-0055,66,1630.08,UPI,PAYEE-a305e205,True,2026-10-24 16:22:47.370344,everyday,1,False
TXN-2c5a0e9f2d0f,CUST-0069,81,9056.05,UPI,PAYEE-0dfe9d07,False,2026-10-24 16:28:57.262640,everyday,0,False
TXN-dadd6a1db9e5,CUST-0037,69,3263.84,UPI,PAYEE-cf028044,False,2026-10-24 16:56:26.743377,everyday,3,False
TXN-af192a728469,CUST-0096,74,13066.73,UPI,PAYEE-8a1d8533,True,2026-10-24 17:47:24.276574,everyday,1,False
TXN-1c7db3e29c0d,CUST-0029,68,7793.94,UPI,PAYEE-6786f702,False,2026-10-24 18:42:48.119300,everyday,0,False
TXN-e6b06feba565,CUST-0089,77,12776.15,branch,PAYEE-bd2bd3c9,True,2026-10-24 19:49:13.067453,everyday,0,False
TXN-dc229ca6f2bd,CUST-0028,70,5042.56,UPI,PAYEE-8377aa60,True,2026-10-24 19:50:04.727842,everyday,0,False
TXN-4a4401cff05b,CUST-0052,84,13778.5,branch,PAYEE-d7ca8dbc,True,2026-10-24 20:07:02.241797,everyday,0,False
TXN-6aa4d0057a74,CUST-0018,61,14585.04,UPI,PAYEE-2716c107,True,2026-10-24 20:53:17.185871,everyday,0,False
TXN-409f88e614d6,CUST-0005,82,10440.62,RTGS,PAYEE-3b977965,True,2026-10-24 21:13:23.861700,everyday,1,False
TXN-9583ef18ecad,CUST-0003,81,1618.33,branch,PAYEE-9b4b62f1,False,2026-10-24 21:17:00.945428,everyday,1,False
TXN-cdbb8fad4caa,CUST-0012,82,5588.53,UPI,PAYEE-65032ea2,False,2026-10-24 21:39:48.477707,everyday,1,False
TXN-4da4136c4fcb,CUST-0032,84,236.08,UPI,PAYEE-9a475378,False,2026-10-24 21:40:21.058985,everyday,1,False
TXN-27e5c8c04a0f,CUST-0087,73,1875.94,UPI,PAYEE-a0111361,False,2026-10-24 22:37:47.423699,everyday,1,False
TXN-a1d58a551788,CUST-0057,69,77664.33,UPI,PAYEE-1e51a0be,False,2026-10-24 23:23:05.855399,vault,2,False
TXN-5b24b7f588dc,CUST-0051,81,14123.84,UPI,PAYEE-98cbe11f,False,2026-10-24 23:49:25.112840,everyday,1,False
TXN-cf0767b96003,CUST-0099,72,10439.75,branch,PAYEE-75bcd841,False,2026-10-24 23:57:12.058032,everyday,0,False
TXN-19f3bba720da,CUST-0070,76,7807.43,UPI,PAYEE-d87e0299,True,2026-10-25 00:50:37.757357,everyday,1,False
TXN-783410888996,CUST-0009,78,5789.9,UPI,PAYEE-e46ddc92,False,2026-10-25 00:54:23.909001,everyday,0,False
TXN-0cfbe06676d3,CUST-0059,80,3166.68,UPI,PAYEE-75fe7652,False,2026-10-25 01:02:43.084716,everyday,0,False
TXN-d3c5d6cba423,CUST-0075,82,7562.67,UPI,PAYEE-0cce087c,False,2026-10-25 01:08:56.545668,everyday,1,False
TXN-6d31316a19f4,CUST-0067,81,14595.45,UPI,PAYEE-e1b030b0,False,2026-10-25 01:32:29.286381,everyday,1,False
TXN-f3f3878b5d61,CUST-0026,81,14142.76,UPI,PAYEE-5ec89820,False,2026-10-25 01:37:50.320245,everyday,0,False
TXN-79fa9761c927,CUST-0079,78,9200.2,UPI,PAYEE-85edfdaa,False,2026-10-25 01:44:14.179314,everyday,2,False
TXN-eb6013e1fee1,CUST-0019,63,2336.26,RTGS,PAYEE-b9b9ab29,False,2026-10-25 02:14:35.340898,everyday,1,False
TXN-dfdbaebbc494,CUST-0041,81,2035.62,UPI,PAYEE-f6de179d,True,2026-10-25 02:18:14.570670,everyday,0,False
TXN-e721cce58493,CUST-0008,65,5765.09,branch,PAYEE-5b08fdcc,False,2026-10-25 04:27:50.883581,everyday,0,False
TXN-8755532b8e13,CUST-0061,67,5738.69,UPI,PAYEE-470cc6ac,False,2026-10-25 04:30:52.371958,everyday,0,False
TXN-133c8db2a243,CUST-0021,78,7944.08,UPI,PAYEE-2718279f,False,2026-10-25 04:38:26.511300,everyday,1,False
TXN-b3921cef29fd,CUST-0019,63,11020.74,UPI,PAYEE-a0c33267,True,2026-10-25 05:07:03.538536,everyday,2,False
TXN-9064d550b3e5,CUST-0092,71,14035.87,branch,PAYEE-2d294308,False,2026-10-25 05:11:14.931353,everyday,0,False
TXN-927e93fc2d39,CUST-0056,67,3275.76,UPI,PAYEE-fab7a63d,False,2026-10-25 05:14:07.228419,everyday,0,False
TXN-cdbacca2d058,CUST-0076,79,6567.73,UPI,PAYEE-88a25950,True,2026-10-25 05:19:32.235595,everyday,0,False
TXN-d8f74643e5c5,CUST-0082,78,9520.38,UPI,PAYEE-8c7f54da,False,2026-10-25 05:21:00.336403,everyday,0,False
TXN-b63c4c31a7f9,CUST-0068,80,13289.54,UPI,PAYEE-c72b5f9a,False,2026-10-25 05:22:57.879810,everyday,0,False
TXN-6cdf8a3ab3ad,CUST-0032,84,9417.31,UPI,PAYEE-fc2be0fe,True,2026-10-25 05:27:14.245588,everyday,2,False
TXN-ca47df4faaf9,CUST-0020,82,4693.79,UPI,PAYEE-9b914185,False,2026-10-25 05:28:11.176932,everyday,0,False
TXN-cf00ac742302,CUST-0050,75,71131.36,UPI,PAYEE-5a4401b2,False,2026-10-25 05:38:25.905359,vault,0,False
TXN-48e4985b4367,CUST-0061,67,5786.59,UPI,PAYEE-6c45c224,True,2026-10-25 06:04:55.873190,everyday,1,False
TXN-a913c9d38129,CUST-0022,73,11382.11,UPI,PAYEE-b021f358,False,2026-10-25 06:05:30.189660,everyday,0,False
TXN-1ce2d55d799a,CUST-0013,67,10236.4,branch,PAYEE-cbe74bf0,False,2026-10-25 06:15:29.879595,everyday,0,False
TXN-60164cb0d0f3,CUST-0020,82,424.82,UPI,PAYEE-3bda2464,False,2026-10-25 06:41:42.140434,everyday,1,False
TXN-89cce0f9e500,CUST-0092,71,6123.84,UPI,PAYEE-b40c2824,True,2026-10-25 07:51:11.884187,everyday,1,False
TXN-db8302ccc7dd,CUST-0096,74,4010.32,branch,PAYEE-c61542d2,False,2026-10-25 07:53:42.239665,everyday,1,False
TXN-df79f3729dd1,CUST-0034,68,4048.32,branch,PAYEE-e2b56d0b,False,2026-10-25 07:58:24.421741,everyday,0,False
TXN-c30e86da252a,CUST-0031,77,14210.53,branch,PAYEE-ca18a8c7,False,2026-10-25 09:27:57.930180,everyday,0,False
TXN-5692e9fdbf05,CUST-0090,83,12798.27,UPI,PAYEE-cac046bc,False,2026-10-25 09:28:32.460094,everyday,0,False
TXN-843ddf72f227,CUST-0011,71,9269.12,UPI,PAYEE-04c69f27,False,2026-10-25 09:42:14.577971,everyday,0,False
TXN-6efd4ce5ef97,CUST-0018,61,9528.28,UPI,PAYEE-86eb60fd,True,2026-10-25 09:44:29.411364,everyday,1,False
TXN-5b07eab72afc,CUST-0031,77,6036.19,UPI,PAYEE-1ca7f01b,True,2026-10-25 09:56:56.435384,everyday,1,False
TXN-cd9cbbc65fd6,CUST-0078,63,5822.61,branch,PAYEE-133847fc,False,2026-10-25 10:04:14.771030,everyday,0,False
TXN-f596a81e2555,CUST-0092,71,10624.88,branch,PAYEE-f88794d4,False,2026-10-25 10:20:24.940762,everyday,2,False
TXN-e37d0842d8ec,CUST-0098,65,11866.96,UPI,PAYEE-16faa5d5,False,2026-10-25 10:20:31.881234,everyday,0,False
TXN-a1a2662c2213,CUST-0061,67,5990.15,UPI,PAYEE-2c0c267f,False,2026-10-25 11:37:35.513090,everyday,2,False
TXN-011e4b683d59,CUST-0042,60,12329.01,UPI,PAYEE-2955f9e2,False,2026-10-25 12:48:58.060764,everyday,0,False
TXN-9eecdd668822,CUST-0062,69,11950.35,UPI,PAYEE-d8d11006,False,2026-10-25 13:06:01.839551,everyday,0,False
TXN-40e388295524,CUST-0089,77,1336.21,branch,PAYEE-242e2bd2,False,2026-10-25 14:25:09.001074,everyday,1,False
TXN-1dfb8b14f833,CUST-0012,82,9472.48,UPI,PAYEE-1c806217,False,2026-10-25 15:35:46.066603,everyday,1,False
TXN-b5275dfab35b,CUST-0089,77,1095.54,branch,PAYEE-e9f5d076,False,2026-10-25 16:09:27.723317,everyday,2,False
TXN-d49d6870008a,CUST-0084,83,13955.1,UPI,PAYEE-4d71bf45,False,2026-10-25 16:17:33.597020,everyday,0,False
TXN-bd064c0470e6,CUST-0088,78,13008.54,UPI,PAYEE-91c6d56a,False,2026-10-25 16:44:25.826549,everyday,0,False
TXN-f62382675ba9,CUST-0013,67,6998.76,branch,PAYEE-34565f42,True,2026-10-25 16:49:10.253678,everyday,1,False
TXN-a3ef38e42fb4,CUST-0047,78,13675.95,UPI,PAYEE-bfe95c48,False,2026-10-25 17:04:18.146060,everyday,0,False
TXN-7d59e952c4ee,CUST-0053,79,14948.03,UPI,PAYEE-7365b560,False,2026-10-25 17:08:40.264146,everyday,0,False
TXN-a3fd719b7128,CUST-0022,73,2388.49,UPI,PAYEE-cf1d16fd,True,2026-10-25 17:12:21.819960,everyday,1,False
TXN-5f300243e9ed,CUST-0087,73,2100.84,branch,PAYEE-efe23cec,True,2026-10-25 17:30:13.331149,everyday,1,False
TXN-c80963fcdb79,CUST-0099,72,10454.57,UPI,PAYEE-364e639e,False,2026-10-25 18:10:01.229989,everyday,1,False
TXN-d2ef0b7f91d7,CUST-0043,65,7947.57,UPI,PAYEE-23689b3c,False,2026-10-25 18:16:22.414618,everyday,0,False
TXN-6033f32c6d52,CUST-0034,68,14953.07,branch,PAYEE-1e60627f,False,2026-10-25 18:49:53.695306,everyday,1,False
TXN-9116ecb59cbf,CUST-0090,83,3398.68,UPI,PAYEE-04300150,True,2026-10-25 18:54:28.059204,everyday,1,False
TXN-46ec1413f0b7,CUST-0054,70,6733.13,UPI,PAYEE-fed1785a,False,2026-10-25 19:46:34.036557,everyday,0,False
TXN-ec7de877ba50,CUST-0073,68,3934.36,UPI,PAYEE-63869f8f,False,2026-10-25 19:58:46.648179,everyday,0,False
TXN-2fe561f34d9d,CUST-0033,75,7105.19,UPI,PAYEE-46f45abf,False,2026-10-25 20:20:29.306846,everyday,0,False
TXN-8768f94a8922,CUST-0032,84,13244.21,UPI,PAYEE-5bb75e02,True,2026-10-25 20:28:02.409822,everyday,2,False
TXN-55021f8a1517,CUST-0074,82,76247.33,UPI,PAYEE-4bfd758b,True,2026-10-25 21:31:25.997791,everyday,0,False
TXN-828e8bec75e1,CUST-0080,64,2362.53,branch,PAYEE-76836d67,False,2026-10-25 22:39:34.687639,everyday,0,False
TXN-c766ca05b082,CUST-0092,71,13807.99,RTGS,PAYEE-1b027405,False,2026-10-25 22:52:28.163866,everyday,3,False
TXN-a191a28055e5,CUST-0087,73,10594.65,UPI,PAYEE-f0a25871,False,2026-10-25 23:26:14.098266,everyday,1,False
TXN-6bf0bb31ffc4,CUST-0003,81,8884.84,branch,PAYEE-9b4b62f1,False,2026-10-25 23:29:32.717744,everyday,0,False
TXN-1dd6f077c30d,CUST-0029,68,10160.92,UPI,PAYEE-704f94ac,False,2026-10-26 00:01:22.070656,everyday,0,False
TXN-0999dc5bb859,CUST-0082,78,76827.95,UPI,PAYEE-1903d3e7,False,2026-10-26 00:31:35.003440,everyday,1,False
TXN-4e610004ae9d,CUST-0013,67,8105.15,UPI,PAYEE-dad5f2d8,False,2026-10-26 01:04:17.617445,everyday,2,False
TXN-38158310c712,CUST-0073,68,3787.91,UPI,PAYEE-0f68164d,False,2026-10-26 01:27:30.608800,everyday,1,False
TXN-56aaf847fbd8,CUST-0004,73,59669.65,UPI,PAYEE-4b3c06a1,True,2026-10-26 01:53:24.727245,FD,0,True
TXN-f9ec3d71e0bf,CUST-0088,78,14427.37,UPI,PAYEE-2adf138f,True,2026-10-26 02:18:17.773192,everyday,1,False
TXN-aac292781dcb,CUST-0084,83,2840.56,branch,PAYEE-562d8aca,False,2026-10-26 02:32:03.798347,everyday,1,False
TXN-f00b27a6bb6d,CUST-0046,63,4875.19,UPI,PAYEE-3043d4c8,True,2026-10-26 02:35:33.321972,everyday,0,False
TXN-4e9aba015cbc,CUST-0062,69,11773.77,UPI,PAYEE-c61487f8,True,2026-10-26 02:44:37.091494,everyday,1,False
TXN-efac59d45b2a,CUST-0069,81,13597.65,UPI,PAYEE-57780b0f,True,2026-10-26 02:48:31.857035,everyday,0,False
TXN-858fb655206f,CUST-0070,76,11785.79,branch,PAYEE-6f2e9177,True,2026-10-26 02:52:59.779764,everyday,0,False
TXN-10d4606f5d2b,CUST-0044,69,13869.56,branch,PAYEE-88a2e4fc,False,2026-10-26 04:19:07.706451,everyday,0,False
TXN-7e1061808155,CUST-0024,61,14115.95,UPI,PAYEE-45f5f28b,False,2026-10-26 05:15:35.496394,everyday,0,False
TXN-e892a7a59ea0,CUST-0038,75,13331.64,UPI,PAYEE-4ed12187,False,2026-10-26 05:19:55.886022,everyday,0,False
TXN-d22d46af2e88,CUST-0050,75,1797.64,UPI,PAYEE-c75c865a,False,2026-10-26 06:53:42.262008,everyday,0,False
TXN-7a49396cecf7,CUST-0089,77,2584.63,UPI,PAYEE-24b79f20,False,2026-10-26 07:07:54.950929,everyday,2,False
TXN-6e170dec3beb,CUST-0039,71,9971.06,UPI,PAYEE-f64d2bde,True,2026-10-26 07:11:45.322524,everyday,0,False
TXN-bd5d3d39d4c8,CUST-0047,78,2301.38,UPI,PAYEE-bfe95c48,False,2026-10-26 07:46:04.213196,everyday,1,False
TXN-6966fd271dcb,CUST-0008,65,12497.19,RTGS,PAYEE-7057f2e8,True,2026-10-26 08:01:43.460640,everyday,0,False
TXN-a5fd512d10d0,CUST-0070,76,4003.72,UPI,PAYEE-e0f645ae,True,2026-10-26 08:07:44.405077,everyday,1,False
TXN-7c110579793d,CUST-0091,70,8039.13,UPI,PAYEE-6b93dd6b,False,2026-10-26 08:24:24.599429,everyday,0,False
TXN-4ca00cabd948,CUST-0007,76,1811.79,UPI,PAYEE-069ed4eb,False,2026-10-26 08:30:42.178163,everyday,0,False
TXN-3aa9e45c9434,CUST-0015,78,936.11,UPI,PAYEE-25278819,False,2026-10-26 08:38:14.827449,everyday,0,False
TXN-ef6d6bb7fb4b,CUST-0075,82,13843.4,UPI,PAYEE-f12a18cd,False,2026-10-26 09:41:50.402476,everyday,0,False
TXN-ea36e76a1dac,CUST-0048,73,1325.26,UPI,PAYEE-a69f6d06,False,2026-10-26 09:48:41.434048,everyday,0,False
TXN-d23facf18745,CUST-0019,63,4345.32,RTGS,PAYEE-5eb9e97c,True,2026-10-26 09:53:25.494101,everyday,0,False
TXN-17cb970d144d,CUST-0011,71,67925.56,branch,PAYEE-ad4928d8,False,2026-10-26 09:57:50.771100,vault,0,False
TXN-ebaf255a2142,CUST-0007,76,8710.99,UPI,PAYEE-864f5a65,False,2026-10-26 10:02:16.406366,everyday,1,False
TXN-0ba394fd7c81,CUST-0051,81,2399.01,UPI,PAYEE-5d4f5cb3,True,2026-10-26 10:59:18.477724,everyday,0,False
TXN-9c4138f97eef,CUST-0010,63,12036.33,UPI,PAYEE-827d364f,False,2026-10-26 11:02:30.851444,everyday,0,False
TXN-f986355b11fe,CUST-0071,64,801.38,UPI,PAYEE-05344258,False,2026-10-26 11:02:38.634789,everyday,0,False
TXN-a89acdbf9d0d,CUST-0020,82,10432.57,UPI,PAYEE-3bda2464,False,2026-10-26 11:17:03.520323,everyday,0,False
TXN-9f0643f96f63,CUST-0017,81,3472555.53,RTGS,SCAM-04a26a92,True,2026-10-26 11:58:34.965181,everyday,0,False
TXN-b5df5bc96a7d,CUST-0085,81,4455.76,UPI,PAYEE-b9b3bf33,False,2026-10-26 12:39:42.440411,everyday,0,False
TXN-f74124828cb9,CUST-0003,81,9193.94,UPI,PAYEE-a0d78cb4,True,2026-10-26 12:41:09.751722,everyday,1,False
TXN-0c17356bfae1,CUST-0099,72,2261.25,UPI,PAYEE-47b672f2,False,2026-10-26 12:47:25.647787,everyday,1,False
TXN-99284639e5e4,CUST-0028,70,3865.85,UPI,PAYEE-b6a37202,False,2026-10-26 13:37:14.923173,everyday,0,False
TXN-9194c746ea5d,CUST-0039,71,220.98,RTGS,PAYEE-f9b422aa,True,2026-10-26 13:48:13.425138,everyday,1,False
TXN-5e1abcdbf613,CUST-0047,78,11866.08,UPI,PAYEE-37433a29,False,2026-10-26 13:48:54.477382,everyday,2,False
TXN-5a38bc3ff3f3,CUST-0095,85,229.16,branch,PAYEE-2ef137f4,True,2026-10-26 13:52:21.598483,everyday,0,False
TXN-ce1b2a97d0a4,CUST-0049,68,11079.35,UPI,PAYEE-573bd3bc,False,2026-10-26 14:11:03.250006,everyday,0,False
TXN-152169bd70f1,CUST-0024,61,10363.87,UPI,PAYEE-45f5f28b,False,2026-10-26 14:45:04.878510,everyday,1,False
TXN-1709921dd93a,CUST-0055,66,129.13,UPI,PAYEE-6efbcb29,False,2026-10-26 14:46:44.631576,everyday,0,False
TXN-1c3fdc7e5a6b,CUST-0076,79,58108.96,UPI,PAYEE-fa4c6da5,True,2026-10-26 15:17:36.424472,everyday,0,False
TXN-f3f0b28ebbf3,CUST-0070,76,3420.9,UPI,PAYEE-b686129d,False,2026-10-26 16:34:00.102395,everyday,2,False
TXN-646b8a5d98b4,CUST-0023,64,1098.48,UPI,PAYEE-40b935f9,False,2026-10-26 16:46:09.876235,everyday,0,False
TXN-c7f75ac91c0d,CUST-0099,72,7426.07,UPI,PAYEE-62eeba24,False,2026-10-26 17:17:54.602881,everyday,2,False
TXN-06cf48d44a49,CUST-0048,73,10539.19,RTGS,PAYEE-08f453ca,False,2026-10-26 17:30:21.384677,everyday,1,False
TXN-5fdbb49d1fa5,CUST-0040,71,14854.24,UPI,PAYEE-f1bc569a,False,2026-10-26 19:18:35.959248,everyday,0,False
TXN-29cb58267eff,CUST-0031,77,3240.21,UPI,PAYEE-ca18a8c7,False,2026-10-26 20:31:34.524344,everyday,0,False
TXN-a2c736c32525,CUST-0040,71,11759.66,UPI,PAYEE-fe937e9f,False,2026-10-26 20:39:01.397448,everyday,1,False
TXN-54b6ecba352a,CUST-0094,83,9923.96,UPI,PAYEE-3841a641,True,2026-10-26 20:57:21.070052,everyday,0,False
TXN-36872d0186c2,CUST-0036,76,3180.68,UPI,PAYEE-5d2096bd,False,2026-10-26 21:03:47.218816,everyday,0,False
TXN-738a0df4feb5,CUST-0037,69,754.2,UPI,PAYEE-525578d2,False,2026-10-26 21:07:27.065772,everyday,0,False
TXN-71d8f61576ec,CUST-0085,81,9060.0,branch,PAYEE-24872bd2,False,2026-10-26 21:40:32.002124,everyday,1,False
TXN-c450d1da06ca,CUST-0096,74,1067.89,UPI,PAYEE-bc53f672,False,2026-10-26 21:51:25.514714,everyday,0,False
TXN-3e4bf1b180c4,CUST-0032,84,2642.06,UPI,PAYEE-28644c32,False,2026-10-26 22:15:13.039152,everyday,0,False
TXN-e8576f66dc6d,CUST-0008,65,947.66,branch,PAYEE-2053d385,True,2026-10-26 22:15:36.087934,everyday,1,False
TXN-9b2069629261,CUST-0035,63,1092.31,UPI,PAYEE-e891e12d,False,2026-10-26 22:16:59.653067,everyday,0,False
TXN-8ee019b51482,CUST-0074,82,1551.25,UPI,PAYEE-497adbc0,False,2026-10-26 22:18:22.210553,everyday,0,False
TXN-8c57c27fe9a4,CUST-0002,83,3421.56,UPI,PAYEE-663c98a5,False,2026-10-26 22:20:02.825743,everyday,0,False
TXN-5fb5838b8fb3,CUST-0027,73,6843.66,UPI,PAYEE-80d22fac,False,2026-10-26 22:41:09.129650,everyday,0,False
TXN-81b4b4f5ab0c,CUST-0057,69,8741.31,UPI,PAYEE-9247780f,False,2026-10-26 23:08:08.185167,everyday,0,False
TXN-b65f292eebb3,CUST-0036,76,14785.85,branch,PAYEE-385fc41f,True,2026-10-27 00:04:40.554166,everyday,1,False
TXN-bef4537cf288,CUST-0085,81,10858.49,UPI,PAYEE-9311ae77,False,2026-10-27 00:17:06.554942,everyday,2,False
TXN-2c9def00f469,CUST-0023,64,13710.15,UPI,PAYEE-1443d6e3,True,2026-10-27 00:22:33.811666,everyday,1,False
TXN-40165455f0b7,CUST-0086,63,7300.87,UPI,PAYEE-81ca5eda,True,2026-10-27 00:25:40.425660,everyday,0,False
TXN-60773867f070,CUST-0029,68,4323.47,UPI,PAYEE-6786f702,False,2026-10-27 00:27:27.818188,everyday,0,False
TXN-617cea5154ca,CUST-0072,85,2037.9,RTGS,PAYEE-2b728fdf,False,2026-10-27 00:51:29.975991,everyday,0,False
TXN-5ee835a2b7a4,CUST-0018,61,5599.16,RTGS,PAYEE-ceefe8c1,False,2026-10-27 01:36:48.921362,everyday,0,False
TXN-952fdc700ed7,CUST-0061,67,62054.25,branch,PAYEE-0f8549a6,False,2026-10-27 01:41:01.690183,vault,0,False
TXN-a8ed89d62a3c,CUST-0042,60,1740.98,UPI,PAYEE-8a1aacbf,False,2026-10-27 02:19:05.297240,everyday,0,False
TXN-d1c6e4da395e,CUST-0088,78,11714.0,UPI,PAYEE-ac501de2,False,2026-10-27 02:48:01.285224,everyday,0,False
TXN-21b325d213df,CUST-0069,81,1131.96,UPI,PAYEE-eefaf481,False,2026-10-27 03:19:41.424188,everyday,0,False
TXN-c2d72eed28ac,CUST-0038,75,161.24,RTGS,PAYEE-2b448def,True,2026-10-27 03:45:00.241149,everyday,1,False
TXN-f8634ae26aa9,CUST-0053,79,7941.21,UPI,PAYEE-7365b560,False,2026-10-27 03:51:02.342777,everyday,0,False
TXN-84385d213dad,CUST-0085,81,7553.2,UPI,PAYEE-8b00f277,False,2026-10-27 03:54:05.509561,everyday,3,False
TXN-6e0a4fc4a273,CUST-0096,74,2375.0,branch,PAYEE-bc53f672,False,2026-10-27 04:49:13.681730,everyday,1,False
TXN-8be5601191f5,CUST-0061,67,9607.29,RTGS,PAYEE-470cc6ac,False,2026-10-27 04:52:22.202736,everyday,1,False
TXN-39fe4ccd885f,CUST-0043,65,8796.54,RTGS,PAYEE-7a25656d,False,2026-10-27 05:25:23.906554,everyday,0,False
TXN-05e477ec0dbb,CUST-0044,69,281.64,UPI,PAYEE-53ae4557,False,2026-10-27 05:29:50.099107,everyday,0,False
TXN-043a994142d8,CUST-0018,61,10360.02,UPI,PAYEE-18317c62,False,2026-10-27 05:35:05.373132,everyday,1,False
TXN-22d11a960742,CUST-0081,68,56493.3,RTGS,PAYEE-1997c1be,False,2026-10-27 05:43:19.720578,everyday,0,False
TXN-8541226ce8cc,CUST-0079,78,2887.86,UPI,PAYEE-74e1d9c7,False,2026-10-27 06:37:19.352271,everyday,0,False
TXN-c8df38496ac0,CUST-0060,64,8833.79,RTGS,PAYEE-45baa090,False,2026-10-27 06:43:27.984366,everyday,0,False
TXN-fe11d6f55b4b,CUST-0048,73,4298.78,UPI,PAYEE-353e8482,False,2026-10-27 07:00:02.913514,everyday,2,False
TXN-5f224e155484,CUST-0039,71,5910.74,UPI,PAYEE-e06a633e,False,2026-10-27 07:44:46.513959,everyday,1,False
TXN-6c4d079d143c,CUST-0045,69,3967.1,UPI,PAYEE-0801eb70,False,2026-10-27 08:23:18.349370,everyday,0,False
TXN-2e51ccd0fec8,CUST-0073,68,9937.77,UPI,PAYEE-4e238a96,False,2026-10-27 08:40:47.673117,everyday,0,False
TXN-2acec2022fad,CUST-0048,73,8231.6,UPI,PAYEE-d95efe8d,False,2026-10-27 09:11:31.737968,everyday,3,False
TXN-25bf81886b5b,CUST-0048,73,12905.31,UPI,PAYEE-8f6e9b86,True,2026-10-27 09:12:59.105566,everyday,4,False
TXN-fc7acb4cd9eb,CUST-0052,84,650.86,UPI,PAYEE-f589a154,True,2026-10-27 09:30:37.597133,everyday,0,False
TXN-d7be806bab02,CUST-0095,85,2285.03,UPI,PAYEE-da65035a,False,2026-10-27 09:46:00.826983,everyday,1,False
TXN-af13e561d745,CUST-0099,72,11904.94,branch,PAYEE-3d3fedd1,False,2026-10-27 10:07:14.055677,everyday,2,False
TXN-7880718df060,CUST-0055,66,1069.23,UPI,PAYEE-3b86d610,False,2026-10-27 10:19:20.017435,everyday,1,False
TXN-0bbad5ccb958,CUST-0003,81,4902.34,UPI,PAYEE-fa343a39,False,2026-10-27 10:46:28.028935,everyday,1,False
TXN-dddebb5c5092,CUST-0037,69,471.19,UPI,PAYEE-d31e8eda,False,2026-10-27 11:26:05.575559,everyday,1,False
TXN-e19c8fd9369c,CUST-0073,68,4066.06,UPI,PAYEE-94c47208,False,2026-10-27 11:28:19.950990,everyday,1,False
TXN-fd2a5099aecc,CUST-0034,68,11517.62,UPI,PAYEE-1e60627f,False,2026-10-27 11:37:59.858215,everyday,0,False
TXN-85005e0be769,CUST-0006,84,5634.96,UPI,PAYEE-f7740036,False,2026-10-27 12:38:56.718797,everyday,0,False
TXN-f1f1fe31388e,CUST-0041,81,13457.26,UPI,PAYEE-b718165f,False,2026-10-27 13:21:15.088896,everyday,0,False
TXN-7ae224354486,CUST-0056,67,7745.57,UPI,PAYEE-45524fe3,False,2026-10-27 13:21:35.190819,everyday,0,False
TXN-c0b8ecf02a98,CUST-0029,68,12414.01,branch,PAYEE-704f94ac,False,2026-10-27 14:09:42.476748,everyday,1,False
TXN-ccb0a67e79e6,CUST-0052,84,65833.75,RTGS,PAYEE-17e667c2,True,2026-10-27 15:03:26.732869,vault,1,False
TXN-dd321fd6c5ee,CUST-0013,67,14746.61,UPI,PAYEE-cbe74bf0,False,2026-10-27 16:16:01.826092,everyday,0,False
TXN-9d277e5bc3e8,CUST-0088,78,11530.02,UPI,PAYEE-afc0c763,False,2026-10-27 16:20:10.195380,everyday,1,False
TXN-16a826109c2e,CUST-0078,63,2615.9,UPI,PAYEE-718f10f2,True,2026-10-27 17:15:50.375873,everyday,0,False
TXN-82b5b2971442,CUST-0049,68,12540.81,branch,PAYEE-573bd3bc,False,2026-10-27 17:26:38.601655,everyday,0,False
TXN-9d9135eba9d0,CUST-0095,85,5385.21,RTGS,PAYEE-6f7617f2,False,2026-10-27 17:33:15.633701,everyday,1,False
TXN-48d1aa93f221,CUST-0038,75,5815.63,UPI,PAYEE-2b448def,False,2026-10-27 17:43:07.118772,everyday,1,False
TXN-80a22203e339,CUST-0065,60,3468.82,UPI,PAYEE-b1b19f43,False,2026-10-27 18:22:45.256061,everyday,0,False
TXN-cf43cb264b80,CUST-0071,64,13262.07,branch,PAYEE-b6267814,True,2026-10-27 18:43:05.140120,everyday,0,False
TXN-dbac43946178,CUST-0066,76,8004.16,UPI,PAYEE-f75e5bdb,False,2026-10-27 19:02:40.694802,everyday,0,False
TXN-6e9931acdb24,CUST-0088,78,10014.49,branch,PAYEE-ac501de2,False,2026-10-27 19:08:07.243916,everyday,2,False
TXN-6dd1e56a8cf6,CUST-0072,85,6968.22,UPI,PAYEE-0e696b43,True,2026-10-27 19:45:02.156813,everyday,1,False
TXN-62d76952c00c,CUST-0019,63,8546.6,UPI,PAYEE-83b39533,False,2026-10-27 19:52:23.745014,everyday,0,False
TXN-21efa613aff7,CUST-0026,81,12794.78,UPI,PAYEE-4647f5e7,False,2026-10-27 20:03:35.584244,everyday,0,False
TXN-024d0ba334fa,CUST-0011,71,4907.65,branch,PAYEE-febd95e3,False,2026-10-27 20:20:47.976400,everyday,0,False
TXN-8a22291078cf,CUST-0054,70,163.76,UPI,PAYEE-0f2b8c17,False,2026-10-27 20:35:35.115341,everyday,0,False
TXN-58d76e306d0e,CUST-0066,76,1236.72,UPI,PAYEE-b5f3041e,False,2026-10-27 20:49:20.184553,everyday,1,False
TXN-13a8bbe16669,CUST-0061,67,10128.63,UPI,PAYEE-2c0c267f,False,2026-10-27 21:24:51.029298,everyday,2,False
TXN-4f5cdb2b5e85,CUST-0085,81,9760.81,branch,PAYEE-09724b69,False,2026-10-27 21:56:10.308106,everyday,2,False
TXN-d533a61f7c25,CUST-0062,69,9810.34,branch,PAYEE-344e3920,False,2026-10-27 22:16:25.157038,everyday,0,False
TXN-af794a885d23,CUST-0082,78,348.45,branch,PAYEE-9729730b,False,2026-10-27 22:22:12.937253,everyday,0,False
TXN-c2d57ca534b4,CUST-0086,63,13603.9,branch,PAYEE-c03c9f1f,False,2026-10-27 22:39:25.072035,everyday,1,False
TXN-3dee094f233f,CUST-0028,70,7763.21,UPI,PAYEE-76328407,False,2026-10-27 22:45:45.930284,everyday,0,False
TXN-5323a7900341,CUST-0001,75,723.25,UPI,PAYEE-09450c57,False,2026-10-27 23:13:32.657877,everyday,0,False
TXN-bca256406d26,CUST-0015,78,8545.08,UPI,PAYEE-5d1190cc,True,2026-10-27 23:30:15.799042,everyday,0,False
TXN-a697de6315ac,CUST-0054,70,2222.66,branch,PAYEE-3312de87,False,2026-10-27 23:38:27.896852,everyday,1,False
TXN-cc5ea29164da,CUST-0044,69,13842.15,UPI,PAYEE-53ae4557,False,2026-10-28 00:07:32.223789,everyday,1,False
TXN-7bfc123b0ec8,CUST-0069,81,3965.76,branch,PAYEE-9023666c,True,2026-10-28 01:10:55.382660,everyday,1,False
TXN-62746d7c4139,CUST-0097,67,4279.92,UPI,PAYEE-be51d36f,False,2026-10-28 01:20:10.265803,everyday,0,False
TXN-6108b1391cb4,CUST-0022,73,1475115.4,RTGS,SCAM-3fc2afe4,True,2026-10-28 01:26:22.225860,everyday,0,False
TXN-dd3518f2443a,CUST-0095,85,9467.37,UPI,PAYEE-fd62ef5f,False,2026-10-28 02:37:44.977980,everyday,2,False
TXN-d95ad364c240,CUST-0005,82,14606.68,RTGS,PAYEE-2930c2b5,False,2026-10-28 02:59:30.513997,everyday,0,False
TXN-3f621e63c7c7,CUST-0095,85,12783.67,UPI,PAYEE-6f7617f2,False,2026-10-28 03:04:53.428609,everyday,3,False
TXN-8d7ccbbb16b5,CUST-0038,75,3111.27,UPI,PAYEE-55a04a82,False,2026-10-28 03:34:05.435215,everyday,2,False
TXN-3e1bca5289c6,CUST-0050,75,7342.9,UPI,PAYEE-5a4401b2,False,2026-10-28 03:39:09.584520,everyday,0,False
TXN-f2cdf3f3773b,CUST-0043,65,4497.91,UPI,PAYEE-04efc353,False,2026-10-28 04:00:58.436385,everyday,1,False
TXN-e6a6fa8055f6,CUST-0048,73,3444.86,RTGS,PAYEE-08f453ca,False,2026-10-28 04:55:41.671087,everyday,3,False
TXN-94e1bb431802,CUST-0003,81,2559.17,UPI,PAYEE-2895d2aa,False,2026-10-28 04:59:19.611825,everyday,1,False
TXN-edf6c6d5ce78,CUST-0049,68,8399.3,UPI,PAYEE-691eb057,False,2026-10-28 05:55:23.184847,everyday,1,False
TXN-04d06110084a,CUST-0088,78,546.7,UPI,PAYEE-ac501de2,False,2026-10-28 06:27:58.370131,everyday,2,False
TXN-29299d939219,CUST-0052,84,10541.78,branch,PAYEE-be8ea1e3,False,2026-10-28 06:38:46.371497,everyday,2,False
TXN-f855ccd0d4ef,CUST-0036,76,3488.68,UPI,PAYEE-24db59ad,True,2026-10-28 07:00:34.140118,everyday,0,False
TXN-89e1a753ee0e,CUST-0076,79,4646.71,UPI,PAYEE-88a25950,False,2026-10-28 07:14:19.975173,everyday,0,False
TXN-2c314edbf770,CUST-0095,85,13522.17,UPI,PAYEE-6f7617f2,False,2026-10-28 07:22:00.023556,everyday,4,False
TXN-26d8e711855b,CUST-0094,83,9707.37,UPI,PAYEE-9e02f4fe,False,2026-10-28 07:22:24.880484,everyday,0,False
TXN-0e51b9d57cea,CUST-0058,81,12386.28,UPI,PAYEE-2e8c6238,False,2026-10-28 07:25:04.180934,everyday,0,False
TXN-3e2b875edc13,CUST-0078,63,774.04,branch,PAYEE-11a80621,True,2026-10-28 07:41:07.590837,everyday,1,False
TXN-3e34a4f0ddb1,CUST-0074,82,6472.27,UPI,PAYEE-e57f389b,False,2026-10-28 09:02:31.091688,everyday,0,False
TXN-3f628f24a68e,CUST-0064,64,1362.68,UPI,PAYEE-93c16f8b,False,2026-10-28 09:26:18.819437,everyday,0,False
TXN-fc4cdca2ef23,CUST-0006,84,8009.7,RTGS,PAYEE-0412a067,False,2026-10-28 10:06:54.887571,everyday,1,False
TXN-3cb840a61762,CUST-0091,70,12559.91,UPI,PAYEE-6b93dd6b,False,2026-10-28 10:12:12.045001,everyday,0,False
TXN-dd4a66161ece,CUST-0014,61,1569.26,RTGS,PAYEE-ea5e55ce,False,2026-10-28 10:19:04.653142,everyday,0,False
TXN-8b5eb85521a3,CUST-0083,79,7571.69,UPI,PAYEE-2c36f06f,False,2026-10-28 10:30:06.913867,everyday,0,False
TXN-82456b6e69b7,CUST-0014,61,3457.63,branch,PAYEE-cdfc09be,False,2026-10-28 10:36:49.122531,everyday,1,False
TXN-8308ad384cfd,CUST-0027,73,4895.47,branch,PAYEE-f11bdad7,False,2026-10-28 11:27:19.346479,everyday,0,False
TXN-7a56db4ffbe5,CUST-0075,82,11795.92,UPI,PAYEE-c8c64df5,False,2026-10-28 11:38:06.780926,everyday,0,False
TXN-38f8dc53586f,CUST-0069,81,12292.52,UPI,PAYEE-5052f929,False,2026-10-28 12:34:17.232076,everyday,1,False
TXN-f60d62b45525,CUST-0000,72,2377.31,branch,PAYEE-c78d8126,False,2026-10-28 13:18:55.137474,everyday,0,False
TXN-a701dbaba0ce,CUST-0084,83,4192.97,RTGS,PAYEE-ed1d341b,False,2026-10-28 13:31:05.143411,everyday,0,False
TXN-e938e764e6c0,CUST-0030,65,5987.63,UPI,PAYEE-6278826d,False,2026-10-28 13:48:27.875515,everyday,0,False
TXN-3ac8e48814bc,CUST-0094,83,3825.63,RTGS,PAYEE-9e02f4fe,False,2026-10-28 13:59:13.546044,everyday,1,False
TXN-2eb5e47a4783,CUST-0019,63,2545.34,UPI,PAYEE-48a1839e,False,2026-10-28 14:19:25.571105,everyday,1,False
TXN-792c0090aaae,CUST-0073,68,5854.99,UPI,PAYEE-0f68164d,False,2026-10-28 14:32:23.182150,everyday,0,False
TXN-8bfba959dc72,CUST-0049,68,14577.25,UPI,PAYEE-691eb057,False,2026-10-28 14:41:51.005741,everyday,2,False
TXN-b75f1cb67cca,CUST-0017,81,5240.01,UPI,PAYEE-bdfb2af3,False,2026-10-28 14:47:39.235787,everyday,0,False
TXN-246be8dc5bda,CUST-0067,81,14909.19,UPI,PAYEE-e1b030b0,False,2026-10-28 15:03:03.429175,everyday,0,False
TXN-9346209e062b,CUST-0027,73,3093.25,UPI,PAYEE-0c3dccff,False,2026-10-28 15:15:29.053369,everyday,1,False
TXN-9b08c567b4c4,CUST-0066,76,6464.32,UPI,PAYEE-c4852e0a,False,2026-10-28 15:37:02.858429,everyday,2,False
TXN-8a89caa579b5,CUST-0054,70,74881.15,UPI,PAYEE-ce6e8412,False,2026-10-28 15:42:13.366884,everyday,2,False
TXN-5f2a750afd26,CUST-0032,84,72748.8,UPI,PAYEE-4a5ea3ea,False,2026-10-28 15:54:13.121769,everyday,0,False
TXN-77ce689f272e,CUST-0075,82,8154.02,UPI,PAYEE-63308e9f,False,2026-10-28 16:02:12.469053,everyday,1,False
TXN-e6f80c2fd6b6,CUST-0071,64,11203.4,UPI,PAYEE-8d7ffec9,False,2026-10-28 16:05:26.271066,everyday,1,False
TXN-6473d8421235,CUST-0082,78,8704.57,UPI,PAYEE-1903d3e7,False,2026-10-28 16:05:40.525328,everyday,1,False
TXN-6966aa8f2df1,CUST-0052,84,2548.44,UPI,PAYEE-4592d372,False,2026-10-28 16:12:48.889274,everyday,1,False
TXN-3201553b7f7b,CUST-0004,73,10633.64,branch,PAYEE-b72e671a,False,2026-10-28 17:12:57.427299,everyday,0,False
TXN-14a51710e9a7,CUST-0035,63,14853.37,UPI,PAYEE-3e36e0fb,False,2026-10-28 17:26:00.632294,everyday,0,False
TXN-b126a0e65a74,CUST-0072,85,10350.03,branch,PAYEE-120927e4,True,2026-10-28 17:53:52.991495,everyday,1,False
TXN-a4678bab44ba,CUST-0060,64,12938.66,branch,PAYEE-1df8d9b0,False,2026-10-28 18:29:51.256733,everyday,0,False
TXN-74efa3ba0a60,CUST-0020,82,14466.85,UPI,PAYEE-c0c414b0,True,2026-10-28 18:45:00.739018,everyday,0,False
TXN-3f86ab7e30da,CUST-0070,76,9611.96,UPI,PAYEE-769f883b,False,2026-10-28 19:34:59.873893,everyday,0,False
TXN-bd3d6efc9f9d,CUST-0073,68,11905.87,UPI,PAYEE-ac0550ac,False,2026-10-28 19:36:28.015158,everyday,1,False
TXN-f9544ed021a3,CUST-0038,75,13391.67,UPI,PAYEE-b3171d9a,True,2026-10-28 20:00:31.619775,everyday,1,False
TXN-1b681ff2559a,CUST-0092,71,11406.43,UPI,PAYEE-5285f99b,False,2026-10-28 20:45:17.456792,everyday,0,False
TXN-5bd07ae635b3,CUST-0001,75,5997.21,UPI,PAYEE-60f4900b,False,2026-10-28 20:53:35.515781,everyday,1,False
TXN-2c04272e30e9,CUST-0007,76,9242.24,UPI,PAYEE-bdb9ebd7,True,2026-10-28 20:56:26.482259,everyday,0,False
TXN-5f966667ea38,CUST-0034,68,5558.67,UPI,PAYEE-118cdc3a,True,2026-10-28 21:45:07.007409,everyday,0,False
TXN-02bde2122a04,CUST-0031,77,13425.31,UPI,PAYEE-2903f221,False,2026-10-28 21:47:01.642662,everyday,0,False
TXN-aadad0741c6f,CUST-0009,78,5853.88,UPI,PAYEE-f43bcdda,False,2026-10-28 22:11:40.745112,everyday,0,False
TXN-1270028e336d,CUST-0095,85,11530.36,UPI,PAYEE-14760d89,False,2026-10-28 22:16:42.133302,everyday,3,False
TXN-cc0ba897c450,CUST-0031,77,57447.73,UPI,PAYEE-29d60a53,False,2026-10-28 22:36:19.053654,everyday,1,False
TXN-8abf5221cb14,CUST-0067,81,5290.95,UPI,PAYEE-54bf04a0,False,2026-10-28 23:40:29.713988,everyday,1,False
TXN-f3eabc58f5d5,CUST-0073,68,13782.07,UPI,PAYEE-b24f8182,True,2026-10-28 23:42:46.907483,everyday,2,False
TXN-6a31895e67db,CUST-0034,68,6083.2,UPI,PAYEE-dd1e6e2e,False,2026-10-29 00:08:03.761010,everyday,1,False
TXN-249700a6b814,CUST-0013,67,14056.37,RTGS,PAYEE-299c2080,False,2026-10-29 00:25:27.406619,everyday,0,False
TXN-e3e601aa5800,CUST-0080,64,8808.58,UPI,PAYEE-19068459,True,2026-10-29 00:42:06.128253,everyday,0,False
TXN-136901a1d7b9,CUST-0083,79,11469.54,UPI,PAYEE-fc7da152,False,2026-10-29 01:23:20.135425,everyday,1,False
TXN-eb711d9384d5,CUST-0000,72,4249.31,UPI,PAYEE-7dd02aa2,False,2026-10-29 01:34:12.911585,everyday,1,False
TXN-1a199d3695c3,CUST-0033,75,10023.52,UPI,PAYEE-709e13f2,True,2026-10-29 02:04:29.919292,everyday,0,False
TXN-4143fc1779de,CUST-0088,78,3105.35,UPI,PAYEE-804c9550,False,2026-10-29 02:08:15.474556,everyday,1,False
TXN-cbe2bb2a6329,CUST-0048,73,5955.34,RTGS,PAYEE-c949d879,True,2026-10-29 02:09:07.672758,everyday,1,False
TXN-5559727995f1,CUST-0032,84,1292.96,UPI,PAYEE-87c27598,False,2026-10-29 02:29:29.171136,everyday,1,False
TXN-aa57709970b4,CUST-0006,84,6281.78,UPI,PAYEE-7625a003,False,2026-10-29 04:07:05.546330,everyday,1,False
TXN-3745742c53b2,CUST-0046,63,6476.63,branch,PAYEE-645720cb,False,2026-10-29 04:08:20.548508,everyday,0,False
TXN-b1bacf162115,CUST-0077,75,11735.02,UPI,PAYEE-39b472dd,False,2026-10-29 04:45:24.054338,everyday,0,False
TXN-75809ad7765b,CUST-0042,60,1860.99,branch,PAYEE-e7dd78f1,False,2026-10-29 04:51:52.734681,everyday,0,False
TXN-44d191d8dc7b,CUST-0063,76,6060.88,UPI,PAYEE-7fdef95b,True,2026-10-29 04:56:36.658625,everyday,0,False
TXN-28860c80b043,CUST-0014,61,9427.3,UPI,PAYEE-ea5e55ce,False,2026-10-29 05:56:31.974284,everyday,2,False
TXN-e7666cc1073b,CUST-0078,63,7376.65,branch,PAYEE-1967e1e8,True,2026-10-29 06:06:01.044068,everyday,1,False
TXN-30dfe82aab66,CUST-0022,73,13330.18,UPI,PAYEE-da3eda85,True,2026-10-29 06:07:14.100043,everyday,0,False
TXN-dde6fe149c4b,CUST-0022,73,14780.61,branch,PAYEE-f03b716d,False,2026-10-29 06:33:30.333000,everyday,1,False
TXN-26d87b20b895,CUST-0066,76,6944.91,branch,PAYEE-9200542c,False,2026-10-29 07:12:56.313183,everyday,1,False
TXN-e2843de4d688,CUST-0078,63,4874.51,UPI,PAYEE-1967e1e8,False,2026-10-29 08:13:58.913349,everyday,1,False
TXN-129e6951c695,CUST-0099,72,1162.91,UPI,PAYEE-3d3fedd1,False,2026-10-29 08:18:34.988317,everyday,0,False
TXN-0b637387d2b9,CUST-0073,68,13663.88,UPI,PAYEE-2499e5a4,True,2026-10-29 08:35:30.768182,everyday,3,False
TXN-49e14a915b35,CUST-0081,68,8007.21,branch,PAYEE-1997c1be,False,2026-10-29 08:45:09.905943,everyday,0,False
TXN-56a759c67b83,CUST-0075,82,11115.41,RTGS,PAYEE-fb596286,False,2026-10-29 09:33:08.953611,everyday,2,False
TXN-d537f80e70e9,CUST-0099,72,13277.74,branch,PAYEE-28075c91,False,2026-10-29 09:41:12.198203,everyday,1,False
TXN-b56b1ec34473,CUST-0097,67,2024630.3,RTGS,SCAM-f045fa07,True,2026-10-29 09:44:18.701813,everyday,0,False
TXN-c2e5a81571e5,CUST-0003,81,14851.47,UPI,PAYEE-9b4b62f1,False,2026-10-29 10:15:53.799243,everyday,0,False
TXN-f6035df86309,CUST-0009,78,371.64,UPI,PAYEE-f43bcdda,False,2026-10-29 10:19:16.149449,everyday,1,False
TXN-306586dff5a1,CUST-0025,70,14942.47,UPI,PAYEE-4b178655,False,2026-10-29 10:37:14.644808,everyday,0,False
TXN-9bc0bed4149b,CUST-0021,78,10538.36,RTGS,PAYEE-ba8c592c,True,2026-10-29 10:49:31.167671,everyday,0,False
TXN-c0664223091f,CUST-0014,61,7866.64,UPI,PAYEE-7b378ba0,False,2026-10-29 10:56:04.501029,everyday,1,False
TXN-7040882daeca,CUST-0022,73,4671.67,UPI,PAYEE-a54617cb,True,2026-10-29 11:07:38.766142,everyday,2,False
TXN-80282166c57a,CUST-0045,69,535.96,UPI,PAYEE-c0e17b8e,False,2026-10-29 11:07:47.840376,everyday,0,False
TXN-eb93747cc44d,CUST-0036,76,5868.84,RTGS,PAYEE-6056bb82,False,2026-10-29 11:21:49.756397,everyday,0,False
TXN-a4916052f60a,CUST-0090,83,13215.38,branch,PAYEE-f7ab984b,False,2026-10-29 11:37:52.661644,everyday,0,False
TXN-d9fd863df950,CUST-0043,65,1338.06,branch,PAYEE-0e71975d,False,2026-10-29 11:57:08.657403,everyday,0,False
TXN-617b43050dbd,CUST-0098,65,70918.63,UPI,PAYEE-9bd69846,True,2026-10-29 11:58:31.929074,vault,0,False
TXN-586a2e626de3,CUST-0025,70,5811.41,UPI,PAYEE-2fd97b1b,False,2026-10-29 12:02:57.851329,everyday,1,False
TXN-aded1ce23b3a,CUST-0072,85,2900.51,UPI,PAYEE-6e485e88,False,2026-10-29 13:04:33.992647,everyday,1,False
TXN-a9b38f3f6063,CUST-0049,68,4316.01,branch,PAYEE-573bd3bc,False,2026-10-29 13:22:05.288960,everyday,1,False
TXN-c994cf717167,CUST-0016,77,14959.25,UPI,PAYEE-ecc8cbe4,True,2026-10-29 14:09:47.952972,everyday,0,False
TXN-331b6c585820,CUST-0076,79,634.43,UPI,PAYEE-ad85169f,False,2026-10-29 14:11:32.553724,everyday,0,False
TXN-1db1d5556548,CUST-0005,82,12791.3,branch,PAYEE-b0915e93,False,2026-10-29 14:58:49.824078,everyday,0,False
TXN-4d27a169a219,CUST-0073,68,70874.18,UPI,PAYEE-009c8ee0,False,2026-10-29 15:27:58.943110,everyday,3,False
TXN-fd911f01345f,CUST-0077,75,9890.18,UPI,PAYEE-3ff35f0c,False,2026-10-29 15:43:44.873033,everyday,1,False
TXN-80f6cd293229,CUST-0093,76,1090.85,UPI,PAYEE-422d6cd2,False,2026-10-29 15:49:42.193554,everyday,0,False
TXN-eb5442bce5ca,CUST-0041,81,1029.57,UPI,PAYEE-596e95b8,True,2026-10-29 16:02:09.972371,everyday,0,False
TXN-6a5c511119af,CUST-0031,77,2424.33,UPI,PAYEE-2903f221,False,2026-10-29 16:09:40.941090,everyday,2,False
TXN-665bba090b79,CUST-0027,73,70164.25,UPI,PAYEE-e0efacaf,True,2026-10-29 16:27:25.313654,vault,0,False
TXN-29fef783c5ce,CUST-0097,67,5406.91,UPI,PAYEE-7c413454,False,2026-10-29 16:48:02.488662,everyday,1,False
TXN-1da6ff49a2f4,CUST-0054,70,14982.44,branch,PAYEE-0f2b8c17,False,2026-10-29 17:20:25.314228,everyday,0,False
TXN-7edef1b2f4db,CUST-0066,76,14085.12,UPI,PAYEE-0423c25b,False,2026-10-29 17:29:05.055324,everyday,1,False
TXN-029980a8fc45,CUST-0097,67,13259.88,UPI,PAYEE-be51d36f,False,2026-10-29 17:33:45.003247,everyday,2,False
TXN-3b90a522a5f6,CUST-0083,79,4735.27,UPI,PAYEE-8322bea8,False,2026-10-29 18:07:45.036239,everyday,1,False
TXN-567f13e4c35a,CUST-0070,76,1600.01,branch,PAYEE-769f883b,False,2026-10-29 18:38:10.912552,everyday,1,False
TXN-c5d371cc2fad,CUST-0090,83,3447.04,UPI,PAYEE-5806f33b,False,2026-10-29 19:00:31.660348,everyday,1,False
TXN-1323c7fa9024,CUST-0087,73,14845.68,UPI,PAYEE-cc246886,True,2026-10-29 19:02:51.167717,everyday,0,False
TXN-9b9f576be896,CUST-0044,69,13026.13,RTGS,PAYEE-f45104b7,True,2026-10-29 19:16:07.012988,everyday,0,False
TXN-91ffe9992560,CUST-0036,76,5953.41,UPI,PAYEE-6056bb82,False,2026-10-29 19:38:09.957408,everyday,1,False
TXN-f1ad5e6ab34c,CUST-0031,77,14494.23,UPI,PAYEE-29d60a53,False,2026-10-29 20:05:30.775982,everyday,3,False
TXN-53e40ca7e77c,CUST-0014,61,4617.5,RTGS,PAYEE-9e23b134,False,2026-10-29 20:41:45.025449,everyday,2,False
TXN-7cafb58b30be,CUST-0018,61,7764.78,RTGS,PAYEE-18317c62,False,2026-10-29 21:11:45.011024,everyday,0,False
TXN-5c54d5e5899f,CUST-0074,82,9791.29,UPI,PAYEE-497adbc0,False,2026-10-29 21:12:48.593331,everyday,0,False
TXN-c4c680e52823,CUST-0006,84,4497.61,branch,PAYEE-7625a003,False,2026-10-29 21:16:59.415116,everyday,1,False
TXN-0e770c70da42,CUST-0094,83,5466.01,UPI,PAYEE-22d815ef,True,2026-10-29 21:23:18.872651,everyday,0,False
TXN-211f22a2c154,CUST-0050,75,6386.0,UPI,PAYEE-e6db33ac,False,2026-10-29 21:59:02.928955,everyday,0,False
TXN-9d02ba49dfe2,CUST-0000,72,8292.07,UPI,PAYEE-7e83af86,False,2026-10-29 22:20:28.652371,everyday,1,False
TXN-1d861e30f12a,CUST-0067,81,10589.05,UPI,PAYEE-8cd25145,True,2026-10-29 22:44:14.995156,everyday,1,False
TXN-17942415b057,CUST-0096,74,74209.59,branch,PAYEE-8c7e915d,False,2026-10-29 23:15:50.119634,vault,0,False
TXN-3af0ded46bca,CUST-0041,81,4685.19,UPI,PAYEE-829adb0a,False,2026-10-29 23:56:00.170522,everyday,1,False
TXN-c220d3f9841f,CUST-0090,83,11924.64,RTGS,PAYEE-9ac57b4e,False,2026-10-30 00:02:43.128254,everyday,2,False
TXN-e777b4d895d9,CUST-0093,76,4773.44,UPI,PAYEE-59b07834,True,2026-10-30 00:04:23.174328,everyday,1,False
TXN-d759902db5a6,CUST-0048,73,10763.5,branch,PAYEE-261fcad8,True,2026-10-30 00:05:58.973008,everyday,1,False
TXN-0718da681b28,CUST-0080,64,7123.87,UPI,PAYEE-4545736a,True,2026-10-30 00:09:29.366577,everyday,1,False
TXN-475f94cd3c80,CUST-0006,84,14669.85,UPI,PAYEE-9f468e40,False,2026-10-30 01:06:32.222427,everyday,2,False
TXN-ccc90eb25f97,CUST-0056,67,9478.94,UPI,PAYEE-a84edc05,False,2026-10-30 01:14:12.125051,everyday,0,False
TXN-2eeee1f45980,CUST-0007,76,14122.84,UPI,PAYEE-ebd22d9f,True,2026-10-30 01:14:49.236807,everyday,0,False
TXN-44e676c7d4a3,CUST-0079,78,12981.09,RTGS,PAYEE-122e644e,False,2026-10-30 01:16:35.376313,everyday,0,False
TXN-d7656e7b4c50,CUST-0015,78,6612.61,branch,PAYEE-d0d9fbe2,False,2026-10-30 01:37:22.006506,everyday,0,False
TXN-be2eed150f9b,CUST-0097,67,7537.14,UPI,PAYEE-3069d963,True,2026-10-30 01:45:06.977160,everyday,3,False
TXN-9711332dbee2,CUST-0073,68,76437.73,UPI,PAYEE-63869f8f,False,2026-10-30 02:04:11.647992,vault,2,False
TXN-4a3d89a3bd11,CUST-0049,68,9462.52,UPI,PAYEE-ae048e04,False,2026-10-30 02:14:05.171774,everyday,1,False
TXN-bfa665721e6d,CUST-0072,85,11055.5,UPI,PAYEE-35e1effc,True,2026-10-30 03:40:15.421596,everyday,1,False
TXN-1d2943b8253f,CUST-0011,71,6220.85,UPI,PAYEE-04c69f27,False,2026-10-30 04:06:48.264084,everyday,0,False
TXN-62ba1aa44884,CUST-0023,64,4277.17,UPI,PAYEE-fd999142,False,2026-10-30 04:11:51.297841,everyday,0,False
TXN-6bdf3e4cbdc1,CUST-0020,82,7994.24,UPI,PAYEE-146fc2ae,False,2026-10-30 04:14:33.539627,everyday,0,False
TXN-3a0c706e872c,CUST-0052,84,14668.22,RTGS,PAYEE-d7ca8dbc,False,2026-10-30 04:18:57.693633,everyday,0,False
TXN-2ee4a7049419,CUST-0067,81,4659.91,UPI,PAYEE-7822565d,False,2026-10-30 04:38:53.077299,everyday,1,False
TXN-809da2e8d6de,CUST-0084,83,6529.81,RTGS,PAYEE-7d59684b,True,2026-10-30 04:49:01.521882,everyday,0,False
TXN-03c8aff3519f,CUST-0045,69,3333.27,UPI,PAYEE-7b53aec1,True,2026-10-30 04:58:39.110859,everyday,1,False
TXN-e15632a8669f,CUST-0010,63,6060.32,UPI,PAYEE-824e994b,False,2026-10-30 05:04:51.530545,everyday,0,False
TXN-c413e8c8b848,CUST-0001,75,1631.62,branch,PAYEE-cc3b671a,False,2026-10-30 05:09:45.562676,everyday,0,False
TXN-c81d79beb7eb,CUST-0062,69,12640.74,RTGS,PAYEE-226ec50d,True,2026-10-30 05:23:39.505831,everyday,0,False
TXN-6e41d6a65c28,CUST-0003,81,4603.79,branch,PAYEE-2895d2aa,False,2026-10-30 05:29:32.461418,everyday,1,False
TXN-d72475f1c409,CUST-0051,81,14199.39,branch,PAYEE-5d4f5cb3,False,2026-10-30 05:45:18.089146,everyday,0,False
TXN-13049d3e7cb8,CUST-0087,73,6120.81,RTGS,PAYEE-b4005d1a,True,2026-10-30 05:59:23.088324,everyday,1,False
TXN-584199e34a98,CUST-0065,60,3862.63,branch,PAYEE-c14d5a37,False,2026-10-30 06:05:26.999744,everyday,0,False
TXN-b4ec09fbd854,CUST-0080,64,11464.24,branch,PAYEE-f4e31139,False,2026-10-30 06:08:14.022183,everyday,1,False
TXN-df939d38b57b,CUST-0042,60,5664.93,UPI,PAYEE-b5302263,False,2026-10-30 06:24:00.870296,everyday,0,False
TXN-ea72d5796064,CUST-0065,60,10298.12,UPI,PAYEE-b1b19f43,False,2026-10-30 07:02:08.661433,everyday,1,False
TXN-0ad818983b9b,CUST-0070,76,13985.91,UPI,PAYEE-769f883b,False,2026-10-30 07:41:45.804962,everyday,1,False
TXN-ecc9224c5a2b,CUST-0069,81,13173.39,RTGS,PAYEE-1f0dedb8,True,2026-10-30 07:45:02.804077,everyday,0,False
TXN-d406570e828c,CUST-0026,81,284.17,branch,PAYEE-29ce0c04,False,2026-10-30 08:05:05.285172,everyday,0,False
TXN-5296ef7cac4b,CUST-0055,66,13213.47,branch,PAYEE-3b86d610,False,2026-10-30 08:13:43.823989,everyday,0,False
TXN-935bba781ca6,CUST-0062,69,1408.53,UPI,PAYEE-772dc181,False,2026-10-30 09:32:54.503065,everyday,1,False
TXN-ab1f557cc44f,CUST-0043,65,14199.16,RTGS,PAYEE-0e71975d,False,2026-10-30 09:43:57.035032,everyday,1,False
TXN-b15102374897,CUST-0092,71,10566.28,branch,PAYEE-2d294308,False,2026-10-30 10:19:40.576781,everyday,0,False
TXN-2f7109bb57f6,CUST-0050,75,12169.09,UPI,PAYEE-d3323e9c,True,2026-10-30 11:10:26.598866,everyday,1,False
TXN-e8cc7f374c27,CUST-0039,71,10225.43,RTGS,PAYEE-e06a633e,False,2026-10-30 11:27:28.146707,everyday,0,False
TXN-e1aae5d7d0fc,CUST-0082,78,10687.8,UPI,PAYEE-3d7e3d28,False,2026-10-30 12:03:01.686129,everyday,0,False
TXN-a50c9fdff7a8,CUST-0027,73,11664.59,RTGS,PAYEE-3559398a,False,2026-10-30 12:05:11.014675,everyday,1,False
TXN-85e94cdb05e8,CUST-0040,71,14429.89,UPI,PAYEE-fe937e9f,False,2026-10-30 12:10:37.022354,everyday,0,False
TXN-ae619e3ef996,CUST-0036,76,732.0,RTGS,PAYEE-cb2ae567,False,2026-10-30 12:21:29.028489,everyday,1,False
TXN-acf660b84184,CUST-0009,78,13569.22,UPI,PAYEE-625bdc82,False,2026-10-30 12:47:47.944834,everyday,0,False
TXN-a31fedd8f390,CUST-0025,70,12828.17,UPI,PAYEE-46838ebb,False,2026-10-30 14:46:40.625592,everyday,0,False
TXN-1a061f7fda8b,CUST-0073,68,13169.45,UPI,PAYEE-ac0550ac,False,2026-10-30 14:52:43.677602,everyday,2,False
TXN-f8ed36f07869,CUST-0085,81,3184.41,UPI,PAYEE-09724b69,False,2026-10-30 16:35:36.945913,everyday,0,False
TXN-6390b11074e0,CUST-0040,71,7150.09,UPI,PAYEE-07f73c48,True,2026-10-30 17:03:45.637777,everyday,1,False
TXN-7556f8a31f96,CUST-0065,60,2316.02,UPI,PAYEE-c57569d4,False,2026-10-30 17:05:13.678829,everyday,2,False
TXN-df595148a546,CUST-0075,82,6254.68,branch,PAYEE-f12a18cd,False,2026-10-30 17:28:33.205038,everyday,0,False
TXN-f1ed1b0d6286,CUST-0062,69,4556.62,branch,PAYEE-e634db04,False,2026-10-30 17:33:55.853278,everyday,2,False
TXN-4672876dc042,CUST-0080,64,4895.39,branch,PAYEE-9abbd3b6,True,2026-10-30 18:47:01.890301,everyday,2,False
TXN-5e6f51ff0cfe,CUST-0013,67,9658.72,branch,PAYEE-4f30876b,False,2026-10-30 18:51:24.303522,everyday,0,False
TXN-44a0acf7ce3f,CUST-0080,64,13624.22,UPI,PAYEE-ec39a2cb,False,2026-10-30 19:04:15.053344,everyday,3,False
TXN-1e0badef66d6,CUST-0070,76,67018.82,UPI,PAYEE-994be55a,True,2026-10-30 19:29:32.985480,FD,1,True
TXN-4bd01de8bb78,CUST-0030,65,5460.13,UPI,PAYEE-6278826d,False,2026-10-30 21:42:30.036800,everyday,0,False
TXN-b4f832de4d30,CUST-0010,63,1927.3,branch,PAYEE-67b704b4,False,2026-10-30 22:01:44.151228,everyday,1,False
TXN-96ea3cf59de9,CUST-0020,82,11119.68,UPI,PAYEE-3bda2464,False,2026-10-30 22:24:24.205356,everyday,1,False
TXN-ea7a5fdcd216,CUST-0091,70,9222.09,branch,PAYEE-8fae07e6,False,2026-10-30 22:49:41.769518,everyday,0,False
TXN-6b92d6c5beb5,CUST-0057,69,11550.39,branch,PAYEE-9247780f,False,2026-10-30 22:51:06.013588,everyday,0,False
TXN-93c4d53efee9,CUST-0085,81,2914.24,UPI,PAYEE-24872bd2,False,2026-10-30 23:12:54.418812,everyday,1,False
TXN-39c4f561e9b7,CUST-0091,70,11997.46,UPI,PAYEE-fc596033,False,2026-10-30 23:35:45.605471,everyday,1,False
TXN-1b979313e5b6,CUST-0060,64,9105.14,UPI,PAYEE-025c4298,False,2026-10-30 23:36:01.790593,everyday,0,False
