txn_id,B0_action,B0_reason,B1_action,B1_reason,Integrated_action,Integrated_reason,Integrated_minus_safety_action,Integrated_minus_safety_reason,Integrated_minus_vault_action,Integrated_minus_vault_reason,Integrated_minus_emergency_action,Integrated_minus_emergency_reason
TXN-347b4b54875a,ALLOW,B0_BASELINE,ALLOW,B1_BASELINE,HOLD,EMERGENCY_UNLISTED,HOLD,EMERGENCY_UNLISTED,HOLD,EMERGENCY_UNLISTED,ALLOW,DEFAULT_ALLOW
TXN-e95ebb4c8f0a,ALLOW,B0_BASELINE,ALLOW,B1_BASELINE,ALLOW,DEFAULT_ALLOW,ALLOW,DEFAULT_ALLOW,ALLOW,DEFAULT_ALLOW,ALLOW,DEFAULT_ALLOW
TXN-63fdf56d88ac,ALLOW,B0_BASELINE,HOLD,B1_RBI_RULE,HOLD,VAULT_RELEASE,HOLD,VAULT_RELEASE,ALLOW,DEFAULT_ALLOW,HOLD,VAULT_RELEASE
TXN-0b6b03cf02c3,ALLOW,B0_BASELINE,ALLOW,B1_BASELINE,ALLOW,DEFAULT_ALLOW,ALLOW,DEFAULT_ALLOW,ALLOW,DEFAULT_ALLOW,ALLOW,DEFAULT_ALLOW
TXN-531a46b39f3a,ALLOW,B0_BASELINE,ALLOW,B1_BASELINE,ALLOW,DEFAULT_ALLOW,ALLOW,DEFAULT_ALLOW,ALLOW,DEFAULT_ALLOW,ALLOW,DEFAULT_ALLOW
TXN-cb1b7a162a64,ALLOW,B0_BASELINE,ALLOW,B1_BASELINE,ALLOW,DEFAULT_ALLOW,ALLOW,DEFAULT_ALLOW,ALLOW,DEFAULT_ALLOW,ALLOW,DEFAULT_ALLOW
TXN-5cbda00392b0,ALLOW,B0_BASELINE,ALLOW,B1_BASELINE,ALLOW,DEFAULT_ALLOW,ALLOW,DEFAULT_ALLOW,ALLOW,DEFAULT_ALLOW,ALLOW,DEFAULT_ALLOW
TXN-9bd1d841ebeb,ALLOW,B0_BASELINE,ALLOW,B1_BASELINE,ALLOW,DEFAULT_ALLOW,ALLOW,DEFAULT_ALLOW,ALLOW,DEFAULT_ALLOW,ALLOW,DEFAULT_ALLOW
TXN-cd1201d3b3a6,ALLOW,B0_BASELINE,ALLOW,B1_BASELINE,ALLOW,DEFAULT_ALLOW,ALLOW,DEFAULT_ALLOW,ALLOW,DEFAULT_ALLOW,ALLOW,DEFAULT_ALLOW
TXN-991228fcdcef,ALLOW,B0_BASELINE,ALLOW,B1_BASELINE,ALLOW,DEFAULT_ALLOW,ALLOW,DEFAULT_ALLOW,ALLOW,DEFAULT_ALLOW,ALLOW,DEFAULT_ALLOW
TXN-e51c68c9749a,ALLOW,B0_BASELINE,ALLOW,B1_BASELINE,ALLOW,DEFAULT_ALLOW,ALLOW,DEFAULT_ALLOW,ALLOW,DEFAULT_ALLOW,ALLOW,DEFAULT_ALLOW
TXN-bc14ef3b8a00,ALLOW,B0_BASELINE,ALLOW,B1_BASELINE,ALLOW,DEFAULT_ALLOW,ALLOW,DEFAULT_ALLOW,ALLOW,DEFAULT_ALLOW,ALLOW,DEFAULT_ALLOW
TXN-ca86f7304b23,ALLOW,B0_BASELINE,ALLOW,B1_BASELINE,ALLOW,DEFAULT_ALLOW,ALLOW,DEFAULT_ALLOW,ALLOW,DEFAULT_ALLOW,ALLOW,DEFAULT_ALLOW
TXN-ca39b21883fc,ALLOW,B0_BASELINE,ALLOW,B1_BASELINE,ALLOW,DEFAULT_ALLOW,ALLOW,DEFAULT_ALLOW,ALLOW,DEFAULT_ALLOW,ALLOW,DEFAULT_ALLOW
TXN-1d071418db9e,ALLOW,B0_BASELINE,HOLD,B1_RBI_RULE,HOLD,VAULT_RELEASE,HOLD,VAULT_RELEASE,ALLOW,DEFAULT_ALLOW,HOLD,VAULT_RELEASE
TXN-fab924849c19,ALLOW,B0_BASELINE,ALLOW,B1_BASELINE,HOLD,EMERGENCY_UNLISTED,HOLD,EMERGENCY_UNLISTED,HOLD,EMERGENCY_UNLISTED,ALLOW,DEFAULT_ALLOW
TXN-3703728fe2cf,ALLOW,B0_BASELINE,ALLOW,B1_BASELINE,ALLOW,DEFAULT_ALLOW,ALLOW,DEFAULT_ALLOW,ALLOW,DEFAULT_ALLOW,ALLOW,DEFAULT_ALLOW
TXN-9494b3f72395,ALLOW,B0_BASELINE,ALLOW,B1_BASELINE,ALLOW,DEFAULT_ALLOW,ALLOW,DEFAULT_ALLOW,ALLOW,DEFAULT_ALLOW,ALLOW,DEFAULT_ALLOW
TXN-5797dac47fa4,ALLOW,B0_BASELINE,ALLOW,B1_BASELINE,ALLOW,DEFAULT_ALLOW,ALLOW,DEFAULT_ALLOW,ALLOW,DEFAULT_ALLOW,ALLOW,DEFAULT_ALLOW
TXN-6a00bd2795b8,ALLOW,B0_BASELINE,ALLOW,B1_BASELINE,ALLOW,DEFAULT_ALLOW,ALLOW,DEFAULT_ALLOW,ALLOW,DEFAULT_ALLOW,ALLOW,DEFAULT_ALLOW
TXN-5cde1fe56bd6,ALLOW,B0_BASELINE,ALLOW,B1_BASELINE,ALLOW,DEFAULT_ALLOW,ALLOW,DEFAULT_ALLOW,ALLOW,DEFAULT_ALLOW,ALLOW,DEFAULT_ALLOW
TXN-85e4b6be71ac,ALLOW,B0_BASELINE,HOLD,B1_RBI_RULE,HOLD,VAULT_RELEASE,HOLD,VAULT_RELEASE,HOLD,PAYMENT_NEW_INDIVIDUAL_LARGE,HOLD,VAULT_RELEASE
TXN-ce9d9e147594,ALLOW,B0_BASELINE,ALLOW,B1_BASELINE,ALLOW,DEFAULT_ALLOW,ALLOW,DEFAULT_ALLOW,ALLOW,DEFAULT_ALLOW,ALLOW,DEFAULT_ALLOW
TXN-9d3ecd5a698a,ALLOW,B0_BASELINE,ALLOW,B1_BASELINE,ALLOW,DEFAULT_ALLOW,ALLOW,DEFAULT_ALLOW,ALLOW,DEFAULT_ALLOW,ALLOW,DEFAULT_ALLOW
TXN-24b9a844db2f,ALLOW,B0_BASELINE,ALLOW,B1_BASELINE,ALLOW,DEFAULT_ALLOW,ALLOW,DEFAULT_ALLOW,ALLOW,DEFAULT_ALLOW,ALLOW,DEFAULT_ALLOW
TXN-f49c01651545,ALLOW,B0_BASELINE,ALLOW,B1_BASELINE,ALLOW,DEFAULT_ALLOW,ALLOW,DEFAULT_ALLOW,ALLOW,DEFAULT_ALLOW,ALLOW,DEFAULT_ALLOW
TXN-ede405e8c0dd,ALLOW,B0_BASELINE,ALLOW,B1_BASELINE,ALLOW,DEFAULT_ALLOW,ALLOW,DEFAULT_ALLOW,ALLOW,DEFAULT_ALLOW,ALLOW,DEFAULT_ALLOW
TXN-cb9a3713fae2,ALLOW,B0_BASELINE,ALLOW,B1_BASELINE,ALLOW,DEFAULT_ALLOW,ALLOW,DEFAULT_ALLOW,ALLOW,DEFAULT_ALLOW,ALLOW,DEFAULT_ALLOW
TXN-332a6e7a0820,ALLOW,B0_BASELINE,ALLOW,B1_BASELINE,ALLOW,DEFAULT_ALLOW,ALLOW,DEFAULT_ALLOW,ALLOW,DEFAULT_ALLOW,ALLOW,DEFAULT_ALLOW
TXN-8dc21f4138ed,ALLOW,B0_BASELINE,ALLOW,B1_BASELINE,ALLOW,DEFAULT_ALLOW,ALLOW,DEFAULT_ALLOW,ALLOW,DEFAULT_ALLOW,ALLOW,DEFAULT_ALLOW
TXN-c05d793ef6b1,ALLOW,B0_BASELINE,ALLOW,B1_BASELINE,ALLOW,DEFAULT_ALLOW,ALLOW,DEFAULT_ALLOW,ALLOW,DEFAULT_ALLOW,ALLOW,DEFAULT_ALLOW
TXN-11c614c6e89f,ALLOW,B0_BASELINE,ALLOW,B1_BASELINE,ALLOW,DEFAULT_ALLOW,ALLOW,DEFAULT_ALLOW,ALLOW,DEFAULT_ALLOW,ALLOW,DEFAULT_ALLOW
TXN-6d3ae0867c8d,ALLOW,B0_BASELINE,ALLOW,B1_BASELINE,ALLOW,DEFAULT_ALLOW,ALLOW,DEFAULT_ALLOW,ALLOW,DEFAULT_ALLOW,ALLOW,DEFAULT_ALLOW
TXN-1d5ed86ae32a,ALLOW,B0_BASELINE,ALLOW,B1_BASELINE,ALLOW,DEFAULT_ALLOW,ALLOW,DEFAULT_ALLOW,ALLOW,DEFAULT_ALLOW,ALLOW,DEFAULT_ALLOW
TXN-3e745655a7d4,ALLOW,B0_BASELINE,ALLOW,B1_BASELINE,ALLOW,DEFAULT_ALLOW,ALLOW,DEFAULT_ALLOW,ALLOW,DEFAULT_ALLOW,ALLOW,DEFAULT_ALLOW
TXN-1a6093e267cf,ALLOW,B0_BASELINE,ALLOW,B1_BASELINE,ALLOW,DEFAULT_ALLOW,ALLOW,DEFAULT_ALLOW,ALLOW,DEFAULT_ALLOW,ALLOW,DEFAULT_ALLOW
TXN-f4472cd55f4d,ALLOW,B0_BASELINE,ALLOW,B1_BASELINE,ALLOW,DEFAULT_ALLOW,ALLOW,DEFAULT_ALLOW,ALLOW,DEFAULT_ALLOW,ALLOW,DEFAULT_ALLOW
TXN-53c12f7abc58,ALLOW,B0_BASELINE,ALLOW,B1_BASELINE,ALLOW,DEFAULT_ALLOW,ALLOW,DEFAULT_ALLOW,ALLOW,DEFAULT_ALLOW,ALLOW,DEFAULT_ALLOW
TXN-1c5b6e937dc6,ALLOW,B0_BASELINE,ALLOW,B1_BASELINE,ALLOW,DEFAULT_ALLOW,ALLOW,DEFAULT_ALLOW,ALLOW,DEFAULT_ALLOW,ALLOW,DEFAULT_ALLOW
TXN-ab19e51c3b8a,ALLOW,B0_BASELINE,ALLOW,B1_BASELINE,ALLOW,DEFAULT_ALLOW,ALLOW,DEFAULT_ALLOW,ALLOW,DEFAULT_ALLOW,ALLOW,DEFAULT_ALLOW
TXN-7ff54f0ed3b0,ALLOW,B0_BASELINE,ALLOW,B1_BASELINE,ALLOW,DEFAULT_ALLOW,ALLOW,DEFAULT_ALLOW,ALLOW,DEFAULT_ALLOW,ALLOW,DEFAULT_ALLOW
TXN-a46a809dd283,ALLOW,B0_BASELINE,ALLOW,B1_BASELINE,ALLOW,DEFAULT_ALLOW,ALLOW,DEFAULT_ALLOW,ALLOW,DEFAULT_ALLOW,ALLOW,DEFAULT_ALLOW
TXN-d041fca79be4,ALLOW,B0_BASELINE,ALLOW,B1_BASELINE,ALLOW,DEFAULT_ALLOW,ALLOW,DEFAULT_ALLOW,ALLOW,DEFAULT_ALLOW,ALLOW,DEFAULT_ALLOW
TXN-41a8c888d383,ALLOW,B0_BASELINE,ALLOW,B1_BASELINE,ALLOW,DEFAULT_ALLOW,ALLOW,DEFAULT_ALLOW,ALLOW,DEFAULT_ALLOW,ALLOW,DEFAULT_ALLOW
TXN-7642727df6d8,ALLOW,B0_BASELINE,ALLOW,B1_BASELINE,ALLOW,DEFAULT_ALLOW,ALLOW,DEFAULT_ALLOW,ALLOW,DEFAULT_ALLOW,ALLOW,DEFAULT_ALLOW
TXN-291a1a42e04b,ALLOW,B0_BASELINE,ALLOW,B1_BASELINE,ALLOW,DEFAULT_ALLOW,ALLOW,DEFAULT_ALLOW,ALLOW,DEFAULT_ALLOW,ALLOW,DEFAULT_ALLOW
TXN-c31589ce2598,ALLOW,B0_BASELINE,ALLOW,B1_BASELINE,ALLOW,DEFAULT_ALLOW,ALLOW,DEFAULT_ALLOW,ALLOW,DEFAULT_ALLOW,ALLOW,DEFAULT_ALLOW
TXN-1dc46f9f8dc7,ALLOW,B0_BASELINE,ALLOW,B1_BASELINE,ALLOW,DEFAULT_ALLOW,ALLOW,DEFAULT_ALLOW,ALLOW,DEFAULT_ALLOW,ALLOW,DEFAULT_ALLOW
TXN-03964f2b28ee,ALLOW,B0_BASELINE,ALLOW,B1_BASELINE,ALLOW,DEFAULT_ALLOW,ALLOW,DEFAULT_ALLOW,ALLOW,DEFAULT_ALLOW,ALLOW,DEFAULT_ALLOW
TXN-a44f993ffc96,ALLOW,B0_BASELINE,ALLOW,B1_BASELINE,ALLOW,DEFAULT_ALLOW,ALLOW,DEFAULT_ALLOW,ALLOW,DEFAULT_ALLOW,ALLOW,DEFAULT_ALLOW
TXN-df107837ebe6,ALLOW,B0_BASELINE,ALLOW,B1_BASELINE,ALLOW,DEFAULT_ALLOW,ALLOW,DEFAULT_ALLOW,ALLOW,DEFAULT_ALLOW,ALLOW,DEFAULT_ALLOW
TXN-b6b08552e2e9,ALLOW,B0_BASELINE,ALLOW,B1_BASELINE,ALLOW,DEFAULT_ALLOW,ALLOW,DEFAULT_ALLOW,ALLOW,DEFAULT_ALLOW,ALLOW,DEFAULT_ALLOW
TXN-f5d02de36aff,ALLOW,B0_BASELINE,ALLOW,B1_BASELINE,ALLOW,DEFAULT_ALLOW,ALLOW,DEFAULT_ALLOW,ALLOW,DEFAULT_ALLOW,ALLOW,DEFAULT_ALLOW
TXN-238d75cd0739,ALLOW,B0_BASELINE,ALLOW,B1_BASELINE,ALLOW,DEFAULT_ALLOW,ALLOW,DEFAULT_ALLOW,ALLOW,DEFAULT_ALLOW,ALLOW,DEFAULT_ALLOW
TXN-cf411c53f11f,ALLOW,B0_BASELINE,ALLOW,B1_BASELINE,ALLOW,DEFAULT_ALLOW,ALLOW,DEFAULT_ALLOW,ALLOW,DEFAULT_ALLOW,ALLOW,DEFAULT_ALLOW
TXN-393a950c2b76,ALLOW,B0_BASELINE,ALLOW,B1_BASELINE,ALLOW,DEFAULT_ALLOW,ALLOW,DEFAULT_ALLOW,ALLOW,DEFAULT_ALLOW,ALLOW,DEFAULT_ALLOW
TXN-dc80d91aa011,ALLOW,B0_BASELINE,ALLOW,B1_BASELINE,ALLOW,DEFAULT_ALLOW,ALLOW,DEFAULT_ALLOW,ALLOW,DEFAULT_ALLOW,ALLOW,DEFAULT_ALLOW
TXN-86da884c2f12,ALLOW,B0_BASELINE,ALLOW,B1_BASELINE,ALLOW,DEFAULT_ALLOW,ALLOW,DEFAULT_ALLOW,ALLOW,DEFAULT_ALLOW,ALLOW,DEFAULT_ALLOW
TXN-eea34cc5653b,ALLOW,B0_BASELINE,ALLOW,B1_BASELINE,ALLOW,DEFAULT_ALLOW,ALLOW,DEFAULT_ALLOW,ALLOW,DEFAULT_ALLOW,ALLOW,DEFAULT_ALLOW
TXN-3c8a68d8debf,ALLOW,B0_BASELINE,ALLOW,B1_BASELINE,ALLOW,DEFAULT_ALLOW,ALLOW,DEFAULT_ALLOW,ALLOW,DEFAULT_ALLOW,ALLOW,DEFAULT_ALLOW
TXN-515800a3375c,ALLOW,B0_BASELINE,ALLOW,B1_BASELINE,ALLOW,DEFAULT_ALLOW,ALLOW,DEFAULT_ALLOW,ALLOW,DEFAULT_ALLOW,ALLOW,DEFAULT_ALLOW
TXN-df2e4201b752,ALLOW,B0_BASELINE,ALLOW,B1_BASELINE,ALLOW,DEFAULT_ALLOW,ALLOW,DEFAULT_ALLOW,ALLOW,DEFAULT_ALLOW,ALLOW,DEFAULT_ALLOW
TXN-4b9473f91cf7,ALLOW,B0_BASELINE,ALLOW,B1_BASELINE,ALLOW,DEFAULT_ALLOW,ALLOW,DEFAULT_ALLOW,ALLOW,DEFAULT_ALLOW,ALLOW,DEFAULT_ALLOW
TXN-6f06362b998d,ALLOW,B0_BASELINE,ALLOW,B1_BASELINE,ALLOW,DEFAULT_ALLOW,ALLOW,DEFAULT_ALLOW,ALLOW,DEFAULT_ALLOW,ALLOW,DEFAULT_ALLOW
TXN-f367d73e1f4a,ALLOW,B0_BASELINE,ALLOW,B1_BASELINE,ALLOW,DEFAULT_ALLOW,ALLOW,DEFAULT_ALLOW,ALLOW,DEFAULT_ALLOW,ALLOW,DEFAULT_ALLOW
TXN-29e372c04a6e,ALLOW,B0_BASELINE,ALLOW,B1_BASELINE,ALLOW,DEFAULT_ALLOW,ALLOW,DEFAULT_ALLOW,ALLOW,DEFAULT_ALLOW,ALLOW,DEFAULT_ALLOW
TXN-5773cd3bc183,ALLOW,B0_BASELINE,ALLOW,B1_BASELINE,ALLOW,DEFAULT_ALLOW,ALLOW,DEFAULT_ALLOW,ALLOW,DEFAULT_ALLOW,ALLOW,DEFAULT_ALLOW
TXN-850df76dbbc1,ALLOW,B0_BASELINE,ALLOW,B1_BASELINE,ALLOW,DEFAULT_ALLOW,ALLOW,DEFAULT_ALLOW,ALLOW,DEFAULT_ALLOW,ALLOW,DEFAULT_ALLOW
TXN-58351b0f1426,ALLOW,B0_BASELINE,ALLOW,B1_BASELINE,ALLOW,DEFAULT_ALLOW,ALLOW,DEFAULT_ALLOW,ALLOW,DEFAULT_ALLOW,ALLOW,DEFAULT_ALLOW
TXN-81d3e7be564f,ALLOW,B0_BASELINE,ALLOW,B1_BASELINE,ALLOW,DEFAULT_ALLOW,ALLOW,DEFAULT_ALLOW,ALLOW,DEFAULT_ALLOW,ALLOW,DEFAULT_ALLOW
TXN-fc50f9dcc15d,ALLOW,B0_BASELINE,ALLOW,B1_BASELINE,ALLOW,DEFAULT_ALLOW,ALLOW,DEFAULT_ALLOW,ALLOW,DEFAULT_ALLOW,ALLOW,DEFAULT_ALLOW
TXN-95d37c6bb21e,ALLOW,B0_BASELINE,ALLOW,B1_BASELINE,ALLOW,DEFAULT_ALLOW,ALLOW,DEFAULT_ALLOW,ALLOW,DEFAULT_ALLOW,ALLOW,DEFAULT_ALLOW
TXN-cf2c02157888,ALLOW,B0_BASELINE,ALLOW,B1_BASELINE,ALLOW,DEFAULT_ALLOW,ALLOW,DEFAULT_ALLOW,ALLOW,DEFAULT_ALLOW,ALLOW,DEFAULT_ALLOW
TXN-3fb8cf94c547,ALLOW,B0_BASELINE,ALLOW,B1_BASELINE,ALLOW,DEFAULT_ALLOW,ALLOW,DEFAULT_ALLOW,ALLOW,DEFAULT_ALLOW,ALLOW,DEFAULT_ALLOW
TXN-ff15ef881260,ALLOW,B0_BASELINE,HOLD,B1_RBI_RULE,HOLD,PAYMENT_NEW_INDIVIDUAL_LARGE,HOLD,PAYMENT_NEW_INDIVIDUAL_LARGE,HOLD,PAYMENT_NEW_INDIVIDUAL_LARGE,HOLD,PAYMENT_NEW_INDIVIDUAL_LARGE
TXN-22ed2bbd2515,ALLOW,B0_BASELINE,ALLOW,B1_BASELINE,ESCALATE,SAFETY_VELOCITY,ALLOW,DEFAULT_ALLOW,ESCALATE,SAFETY_VELOCITY,ESCALATE,SAFETY_VELOCITY
TXN-0e6d2bb767ca,ALLOW,B0_BASELINE,ALLOW,B1_BASELINE,ALLOW,DEFAULT_ALLOW,ALLOW,DEFAULT_ALLOW,ALLOW,DEFAULT_ALLOW,ALLOW,DEFAULT_ALLOW
TXN-f38a0c235714,ALLOW,B0_BASELINE,ALLOW,B1_BASELINE,ALLOW,DEFAULT_ALLOW,ALLOW,DEFAULT_ALLOW,ALLOW,DEFAULT_ALLOW,ALLOW,DEFAULT_ALLOW
TXN-54f0dec09e15,ALLOW,B0_BASELINE,ALLOW,B1_BASELINE,ALLOW,DEFAULT_ALLOW,ALLOW,DEFAULT_ALLOW,ALLOW,DEFAULT_ALLOW,ALLOW,DEFAULT_ALLOW
TXN-473ecfa85cff,ALLOW,B0_BASELINE,ALLOW,B1_BASELINE,HOLD,EMERGENCY_UNLISTED,HOLD,EMERGENCY_UNLISTED,HOLD,EMERGENCY_UNLISTED,ALLOW,DEFAULT_ALLOW
TXN-14483bc149ef,ALLOW,B0_BASELINE,ALLOW,B1_BASELINE,ALLOW,DEFAULT_ALLOW,ALLOW,DEFAULT_ALLOW,ALLOW,DEFAULT_ALLOW,ALLOW,DEFAULT_ALLOW
TXN-0f9bbd9d3bdb,ALLOW,B0_BASELINE,ALLOW,B1_BASELINE,ALLOW,DEFAULT_ALLOW,ALLOW,DEFAULT_ALLOW,ALLOW,DEFAULT_ALLOW,ALLOW,DEFAULT_ALLOW
TXN-07635c9e0487,ALLOW,B0_BASELINE,ALLOW,B1_BASELINE,ALLOW,DEFAULT_ALLOW,ALLOW,DEFAULT_ALLOW,ALLOW,DEFAULT_ALLOW,ALLOW,DEFAULT_ALLOW
TXN-01f80c8068a6,ALLOW,B0_BASELINE,ALLOW,B1_BASELINE,ALLOW,DEFAULT_ALLOW,ALLOW,DEFAULT_ALLOW,ALLOW,DEFAULT_ALLOW,ALLOW,DEFAULT_ALLOW
TXN-74d05f121cb8,ALLOW,B0_BASELINE,ALLOW,B1_BASELINE,ESCALATE,SAFETY_VELOCITY,ALLOW,DEFAULT_ALLOW,ESCALATE,SAFETY_VELOCITY,ESCALATE,SAFETY_VELOCITY
TXN-04a24a4fcae8,ALLOW,B0_BASELINE,ALLOW,B1_BASELINE,ALLOW,DEFAULT_ALLOW,ALLOW,DEFAULT_ALLOW,ALLOW,DEFAULT_ALLOW,ALLOW,DEFAULT_ALLOW
TXN-d7894adec530,ALLOW,B0_BASELINE,ALLOW,B1_BASELINE,ALLOW,DEFAULT_ALLOW,ALLOW,DEFAULT_ALLOW,ALLOW,DEFAULT_ALLOW,ALLOW,DEFAULT_ALLOW
TXN-b0594fb9cdd9,ALLOW,B0_BASELINE,ALLOW,B1_BASELINE,ALLOW,DEFAULT_ALLOW,ALLOW,DEFAULT_ALLOW,ALLOW,DEFAULT_ALLOW,ALLOW,DEFAULT_ALLOW
TXN-baf319ced30a,ALLOW,B0_BASELINE,ALLOW,B1_BASELINE,ALLOW,DEFAULT_ALLOW,ALLOW,DEFAULT_ALLOW,ALLOW,DEFAULT_ALLOW,ALLOW,DEFAULT_ALLOW
TXN-adeee75f77cb,ALLOW,B0_BASELINE,HOLD,B1_RBI_RULE,HOLD,PAYMENT_NEW_INDIVIDUAL_LARGE,HOLD,PAYMENT_NEW_INDIVIDUAL_LARGE,HOLD,PAYMENT_NEW_INDIVIDUAL_LARGE,HOLD,PAYMENT_NEW_INDIVIDUAL_LARGE
TXN-7970d1f63b7d,ALLOW,B0_BASELINE,ALLOW,B1_BASELINE,ALLOW,DEFAULT_ALLOW,ALLOW,DEFAULT_ALLOW,ALLOW,DEFAULT_ALLOW,ALLOW,DEFAULT_ALLOW
TXN-0baa929f07cf,ALLOW,B0_BASELINE,ALLOW,B1_BASELINE,ALLOW,DEFAULT_ALLOW,ALLOW,DEFAULT_ALLOW,ALLOW,DEFAULT_ALLOW,ALLOW,DEFAULT_ALLOW
TXN-1f26502c5176,ALLOW,B0_BASELINE,ALLOW,B1_BASELINE,ALLOW,DEFAULT_ALLOW,ALLOW,DEFAULT_ALLOW,ALLOW,DEFAULT_ALLOW,ALLOW,DEFAULT_ALLOW
TXN-804974017ddf,ALLOW,B0_BASELINE,HOLD,B1_RBI_RULE,REJECT,SAFETY_CALL_DETECTED,HOLD,PAYMENT_NEW_INDIVIDUAL_LARGE,REJECT,SAFETY_CALL_DETECTED,REJECT,SAFETY_CALL_DETECTED
TXN-934257410af1,ALLOW,B0_BASELINE,ALLOW,B1_BASELINE,ALLOW,DEFAULT_ALLOW,ALLOW,DEFAULT_ALLOW,ALLOW,DEFAULT_ALLOW,ALLOW,DEFAULT_ALLOW
TXN-bd7cbcbd2fb5,ALLOW,B0_BASELINE,ALLOW,B1_BASELINE,ALLOW,DEFAULT_ALLOW,ALLOW,DEFAULT_ALLOW,ALLOW,DEFAULT_ALLOW,ALLOW,DEFAULT_ALLOW
TXN-0edbd8b8a6ce,ALLOW,B0_BASELINE,ALLOW,B1_BASELINE,ALLOW,DEFAULT_ALLOW,ALLOW,DEFAULT_ALLOW,ALLOW,DEFAULT_ALLOW,ALLOW,DEFAULT_ALLOW
TXN-df544ae86963,ALLOW,B0_BASELINE,HOLD,B1_RBI_RULE,REJECT,SAFETY_CALL_DETECTED,HOLD,PAYMENT_NEW_INDIVIDUAL_LARGE,REJECT,SAFETY_CALL_DETECTED,REJECT,SAFETY_CALL_DETECTED
TXN-b3bce2908027,ALLOW,B0_BASELINE,ALLOW,B1_BASELINE,ALLOW,DEFAULT_ALLOW,ALLOW,DEFAULT_ALLOW,ALLOW,DEFAULT_ALLOW,ALLOW,DEFAULT_ALLOW
TXN-5e809dc6c9b1,ALLOW,B0_BASELINE,ALLOW,B1_BASELINE,ALLOW,DEFAULT_ALLOW,ALLOW,DEFAULT_ALLOW,ALLOW,DEFAULT_ALLOW,ALLOW,DEFAULT_ALLOW
TXN-b40186c9c6b8,ALLOW,B0_BASELINE,ALLOW,B1_BASELINE,ALLOW,DEFAULT_ALLOW,ALLOW,DEFAULT_ALLOW,ALLOW,DEFAULT_ALLOW,ALLOW,DEFAULT_ALLOW
TXN-8cd688083465,ALLOW,B0_BASELINE,ALLOW,B1_BASELINE,ALLOW,DEFAULT_ALLOW,ALLOW,DEFAULT_ALLOW,ALLOW,DEFAULT_ALLOW,ALLOW,DEFAULT_ALLOW
TXN-e718ca728945,ALLOW,B0_BASELINE,ALLOW,B1_BASELINE,ALLOW,DEFAULT_ALLOW,ALLOW,DEFAULT_ALLOW,ALLOW,DEFAULT_ALLOW,ALLOW,DEFAULT_ALLOW
TXN-d13ad96eefaf,ALLOW,B0_BASELINE,ALLOW,B1_BASELINE,ALLOW,DEFAULT_ALLOW,ALLOW,DEFAULT_ALLOW,ALLOW,DEFAULT_ALLOW,ALLOW,DEFAULT_ALLOW
TXN-1b769c323ccc,ALLOW,B0_BASELINE,HOLD,B1_RBI_RULE,HOLD,PAYMENT_NEW_INDIVIDUAL_LARGE,HOLD,PAYMENT_NEW_INDIVIDUAL_LARGE,HOLD,PAYMENT_NEW_INDIVIDUAL_LARGE,HOLD,PAYMENT_NEW_INDIVIDUAL_LARGE
TXN-9c8932427147,ALLOW,B0_BASELINE,HOLD,B1_RBI_RULE,HOLD,PAYMENT_NEW_INDIVIDUAL_LARGE,HOLD,PAYMENT_NEW_INDIVIDUAL_LARGE,HOLD,PAYMENT_NEW_INDIVIDUAL_LARGE,HOLD,PAYMENT_NEW_INDIVIDUAL_LARGE
TXN-2100dd3a195f,ALLOW,B0_BASELINE,ALLOW,B1_BASELINE,ALLOW,DEFAULT_ALLOW,ALLOW,DEFAULT_ALLOW,ALLOW,DEFAULT_ALLOW,ALLOW,DEFAULT_ALLOW
TXN-60c09b2dafd4,ALLOW,B0_BASELINE,ALLOW,B1_BASELINE,ALLOW,DEFAULT_ALLOW,ALLOW,DEFAULT_ALLOW,ALLOW,DEFAULT_ALLOW,ALLOW,DEFAULT_ALLOW
TXN-cd970c0c624e,ALLOW,B0_BASELINE,ALLOW,B1_BASELINE,ALLOW,DEFAULT_ALLOW,ALLOW,DEFAULT_ALLOW,ALLOW,DEFAULT_ALLOW,ALLOW,DEFAULT_ALLOW
TXN-6baef603979c,ALLOW,B0_BASELINE,HOLD,B1_RBI_RULE,ALLOW,DEFAULT_ALLOW,ALLOW,DEFAULT_ALLOW,ALLOW,DEFAULT_ALLOW,ALLOW,DEFAULT_ALLOW
TXN-fc90a1a31d98,ALLOW,B0_BASELINE,ALLOW,B1_BASELINE,ALLOW,DEFAULT_ALLOW,ALLOW,DEFAULT_ALLOW,ALLOW,DEFAULT_ALLOW,ALLOW,DEFAULT_ALLOW
TXN-1d12907c7f09,ALLOW,B0_BASELINE,ALLOW,B1_BASELINE,ALLOW,DEFAULT_ALLOW,ALLOW,DEFAULT_ALLOW,ALLOW,DEFAULT_ALLOW,ALLOW,DEFAULT_ALLOW
TXN-e9824408067a,ALLOW,B0_BASELINE,ALLOW,B1_BASELINE,ALLOW,DEFAULT_ALLOW,ALLOW,DEFAULT_ALLOW,ALLOW,DEFAULT_ALLOW,ALLOW,DEFAULT_ALLOW
TXN-0922fb07f1e0,ALLOW,B0_BASELINE,ALLOW,B1_BASELINE,ALLOW,DEFAULT_ALLOW,ALLOW,DEFAULT_ALLOW,ALLOW,DEFAULT_ALLOW,ALLOW,DEFAULT_ALLOW
TXN-2d120f1ec993,ALLOW,B0_BASELINE,ALLOW,B1_BASELINE,ALLOW,DEFAULT_ALLOW,ALLOW,DEFAULT_ALLOW,ALLOW,DEFAULT_ALLOW,ALLOW,DEFAULT_ALLOW
TXN-50273a638dad,ALLOW,B0_BASELINE,ALLOW,B1_BASELINE,ALLOW,DEFAULT_ALLOW,ALLOW,DEFAULT_ALLOW,ALLOW,DEFAULT_ALLOW,ALLOW,DEFAULT_ALLOW
TXN-5e5251b6998f,ALLOW,B0_BASELINE,ALLOW,B1_BASELINE,ALLOW,DEFAULT_ALLOW,ALLOW,DEFAULT_ALLOW,ALLOW,DEFAULT_ALLOW,ALLOW,DEFAULT_ALLOW
TXN-b55694b92364,ALLOW,B0_BASELINE,ALLOW,B1_BASELINE,ALLOW,DEFAULT_ALLOW,ALLOW,DEFAULT_ALLOW,ALLOW,DEFAULT_ALLOW,ALLOW,DEFAULT_ALLOW
TXN-9a8c8e48f624,ALLOW,B0_BASELINE,ALLOW,B1_BASELINE,ALLOW,DEFAULT_ALLOW,ALLOW,DEFAULT_ALLOW,ALLOW,DEFAULT_ALLOW,ALLOW,DEFAULT_ALLOW
TXN-bbcd39d6f678,ALLOW,B0_BASELINE,ALLOW,B1_BASELINE,ALLOW,DEFAULT_ALLOW,ALLOW,DEFAULT_ALLOW,ALLOW,DEFAULT_ALLOW,ALLOW,DEFAULT_ALLOW
TXN-e65b3aa921fe,ALLOW,B0_BASELINE,ALLOW,B1_BASELINE,ALLOW,DEFAULT_ALLOW,ALLOW,DEFAULT_ALLOW,ALLOW,DEFAULT_ALLOW,ALLOW,DEFAULT_ALLOW
TXN-ed8d81c66dc4,ALLOW,B0_BASELINE,ALLOW,B1_BASELINE,ESCALATE,SAFETY_VELOCITY,ALLOW,DEFAULT_ALLOW,ESCALATE,SAFETY_VELOCITY,ESCALATE,SAFETY_VELOCITY
TXN-46fe980cac1a,ALLOW,B0_BASELINE,ALLOW,B1_BASELINE,ALLOW,DEFAULT_ALLOW,ALLOW,DEFAULT_ALLOW,ALLOW,DEFAULT_ALLOW,ALLOW,DEFAULT_ALLOW
TXN-76988fdf8e63,ALLOW,B0_BASELINE,ALLOW,B1_BASELINE,ALLOW,DEFAULT_ALLOW,ALLOW,DEFAULT_ALLOW,ALLOW,DEFAULT_ALLOW,ALLOW,DEFAULT_ALLOW
TXN-81d8cbb8e47d,ALLOW,B0_BASELINE,ALLOW,B1_BASELINE,ALLOW,DEFAULT_ALLOW,ALLOW,DEFAULT_ALLOW,ALLOW,DEFAULT_ALLOW,ALLOW,DEFAULT_ALLOW
TXN-bc46291b2f35,ALLOW,B0_BASELINE,ALLOW,B1_BASELINE,ESCALATE,SAFETY_VELOCITY,ALLOW,DEFAULT_ALLOW,ESCALATE,SAFETY_VELOCITY,ESCALATE,SAFETY_VELOCITY
TXN-663afbc10944,ALLOW,B0_BASELINE,ALLOW,B1_BASELINE,ALLOW,DEFAULT_ALLOW,ALLOW,DEFAULT_ALLOW,ALLOW,DEFAULT_ALLOW,ALLOW,DEFAULT_ALLOW
TXN-5801080e5c43,ALLOW,B0_BASELINE,ALLOW,B1_BASELINE,ALLOW,DEFAULT_ALLOW,ALLOW,DEFAULT_ALLOW,ALLOW,DEFAULT_ALLOW,ALLOW,DEFAULT_ALLOW
TXN-3b14fc57303b,ALLOW,B0_BASELINE,ALLOW,B1_BASELINE,ALLOW,DEFAULT_ALLOW,ALLOW,DEFAULT_ALLOW,ALLOW,DEFAULT_ALLOW,ALLOW,DEFAULT_ALLOW
TXN-0c977f1a6712,ALLOW,B0_BASELINE,ALLOW,B1_BASELINE,ALLOW,DEFAULT_ALLOW,ALLOW,DEFAULT_ALLOW,ALLOW,DEFAULT_ALLOW,ALLOW,DEFAULT_ALLOW
TXN-647bbf7aa1d9,ALLOW,B0_BASELINE,ALLOW,B1_BASELINE,HOLD,EMERGENCY_UNLISTED,HOLD,EMERGENCY_UNLISTED,HOLD,EMERGENCY_UNLISTED,ALLOW,DEFAULT_ALLOW
TXN-48181c0e5803,ALLOW,B0_BASELINE,ALLOW,B1_BASELINE,ALLOW,DEFAULT_ALLOW,ALLOW,DEFAULT_ALLOW,ALLOW,DEFAULT_ALLOW,ALLOW,DEFAULT_ALLOW
TXN-dcc639b6a02d,ALLOW,B0_BASELINE,ALLOW,B1_BASELINE,ALLOW,DEFAULT_ALLOW,ALLOW,DEFAULT_ALLOW,ALLOW,DEFAULT_ALLOW,ALLOW,DEFAULT_ALLOW
TXN-bb2cc88eba2b,ALLOW,B0_BASELINE,ALLOW,B1_BASELINE,ALLOW,DEFAULT_ALLOW,ALLOW,DEFAULT_ALLOW,ALLOW,DEFAULT_ALLOW,ALLOW,DEFAULT_ALLOW
TXN-1ac3494cccff,ALLOW,B0_BASELINE,ALLOW,B1_BASELINE,ALLOW,DEFAULT_ALLOW,ALLOW,DEFAULT_ALLOW,ALLOW,DEFAULT_ALLOW,ALLOW,DEFAULT_ALLOW
TXN-1764b8af0a4a,ALLOW,B0_BASELINE,ALLOW,B1_BASELINE,ALLOW,DEFAULT_ALLOW,ALLOW,DEFAULT_ALLOW,ALLOW,DEFAULT_ALLOW,ALLOW,DEFAULT_ALLOW
TXN-a3737eb348d0,ALLOW,B0_BASELINE,ALLOW,B1_BASELINE,ALLOW,DEFAULT_ALLOW,ALLOW,DEFAULT_ALLOW,ALLOW,DEFAULT_ALLOW,ALLOW,DEFAULT_ALLOW
TXN-9a5a2eba9439,ALLOW,B0_BASELINE,ALLOW,B1_BASELINE,ALLOW,DEFAULT_ALLOW,ALLOW,DEFAULT_ALLOW,ALLOW,DEFAULT_ALLOW,ALLOW,DEFAULT_ALLOW
TXN-990822614e92,ALLOW,B0_BASELINE,ALLOW,B1_BASELINE,ALLOW,DEFAULT_ALLOW,ALLOW,DEFAULT_ALLOW,ALLOW,DEFAULT_ALLOW,ALLOW,DEFAULT_ALLOW
TXN-3556f3bae28a,ALLOW,B0_BASELINE,ALLOW,B1_BASELINE,ALLOW,DEFAULT_ALLOW,ALLOW,DEFAULT_ALLOW,ALLOW,DEFAULT_ALLOW,ALLOW,DEFAULT_ALLOW
TXN-4805a865124e,ALLOW,B0_BASELINE,HOLD,B1_RBI_RULE,HOLD,VAULT_RELEASE,HOLD,VAULT_RELEASE,ALLOW,DEFAULT_ALLOW,HOLD,VAULT_RELEASE
TXN-53f025cb8911,ALLOW,B0_BASELINE,ALLOW,B1_BASELINE,ALLOW,DEFAULT_ALLOW,ALLOW,DEFAULT_ALLOW,ALLOW,DEFAULT_ALLOW,ALLOW,DEFAULT_ALLOW
TXN-53459ab41d3c,ALLOW,B0_BASELINE,ALLOW,B1_BASELINE,ALLOW,DEFAULT_ALLOW,ALLOW,DEFAULT_ALLOW,ALLOW,DEFAULT_ALLOW,ALLOW,DEFAULT_ALLOW
TXN-e21046a4e7d2,ALLOW,B0_BASELINE,ALLOW,B1_BASELINE,ALLOW,DEFAULT_ALLOW,ALLOW,DEFAULT_ALLOW,ALLOW,DEFAULT_ALLOW,ALLOW,DEFAULT_ALLOW
TXN-dff3fdbb299a,ALLOW,B0_BASELINE,ALLOW,B1_BASELINE,ALLOW,DEFAULT_ALLOW,ALLOW,DEFAULT_ALLOW,ALLOW,DEFAULT_ALLOW,ALLOW,DEFAULT_ALLOW
TXN-cc5a461d4f9d,ALLOW,B0_BASELINE,ALLOW,B1_BASELINE,ALLOW,DEFAULT_ALLOW,ALLOW,DEFAULT_ALLOW,ALLOW,DEFAULT_ALLOW,ALLOW,DEFAULT_ALLOW
TXN-4ad77c2b106d,ALLOW,B0_BASELINE,ALLOW,B1_BASELINE,ALLOW,DEFAULT_ALLOW,ALLOW,DEFAULT_ALLOW,ALLOW,DEFAULT_ALLOW,ALLOW,DEFAULT_ALLOW
TXN-28f9a929f865,ALLOW,B0_BASELINE,ALLOW,B1_BASELINE,ALLOW,DEFAULT_ALLOW,ALLOW,DEFAULT_ALLOW,ALLOW,DEFAULT_ALLOW,ALLOW,DEFAULT_ALLOW
TXN-28617ea579f8,ALLOW,B0_BASELINE,ALLOW,B1_BASELINE,ESCALATE,SAFETY_VELOCITY,ALLOW,DEFAULT_ALLOW,ESCALATE,SAFETY_VELOCITY,ESCALATE,SAFETY_VELOCITY
TXN-7eefcc90c20f,ALLOW,B0_BASELINE,ALLOW,B1_BASELINE,ALLOW,DEFAULT_ALLOW,ALLOW,DEFAULT_ALLOW,ALLOW,DEFAULT_ALLOW,ALLOW,DEFAULT_ALLOW
TXN-436770a9cb2f,ALLOW,B0_BASELINE,ALLOW,B1_BASELINE,HOLD,EMERGENCY_UNLISTED,HOLD,EMERGENCY_UNLISTED,HOLD,EMERGENCY_UNLISTED,ALLOW,DEFAULT_ALLOW
TXN-0fd1c5bb2013,ALLOW,B0_BASELINE,ALLOW,B1_BASELINE,ALLOW,DEFAULT_ALLOW,ALLOW,DEFAULT_ALLOW,ALLOW,DEFAULT_ALLOW,ALLOW,DEFAULT_ALLOW
TXN-2d65d5d29827,ALLOW,B0_BASELINE,ALLOW,B1_BASELINE,ALLOW,DEFAULT_ALLOW,ALLOW,DEFAULT_ALLOW,ALLOW,DEFAULT_ALLOW,ALLOW,DEFAULT_ALLOW
TXN-3206ec768fdd,ALLOW,B0_BASELINE,ALLOW,B1_BASELINE,ALLOW,DEFAULT_ALLOW,ALLOW,DEFAULT_ALLOW,ALLOW,DEFAULT_ALLOW,ALLOW,DEFAULT_ALLOW
TXN-a2ea5a96ff1d,ALLOW,B0_BASELINE,ALLOW,B1_BASELINE,ALLOW,DEFAULT_ALLOW,ALLOW,DEFAULT_ALLOW,ALLOW,DEFAULT_ALLOW,ALLOW,DEFAULT_ALLOW
TXN-cb5a229fe903,ALLOW,B0_BASELINE,ALLOW,B1_BASELINE,ALLOW,DEFAULT_ALLOW,ALLOW,DEFAULT_ALLOW,ALLOW,DEFAULT_ALLOW,ALLOW,DEFAULT_ALLOW
TXN-8ca99cc593af,ALLOW,B0_BASELINE,ALLOW,B1_BASELINE,ALLOW,DEFAULT_ALLOW,ALLOW,DEFAULT_ALLOW,ALLOW,DEFAULT_ALLOW,ALLOW,DEFAULT_ALLOW
TXN-5af29795cc3e,ALLOW,B0_BASELINE,ALLOW,B1_BASELINE,ALLOW,DEFAULT_ALLOW,ALLOW,DEFAULT_ALLOW,ALLOW,DEFAULT_ALLOW,ALLOW,DEFAULT_ALLOW
TXN-c21ea53f2833,ALLOW,B0_BASELINE,ALLOW,B1_BASELINE,ALLOW,DEFAULT_ALLOW,ALLOW,DEFAULT_ALLOW,ALLOW,DEFAULT_ALLOW,ALLOW,DEFAULT_ALLOW
TXN-9f6c898c97ed,ALLOW,B0_BASELINE,ALLOW,B1_BASELINE,ALLOW,DEFAULT_ALLOW,ALLOW,DEFAULT_ALLOW,ALLOW,DEFAULT_ALLOW,ALLOW,DEFAULT_ALLOW
TXN-ae623390f31f,ALLOW,B0_BASELINE,ALLOW,B1_BASELINE,ALLOW,DEFAULT_ALLOW,ALLOW,DEFAULT_ALLOW,ALLOW,DEFAULT_ALLOW,ALLOW,DEFAULT_ALLOW
TXN-6cafaf97cfdb,ALLOW,B0_BASELINE,ALLOW,B1_BASELINE,ALLOW,DEFAULT_ALLOW,ALLOW,DEFAULT_ALLOW,ALLOW,DEFAULT_ALLOW,ALLOW,DEFAULT_ALLOW
TXN-7b45c9d816c4,ALLOW,B0_BASELINE,ALLOW,B1_BASELINE,ALLOW,DEFAULT_ALLOW,ALLOW,DEFAULT_ALLOW,ALLOW,DEFAULT_ALLOW,ALLOW,DEFAULT_ALLOW
TXN-24aa7feb57cf,ALLOW,B0_BASELINE,ALLOW,B1_BASELINE,ALLOW,DEFAULT_ALLOW,ALLOW,DEFAULT_ALLOW,ALLOW,DEFAULT_ALLOW,ALLOW,DEFAULT_ALLOW
TXN-1bdce756eff3,ALLOW,B0_BASELINE,ALLOW,B1_BASELINE,ALLOW,DEFAULT_ALLOW,ALLOW,DEFAULT_ALLOW,ALLOW,DEFAULT_ALLOW,ALLOW,DEFAULT_ALLOW
TXN-fcc576358cf5,ALLOW,B0_BASELINE,ALLOW,B1_BASELINE,ALLOW,DEFAULT_ALLOW,ALLOW,DEFAULT_ALLOW,ALLOW,DEFAULT_ALLOW,ALLOW,DEFAULT_ALLOW
TXN-c4e2dd8657e8,ALLOW,B0_BASELINE,HOLD,B1_RBI_RULE,HOLD,VAULT_FD_BROKEN,HOLD,VAULT_FD_BROKEN,ALLOW,DEFAULT_ALLOW,HOLD,VAULT_FD_BROKEN
TXN-34831fcc4523,ALLOW,B0_BASELINE,ALLOW,B1_BASELINE,ESCALATE,SAFETY_VELOCITY,ALLOW,DEFAULT_ALLOW,ESCALATE,SAFETY_VELOCITY,ESCALATE,SAFETY_VELOCITY
TXN-b8f2e7dd258d,ALLOW,B0_BASELINE,ALLOW,B1_BASELINE,ALLOW,DEFAULT_ALLOW,ALLOW,DEFAULT_ALLOW,ALLOW,DEFAULT_ALLOW,ALLOW,DEFAULT_ALLOW
TXN-05dbd6dbad67,ALLOW,B0_BASELINE,ALLOW,B1_BASELINE,ALLOW,DEFAULT_ALLOW,ALLOW,DEFAULT_ALLOW,ALLOW,DEFAULT_ALLOW,ALLOW,DEFAULT_ALLOW
TXN-9473ebb934fb,ALLOW,B0_BASELINE,ALLOW,B1_BASELINE,ALLOW,DEFAULT_ALLOW,ALLOW,DEFAULT_ALLOW,ALLOW,DEFAULT_ALLOW,ALLOW,DEFAULT_ALLOW
TXN-d952982b0666,ALLOW,B0_BASELINE,ALLOW,B1_BASELINE,ALLOW,DEFAULT_ALLOW,ALLOW,DEFAULT_ALLOW,ALLOW,DEFAULT_ALLOW,ALLOW,DEFAULT_ALLOW
TXN-0863a74c88b2,ALLOW,B0_BASELINE,ALLOW,B1_BASELINE,ALLOW,DEFAULT_ALLOW,ALLOW,DEFAULT_ALLOW,ALLOW,DEFAULT_ALLOW,ALLOW,DEFAULT_ALLOW
TXN-aa3d8da74dae,ALLOW,B0_BASELINE,ALLOW,B1_BASELINE,ALLOW,DEFAULT_ALLOW,ALLOW,DEFAULT_ALLOW,ALLOW,DEFAULT_ALLOW,ALLOW,DEFAULT_ALLOW
TXN-184071adda79,ALLOW,B0_BASELINE,ALLOW,B1_BASELINE,ALLOW,DEFAULT_ALLOW,ALLOW,DEFAULT_ALLOW,ALLOW,DEFAULT_ALLOW,ALLOW,DEFAULT_ALLOW
TXN-45997127abeb,ALLOW,B0_BASELINE,ALLOW,B1_BASELINE,HOLD,EMERGENCY_UNLISTED,HOLD,EMERGENCY_UNLISTED,HOLD,EMERGENCY_UNLISTED,ALLOW,DEFAULT_ALLOW
TXN-bb9232b98b47,ALLOW,B0_BASELINE,ALLOW,B1_BASELINE,ALLOW,DEFAULT_ALLOW,ALLOW,DEFAULT_ALLOW,ALLOW,DEFAULT_ALLOW,ALLOW,DEFAULT_ALLOW
TXN-a808ffe683b4,ALLOW,B0_BASELINE,HOLD,B1_RBI_RULE,HOLD,PAYMENT_NEW_INDIVIDUAL_LARGE,HOLD,PAYMENT_NEW_INDIVIDUAL_LARGE,HOLD,PAYMENT_NEW_INDIVIDUAL_LARGE,HOLD,PAYMENT_NEW_INDIVIDUAL_LARGE
TXN-a0e5fa8a1c8c,ALLOW,B0_BASELINE,ALLOW,B1_BASELINE,ALLOW,DEFAULT_ALLOW,ALLOW,DEFAULT_ALLOW,ALLOW,DEFAULT_ALLOW,ALLOW,DEFAULT_ALLOW
TXN-66dd919e48c0,ALLOW,B0_BASELINE,ALLOW,B1_BASELINE,ALLOW,DEFAULT_ALLOW,ALLOW,DEFAULT_ALLOW,ALLOW,DEFAULT_ALLOW,ALLOW,DEFAULT_ALLOW
TXN-3ceee09b4fee,ALLOW,B0_BASELINE,ALLOW,B1_BASELINE,ALLOW,DEFAULT_ALLOW,ALLOW,DEFAULT_ALLOW,ALLOW,DEFAULT_ALLOW,ALLOW,DEFAULT_ALLOW
TXN-88940da67823,ALLOW,B0_BASELINE,ALLOW,B1_BASELINE,ALLOW,DEFAULT_ALLOW,ALLOW,DEFAULT_ALLOW,ALLOW,DEFAULT_ALLOW,ALLOW,DEFAULT_ALLOW
TXN-78e9907a67ab,ALLOW,B0_BASELINE,ALLOW,B1_BASELINE,ESCALATE,SAFETY_VELOCITY,ALLOW,DEFAULT_ALLOW,ESCALATE,SAFETY_VELOCITY,ESCALATE,SAFETY_VELOCITY
TXN-445559cfb4cd,ALLOW,B0_BASELINE,ALLOW,B1_BASELINE,ESCALATE,SAFETY_VELOCITY,ALLOW,DEFAULT_ALLOW,ESCALATE,SAFETY_VELOCITY,ESCALATE,SAFETY_VELOCITY
TXN-abc8fe3751cd,ALLOW,B0_BASELINE,ALLOW,B1_BASELINE,ALLOW,DEFAULT_ALLOW,ALLOW,DEFAULT_ALLOW,ALLOW,DEFAULT_ALLOW,ALLOW,DEFAULT_ALLOW
TXN-cf3f30b89e1e,ALLOW,B0_BASELINE,ALLOW,B1_BASELINE,ALLOW,DEFAULT_ALLOW,ALLOW,DEFAULT_ALLOW,ALLOW,DEFAULT_ALLOW,ALLOW,DEFAULT_ALLOW
TXN-44226539d5db,ALLOW,B0_BASELINE,ALLOW,B1_BASELINE,HOLD,EMERGENCY_UNLISTED,HOLD,EMERGENCY_UNLISTED,HOLD,EMERGENCY_UNLISTED,ALLOW,DEFAULT_ALLOW
TXN-93488e2fdbbb,ALLOW,B0_BASELINE,ALLOW,B1_BASELINE,ALLOW,DEFAULT_ALLOW,ALLOW,DEFAULT_ALLOW,ALLOW,DEFAULT_ALLOW,ALLOW,DEFAULT_ALLOW
TXN-dcc05d3bfa43,ALLOW,B0_BASELINE,ALLOW,B1_BASELINE,ALLOW,DEFAULT_ALLOW,ALLOW,DEFAULT_ALLOW,ALLOW,DEFAULT_ALLOW,ALLOW,DEFAULT_ALLOW
TXN-67089c8c5ceb,ALLOW,B0_BASELINE,ALLOW,B1_BASELINE,HOLD,EMERGENCY_UNLISTED,HOLD,EMERGENCY_UNLISTED,HOLD,EMERGENCY_UNLISTED,ALLOW,DEFAULT_ALLOW
TXN-d50efea5e17e,ALLOW,B0_BASELINE,ALLOW,B1_BASELINE,ALLOW,DEFAULT_ALLOW,ALLOW,DEFAULT_ALLOW,ALLOW,DEFAULT_ALLOW,ALLOW,DEFAULT_ALLOW
TXN-4fd6e3feaa6f,ALLOW,B0_BASELINE,ALLOW,B1_BASELINE,ALLOW,DEFAULT_ALLOW,ALLOW,DEFAULT_ALLOW,ALLOW,DEFAULT_ALLOW,ALLOW,DEFAULT_ALLOW
TXN-30a774ad9345,ALLOW,B0_BASELINE,ALLOW,B1_BASELINE,ALLOW,DEFAULT_ALLOW,ALLOW,DEFAULT_ALLOW,ALLOW,DEFAULT_ALLOW,ALLOW,DEFAULT_ALLOW
TXN-b5f883ed2590,ALLOW,B0_BASELINE,ALLOW,B1_BASELINE,ALLOW,DEFAULT_ALLOW,ALLOW,DEFAULT_ALLOW,ALLOW,DEFAULT_ALLOW,ALLOW,DEFAULT_ALLOW
TXN-6b24cbdc92d5,ALLOW,B0_BASELINE,ALLOW,B1_BASELINE,ALLOW,DEFAULT_ALLOW,ALLOW,DEFAULT_ALLOW,ALLOW,DEFAULT_ALLOW,ALLOW,DEFAULT_ALLOW
TXN-fc07b0afe3e8,ALLOW,B0_BASELINE,ALLOW,B1_BASELINE,ALLOW,DEFAULT_ALLOW,ALLOW,DEFAULT_ALLOW,ALLOW,DEFAULT_ALLOW,ALLOW,DEFAULT_ALLOW
TXN-0c60af4fb2d4,ALLOW,B0_BASELINE,ALLOW,B1_BASELINE,ALLOW,DEFAULT_ALLOW,ALLOW,DEFAULT_ALLOW,ALLOW,DEFAULT_ALLOW,ALLOW,DEFAULT_ALLOW
TXN-f47d037e824c,ALLOW,B0_BASELINE,ALLOW,B1_BASELINE,ALLOW,DEFAULT_ALLOW,ALLOW,DEFAULT_ALLOW,ALLOW,DEFAULT_ALLOW,ALLOW,DEFAULT_ALLOW
TXN-bc21f9db2bcf,ALLOW,B0_BASELINE,ALLOW,B1_BASELINE,ESCALATE,SAFETY_VELOCITY,ALLOW,DEFAULT_ALLOW,ESCALATE,SAFETY_VELOCITY,ESCALATE,SAFETY_VELOCITY
TXN-fe082b0e826d,ALLOW,B0_BASELINE,ALLOW,B1_BASELINE,ALLOW,DEFAULT_ALLOW,ALLOW,DEFAULT_ALLOW,ALLOW,DEFAULT_ALLOW,ALLOW,DEFAULT_ALLOW
TXN-0723ae71f040,ALLOW,B0_BASELINE,ALLOW,B1_BASELINE,ALLOW,DEFAULT_ALLOW,ALLOW,DEFAULT_ALLOW,ALLOW,DEFAULT_ALLOW,ALLOW,DEFAULT_ALLOW
TXN-29dfb1cfe8bc,ALLOW,B0_BASELINE,ALLOW,B1_BASELINE,ALLOW,DEFAULT_ALLOW,ALLOW,DEFAULT_ALLOW,ALLOW,DEFAULT_ALLOW,ALLOW,DEFAULT_ALLOW
TXN-12d1709c6d27,ALLOW,B0_BASELINE,ALLOW,B1_BASELINE,ALLOW,DEFAULT_ALLOW,ALLOW,DEFAULT_ALLOW,ALLOW,DEFAULT_ALLOW,ALLOW,DEFAULT_ALLOW
TXN-d9eaf8b9cbd6,ALLOW,B0_BASELINE,ALLOW,B1_BASELINE,ALLOW,DEFAULT_ALLOW,ALLOW,DEFAULT_ALLOW,ALLOW,DEFAULT_ALLOW,ALLOW,DEFAULT_ALLOW
TXN-b6e726888b0d,ALLOW,B0_BASELINE,ALLOW,B1_BASELINE,ALLOW,DEFAULT_ALLOW,ALLOW,DEFAULT_ALLOW,ALLOW,DEFAULT_ALLOW,ALLOW,DEFAULT_ALLOW
TXN-2d8f18f0361e,ALLOW,B0_BASELINE,ALLOW,B1_BASELINE,ALLOW,DEFAULT_ALLOW,ALLOW,DEFAULT_ALLOW,ALLOW,DEFAULT_ALLOW,ALLOW,DEFAULT_ALLOW
TXN-b4c4c1cca0db,ALLOW,B0_BASELINE,ALLOW,B1_BASELINE,HOLD,EMERGENCY_UNLISTED,HOLD,EMERGENCY_UNLISTED,HOLD,EMERGENCY_UNLISTED,ALLOW,DEFAULT_ALLOW
TXN-07244708175a,ALLOW,B0_BASELINE,ALLOW,B1_BASELINE,ALLOW,DEFAULT_ALLOW,ALLOW,DEFAULT_ALLOW,ALLOW,DEFAULT_ALLOW,ALLOW,DEFAULT_ALLOW
TXN-28e203336327,ALLOW,B0_BASELINE,ALLOW,B1_BASELINE,ALLOW,DEFAULT_ALLOW,ALLOW,DEFAULT_ALLOW,ALLOW,DEFAULT_ALLOW,ALLOW,DEFAULT_ALLOW
TXN-a012ebee7dae,ALLOW,B0_BASELINE,ALLOW,B1_BASELINE,ALLOW,DEFAULT_ALLOW,ALLOW,DEFAULT_ALLOW,ALLOW,DEFAULT_ALLOW,ALLOW,DEFAULT_ALLOW
TXN-3e6a0258ccbf,ALLOW,B0_BASELINE,ALLOW,B1_BASELINE,ALLOW,DEFAULT_ALLOW,ALLOW,DEFAULT_ALLOW,ALLOW,DEFAULT_ALLOW,ALLOW,DEFAULT_ALLOW
TXN-119de0f9f267,ALLOW,B0_BASELINE,ALLOW,B1_BASELINE,ALLOW,DEFAULT_ALLOW,ALLOW,DEFAULT_ALLOW,ALLOW,DEFAULT_ALLOW,ALLOW,DEFAULT_ALLOW
TXN-b0ac4da338c1,ALLOW,B0_BASELINE,ALLOW,B1_BASELINE,ALLOW,DEFAULT_ALLOW,ALLOW,DEFAULT_ALLOW,ALLOW,DEFAULT_ALLOW,ALLOW,DEFAULT_ALLOW
TXN-eb1f09cfa29b,ALLOW,B0_BASELINE,ALLOW,B1_BASELINE,ALLOW,DEFAULT_ALLOW,ALLOW,DEFAULT_ALLOW,ALLOW,DEFAULT_ALLOW,ALLOW,DEFAULT_ALLOW
TXN-d2096c5e4bd7,ALLOW,B0_BASELINE,ALLOW,B1_BASELINE,ALLOW,DEFAULT_ALLOW,ALLOW,DEFAULT_ALLOW,ALLOW,DEFAULT_ALLOW,ALLOW,DEFAULT_ALLOW
TXN-e0aa0ae6ab15,ALLOW,B0_BASELINE,ALLOW,B1_BASELINE,ALLOW,DEFAULT_ALLOW,ALLOW,DEFAULT_ALLOW,ALLOW,DEFAULT_ALLOW,ALLOW,DEFAULT_ALLOW
TXN-e5c876a23d9b,ALLOW,B0_BASELINE,ALLOW,B1_BASELINE,ALLOW,DEFAULT_ALLOW,ALLOW,DEFAULT_ALLOW,ALLOW,DEFAULT_ALLOW,ALLOW,DEFAULT_ALLOW
TXN-dd78ec8ba3e8,ALLOW,B0_BASELINE,ALLOW,B1_BASELINE,ALLOW,DEFAULT_ALLOW,ALLOW,DEFAULT_ALLOW,ALLOW,DEFAULT_ALLOW,ALLOW,DEFAULT_ALLOW
TXN-e98f8558b814,ALLOW,B0_BASELINE,HOLD,B1_RBI_RULE,ALLOW,DEFAULT_ALLOW,ALLOW,DEFAULT_ALLOW,ALLOW,DEFAULT_ALLOW,ALLOW,DEFAULT_ALLOW
TXN-0bde96a143c1,ALLOW,B0_BASELINE,ALLOW,B1_BASELINE,ALLOW,DEFAULT_ALLOW,ALLOW,DEFAULT_ALLOW,ALLOW,DEFAULT_ALLOW,ALLOW,DEFAULT_ALLOW
TXN-4c102d8c7b4d,ALLOW,B0_BASELINE,ALLOW,B1_BASELINE,ALLOW,DEFAULT_ALLOW,ALLOW,DEFAULT_ALLOW,ALLOW,DEFAULT_ALLOW,ALLOW,DEFAULT_ALLOW
TXN-c7b13713fe6c,ALLOW,B0_BASELINE,ALLOW,B1_BASELINE,ALLOW,DEFAULT_ALLOW,ALLOW,DEFAULT_ALLOW,ALLOW,DEFAULT_ALLOW,ALLOW,DEFAULT_ALLOW
TXN-166322f3fc3d,ALLOW,B0_BASELINE,ALLOW,B1_BASELINE,ALLOW,DEFAULT_ALLOW,ALLOW,DEFAULT_ALLOW,ALLOW,DEFAULT_ALLOW,ALLOW,DEFAULT_ALLOW
TXN-43fe64d45eb1,ALLOW,B0_BASELINE,ALLOW,B1_BASELINE,ALLOW,DEFAULT_ALLOW,ALLOW,DEFAULT_ALLOW,ALLOW,DEFAULT_ALLOW,ALLOW,DEFAULT_ALLOW
TXN-380852c0e629,ALLOW,B0_BASELINE,ALLOW,B1_BASELINE,ALLOW,DEFAULT_ALLOW,ALLOW,DEFAULT_ALLOW,ALLOW,DEFAULT_ALLOW,ALLOW,DEFAULT_ALLOW
TXN-7aafb0552ac4,ALLOW,B0_BASELINE,ALLOW,B1_BASELINE,ALLOW,DEFAULT_ALLOW,ALLOW,DEFAULT_ALLOW,ALLOW,DEFAULT_ALLOW,ALLOW,DEFAULT_ALLOW
TXN-ab67c42469e5,ALLOW,B0_BASELINE,ALLOW,B1_BASELINE,ALLOW,DEFAULT_ALLOW,ALLOW,DEFAULT_ALLOW,ALLOW,DEFAULT_ALLOW,ALLOW,DEFAULT_ALLOW
TXN-a60d20eee901,ALLOW,B0_BASELINE,ALLOW,B1_BASELINE,ESCALATE,SAFETY_VELOCITY,ALLOW,DEFAULT_ALLOW,ESCALATE,SAFETY_VELOCITY,ESCALATE,SAFETY_VELOCITY
TXN-101f1236f3b6,ALLOW,B0_BASELINE,ALLOW,B1_BASELINE,ALLOW,DEFAULT_ALLOW,ALLOW,DEFAULT_ALLOW,ALLOW,DEFAULT_ALLOW,ALLOW,DEFAULT_ALLOW
TXN-dbf40fd6521b,ALLOW,B0_BASELINE,HOLD,B1_RBI_RULE,ALLOW,DEFAULT_ALLOW,ALLOW,DEFAULT_ALLOW,ALLOW,DEFAULT_ALLOW,ALLOW,DEFAULT_ALLOW
TXN-39b76c208e5e,ALLOW,B0_BASELINE,ALLOW,B1_BASELINE,ALLOW,DEFAULT_ALLOW,ALLOW,DEFAULT_ALLOW,ALLOW,DEFAULT_ALLOW,ALLOW,DEFAULT_ALLOW
TXN-2b2f0f39eee0,ALLOW,B0_BASELINE,ALLOW,B1_BASELINE,HOLD,EMERGENCY_UNLISTED,HOLD,EMERGENCY_UNLISTED,HOLD,EMERGENCY_UNLISTED,ALLOW,DEFAULT_ALLOW
TXN-d90b17f5e7bc,ALLOW,B0_BASELINE,ALLOW,B1_BASELINE,ALLOW,DEFAULT_ALLOW,ALLOW,DEFAULT_ALLOW,ALLOW,DEFAULT_ALLOW,ALLOW,DEFAULT_ALLOW
TXN-8bfd056b54c1,ALLOW,B0_BASELINE,ALLOW,B1_BASELINE,ALLOW,DEFAULT_ALLOW,ALLOW,DEFAULT_ALLOW,ALLOW,DEFAULT_ALLOW,ALLOW,DEFAULT_ALLOW
TXN-118828aca413,ALLOW,B0_BASELINE,ALLOW,B1_BASELINE,ALLOW,DEFAULT_ALLOW,ALLOW,DEFAULT_ALLOW,ALLOW,DEFAULT_ALLOW,ALLOW,DEFAULT_ALLOW
TXN-08ade87b7e3d,ALLOW,B0_BASELINE,ALLOW,B1_BASELINE,ALLOW,DEFAULT_ALLOW,ALLOW,DEFAULT_ALLOW,ALLOW,DEFAULT_ALLOW,ALLOW,DEFAULT_ALLOW
TXN-e3267eacd311,ALLOW,B0_BASELINE,ALLOW,B1_BASELINE,ALLOW,DEFAULT_ALLOW,ALLOW,DEFAULT_ALLOW,ALLOW,DEFAULT_ALLOW,ALLOW,DEFAULT_ALLOW
TXN-f33c6e5e23a4,ALLOW,B0_BASELINE,ALLOW,B1_BASELINE,ALLOW,DEFAULT_ALLOW,ALLOW,DEFAULT_ALLOW,ALLOW,DEFAULT_ALLOW,ALLOW,DEFAULT_ALLOW
TXN-b469dd1f7ed1,ALLOW,B0_BASELINE,ALLOW,B1_BASELINE,ALLOW,DEFAULT_ALLOW,ALLOW,DEFAULT_ALLOW,ALLOW,DEFAULT_ALLOW,ALLOW,DEFAULT_ALLOW
TXN-5eb645033744,ALLOW,B0_BASELINE,ALLOW,B1_BASELINE,ALLOW,DEFAULT_ALLOW,ALLOW,DEFAULT_ALLOW,ALLOW,DEFAULT_ALLOW,ALLOW,DEFAULT_ALLOW
TXN-f3eb0bf813f1,ALLOW,B0_BASELINE,ALLOW,B1_BASELINE,ALLOW,DEFAULT_ALLOW,ALLOW,DEFAULT_ALLOW,ALLOW,DEFAULT_ALLOW,ALLOW,DEFAULT_ALLOW
TXN-8f995f8e4ec0,ALLOW,B0_BASELINE,ALLOW,B1_BASELINE,ALLOW,DEFAULT_ALLOW,ALLOW,DEFAULT_ALLOW,ALLOW,DEFAULT_ALLOW,ALLOW,DEFAULT_ALLOW
TXN-5604c977472d,ALLOW,B0_BASELINE,ALLOW,B1_BASELINE,ALLOW,DEFAULT_ALLOW,ALLOW,DEFAULT_ALLOW,ALLOW,DEFAULT_ALLOW,ALLOW,DEFAULT_ALLOW
TXN-e7e9f4616e41,ALLOW,B0_BASELINE,ALLOW,B1_BASELINE,ALLOW,DEFAULT_ALLOW,ALLOW,DEFAULT_ALLOW,ALLOW,DEFAULT_ALLOW,ALLOW,DEFAULT_ALLOW
TXN-bdeaff1406e6,ALLOW,B0_BASELINE,ALLOW,B1_BASELINE,ALLOW,DEFAULT_ALLOW,ALLOW,DEFAULT_ALLOW,ALLOW,DEFAULT_ALLOW,ALLOW,DEFAULT_ALLOW
TXN-96c61df803a2,ALLOW,B0_BASELINE,ALLOW,B1_BASELINE,ALLOW,DEFAULT_ALLOW,ALLOW,DEFAULT_ALLOW,ALLOW,DEFAULT_ALLOW,ALLOW,DEFAULT_ALLOW
TXN-24f438af0b56,ALLOW,B0_BASELINE,ALLOW,B1_BASELINE,ALLOW,DEFAULT_ALLOW,ALLOW,DEFAULT_ALLOW,ALLOW,DEFAULT_ALLOW,ALLOW,DEFAULT_ALLOW
TXN-1040758f2c9c,ALLOW,B0_BASELINE,ALLOW,B1_BASELINE,ALLOW,DEFAULT_ALLOW,ALLOW,DEFAULT_ALLOW,ALLOW,DEFAULT_ALLOW,ALLOW,DEFAULT_ALLOW
TXN-166e2589a313,ALLOW,B0_BASELINE,ALLOW,B1_BASELINE,ALLOW,DEFAULT_ALLOW,ALLOW,DEFAULT_ALLOW,ALLOW,DEFAULT_ALLOW,ALLOW,DEFAULT_ALLOW
TXN-5f73db2c8573,ALLOW,B0_BASELINE,ALLOW,B1_BASELINE,ALLOW,DEFAULT_ALLOW,ALLOW,DEFAULT_ALLOW,ALLOW,DEFAULT_ALLOW,ALLOW,DEFAULT_ALLOW
TXN-11518f1d817b,ALLOW,B0_BASELINE,ALLOW,B1_BASELINE,ALLOW,DEFAULT_ALLOW,ALLOW,DEFAULT_ALLOW,ALLOW,DEFAULT_ALLOW,ALLOW,DEFAULT_ALLOW
TXN-87c076b147bc,ALLOW,B0_BASELINE,ALLOW,B1_BASELINE,ALLOW,DEFAULT_ALLOW,ALLOW,DEFAULT_ALLOW,ALLOW,DEFAULT_ALLOW,ALLOW,DEFAULT_ALLOW
TXN-3585341435e1,ALLOW,B0_BASELINE,ALLOW,B1_BASELINE,ALLOW,DEFAULT_ALLOW,ALLOW,DEFAULT_ALLOW,ALLOW,DEFAULT_ALLOW,ALLOW,DEFAULT_ALLOW
TXN-0add978b7581,ALLOW,B0_BASELINE,ALLOW,B1_BASELINE,ALLOW,DEFAULT_ALLOW,ALLOW,DEFAULT_ALLOW,ALLOW,DEFAULT_ALLOW,ALLOW,DEFAULT_ALLOW
TXN-159b2827598a,ALLOW,B0_BASELINE,ALLOW,B1_BASELINE,ALLOW,DEFAULT_ALLOW,ALLOW,DEFAULT_ALLOW,ALLOW,DEFAULT_ALLOW,ALLOW,DEFAULT_ALLOW
TXN-f25476abef1a,ALLOW,B0_BASELINE,ALLOW,B1_BASELINE,HOLD,EMERGENCY_UNLISTED,HOLD,EMERGENCY_UNLISTED,HOLD,EMERGENCY_UNLISTED,ALLOW,DEFAULT_ALLOW
TXN-4126c3b92f00,ALLOW,B0_BASELINE,ALLOW,B1_BASELINE,ALLOW,DEFAULT_ALLOW,ALLOW,DEFAULT_ALLOW,ALLOW,DEFAULT_ALLOW,ALLOW,DEFAULT_ALLOW
TXN-964838c3d420,ALLOW,B0_BASELINE,ALLOW,B1_BASELINE,ALLOW,DEFAULT_ALLOW,ALLOW,DEFAULT_ALLOW,ALLOW,DEFAULT_ALLOW,ALLOW,DEFAULT_ALLOW
TXN-89f721fdaaa9,ALLOW,B0_BASELINE,ALLOW,B1_BASELINE,ALLOW,DEFAULT_ALLOW,ALLOW,DEFAULT_ALLOW,ALLOW,DEFAULT_ALLOW,ALLOW,DEFAULT_ALLOW
TXN-86ccc69da99a,ALLOW,B0_BASELINE,ALLOW,B1_BASELINE,ALLOW,DEFAULT_ALLOW,ALLOW,DEFAULT_ALLOW,ALLOW,DEFAULT_ALLOW,ALLOW,DEFAULT_ALLOW
TXN-7cd547b8f678,ALLOW,B0_BASELINE,ALLOW,B1_BASELINE,ALLOW,DEFAULT_ALLOW,ALLOW,DEFAULT_ALLOW,ALLOW,DEFAULT_ALLOW,ALLOW,DEFAULT_ALLOW
TXN-103d12ec3aeb,ALLOW,B0_BASELINE,ALLOW,B1_BASELINE,ALLOW,DEFAULT_ALLOW,ALLOW,DEFAULT_ALLOW,ALLOW,DEFAULT_ALLOW,ALLOW,DEFAULT_ALLOW
TXN-ff226266ab1d,ALLOW,B0_BASELINE,ALLOW,B1_BASELINE,ALLOW,DEFAULT_ALLOW,ALLOW,DEFAULT_ALLOW,ALLOW,DEFAULT_ALLOW,ALLOW,DEFAULT_ALLOW
TXN-fcf80ed8946e,ALLOW,B0_BASELINE,ALLOW,B1_BASELINE,ALLOW,DEFAULT_ALLOW,ALLOW,DEFAULT_ALLOW,ALLOW,DEFAULT_ALLOW,ALLOW,DEFAULT_ALLOW
TXN-12925c91fbbe,ALLOW,B0_BASELINE,ALLOW,B1_BASELINE,ALLOW,DEFAULT_ALLOW,ALLOW,DEFAULT_ALLOW,ALLOW,DEFAULT_ALLOW,ALLOW,DEFAULT_ALLOW
TXN-407327ac291f,ALLOW,B0_BASELINE,ALLOW,B1_BASELINE,ALLOW,DEFAULT_ALLOW,ALLOW,DEFAULT_ALLOW,ALLOW,DEFAULT_ALLOW,ALLOW,DEFAULT_ALLOW
TXN-a293c4574ce7,ALLOW,B0_BASELINE,ALLOW,B1_BASELINE,ALLOW,DEFAULT_ALLOW,ALLOW,DEFAULT_ALLOW,ALLOW,DEFAULT_ALLOW,ALLOW,DEFAULT_ALLOW
TXN-6cd1724736ad,ALLOW,B0_BASELINE,ALLOW,B1_BASELINE,ALLOW,DEFAULT_ALLOW,ALLOW,DEFAULT_ALLOW,ALLOW,DEFAULT_ALLOW,ALLOW,DEFAULT_ALLOW
TXN-b448fa33835a,ALLOW,B0_BASELINE,ALLOW,B1_BASELINE,ALLOW,DEFAULT_ALLOW,ALLOW,DEFAULT_ALLOW,ALLOW,DEFAULT_ALLOW,ALLOW,DEFAULT_ALLOW
TXN-76e65222a383,ALLOW,B0_BASELINE,ALLOW,B1_BASELINE,ALLOW,DEFAULT_ALLOW,ALLOW,DEFAULT_ALLOW,ALLOW,DEFAULT_ALLOW,ALLOW,DEFAULT_ALLOW
TXN-16dc9e7a9cd1,ALLOW,B0_BASELINE,HOLD,B1_RBI_RULE,HOLD,VAULT_RELEASE,HOLD,VAULT_RELEASE,ALLOW,DEFAULT_ALLOW,HOLD,VAULT_RELEASE
TXN-99327b98263e,ALLOW,B0_BASELINE,ALLOW,B1_BASELINE,ALLOW,DEFAULT_ALLOW,ALLOW,DEFAULT_ALLOW,ALLOW,DEFAULT_ALLOW,ALLOW,DEFAULT_ALLOW
TXN-0288c9eaa111,ALLOW,B0_BASELINE,ALLOW,B1_BASELINE,ALLOW,DEFAULT_ALLOW,ALLOW,DEFAULT_ALLOW,ALLOW,DEFAULT_ALLOW,ALLOW,DEFAULT_ALLOW
TXN-4a3cacc651ca,ALLOW,B0_BASELINE,ALLOW,B1_BASELINE,ALLOW,DEFAULT_ALLOW,ALLOW,DEFAULT_ALLOW,ALLOW,DEFAULT_ALLOW,ALLOW,DEFAULT_ALLOW
TXN-e9fe6960005d,ALLOW,B0_BASELINE,ALLOW,B1_BASELINE,ALLOW,DEFAULT_ALLOW,ALLOW,DEFAULT_ALLOW,ALLOW,DEFAULT_ALLOW,ALLOW,DEFAULT_ALLOW
TXN-e4af29e9192c,ALLOW,B0_BASELINE,ALLOW,B1_BASELINE,ALLOW,DEFAULT_ALLOW,ALLOW,DEFAULT_ALLOW,ALLOW,DEFAULT_ALLOW,ALLOW,DEFAULT_ALLOW
TXN-48b9f08c998c,ALLOW,B0_BASELINE,ALLOW,B1_BASELINE,ALLOW,DEFAULT_ALLOW,ALLOW,DEFAULT_ALLOW,ALLOW,DEFAULT_ALLOW,ALLOW,DEFAULT_ALLOW
TXN-d59d227278e1,ALLOW,B0_BASELINE,ALLOW,B1_BASELINE,ALLOW,DEFAULT_ALLOW,ALLOW,DEFAULT_ALLOW,ALLOW,DEFAULT_ALLOW,ALLOW,DEFAULT_ALLOW
TXN-774c16bb337b,ALLOW,B0_BASELINE,ALLOW,B1_BASELINE,ALLOW,DEFAULT_ALLOW,ALLOW,DEFAULT_ALLOW,ALLOW,DEFAULT_ALLOW,ALLOW,DEFAULT_ALLOW
TXN-29f1d484c37b,ALLOW,B0_BASELINE,ALLOW,B1_BASELINE,ALLOW,DEFAULT_ALLOW,ALLOW,DEFAULT_ALLOW,ALLOW,DEFAULT_ALLOW,ALLOW,DEFAULT_ALLOW
TXN-2e5bbe9f3b1e,ALLOW,B0_BASELINE,ALLOW,B1_BASELINE,ALLOW,DEFAULT_ALLOW,ALLOW,DEFAULT_ALLOW,ALLOW,DEFAULT_ALLOW,ALLOW,DEFAULT_ALLOW
TXN-4280088ba9fa,ALLOW,B0_BASELINE,ALLOW,B1_BASELINE,ALLOW,DEFAULT_ALLOW,ALLOW,DEFAULT_ALLOW,ALLOW,DEFAULT_ALLOW,ALLOW,DEFAULT_ALLOW
TXN-b45e0e34e7bf,ALLOW,B0_BASELINE,ALLOW,B1_BASELINE,ALLOW,DEFAULT_ALLOW,ALLOW,DEFAULT_ALLOW,ALLOW,DEFAULT_ALLOW,ALLOW,DEFAULT_ALLOW
TXN-f5e6884ee66f,ALLOW,B0_BASELINE,ALLOW,B1_BASELINE,ALLOW,DEFAULT_ALLOW,ALLOW,DEFAULT_ALLOW,ALLOW,DEFAULT_ALLOW,ALLOW,DEFAULT_ALLOW
TXN-1c05bc1b0859,ALLOW,B0_BASELINE,ALLOW,B1_BASELINE,ALLOW,DEFAULT_ALLOW,ALLOW,DEFAULT_ALLOW,ALLOW,DEFAULT_ALLOW,ALLOW,DEFAULT_ALLOW
TXN-96231cc82959,ALLOW,B0_BASELINE,ALLOW,B1_BASELINE,ALLOW,DEFAULT_ALLOW,ALLOW,DEFAULT_ALLOW,ALLOW,DEFAULT_ALLOW,ALLOW,DEFAULT_ALLOW
TXN-5c5f6f8c2794,ALLOW,B0_BASELINE,ALLOW,B1_BASELINE,ALLOW,DEFAULT_ALLOW,ALLOW,DEFAULT_ALLOW,ALLOW,DEFAULT_ALLOW,ALLOW,DEFAULT_ALLOW
TXN-8a88b5303450,ALLOW,B0_BASELINE,ALLOW,B1_BASELINE,ALLOW,DEFAULT_ALLOW,ALLOW,DEFAULT_ALLOW,ALLOW,DEFAULT_ALLOW,ALLOW,DEFAULT_ALLOW
TXN-c24b73c3da2f,ALLOW,B0_BASELINE,ALLOW,B1_BASELINE,ALLOW,DEFAULT_ALLOW,ALLOW,DEFAULT_ALLOW,ALLOW,DEFAULT_ALLOW,ALLOW,DEFAULT_ALLOW
TXN-62bbabd5781c,ALLOW,B0_BASELINE,ALLOW,B1_BASELINE,ALLOW,DEFAULT_ALLOW,ALLOW,DEFAULT_ALLOW,ALLOW,DEFAULT_ALLOW,ALLOW,DEFAULT_ALLOW
TXN-20191177a5c9,ALLOW,B0_BASELINE,ALLOW,B1_BASELINE,ALLOW,DEFAULT_ALLOW,ALLOW,DEFAULT_ALLOW,ALLOW,DEFAULT_ALLOW,ALLOW,DEFAULT_ALLOW
TXN-11977d0f7f8b,ALLOW,B0_BASELINE,ALLOW,B1_BASELINE,ALLOW,DEFAULT_ALLOW,ALLOW,DEFAULT_ALLOW,ALLOW,DEFAULT_ALLOW,ALLOW,DEFAULT_ALLOW
TXN-6504b890f69c,ALLOW,B0_BASELINE,ALLOW,B1_BASELINE,ALLOW,DEFAULT_ALLOW,ALLOW,DEFAULT_ALLOW,ALLOW,DEFAULT_ALLOW,ALLOW,DEFAULT_ALLOW
TXN-e7ccaf1082c3,ALLOW,B0_BASELINE,ALLOW,B1_BASELINE,ALLOW,DEFAULT_ALLOW,ALLOW,DEFAULT_ALLOW,ALLOW,DEFAULT_ALLOW,ALLOW,DEFAULT_ALLOW
TXN-f804608c8696,ALLOW,B0_BASELINE,ALLOW,B1_BASELINE,ALLOW,DEFAULT_ALLOW,ALLOW,DEFAULT_ALLOW,ALLOW,DEFAULT_ALLOW,ALLOW,DEFAULT_ALLOW
TXN-39c7b620d8ee,ALLOW,B0_BASELINE,ALLOW,B1_BASELINE,ALLOW,DEFAULT_ALLOW,ALLOW,DEFAULT_ALLOW,ALLOW,DEFAULT_ALLOW,ALLOW,DEFAULT_ALLOW
TXN-a291f58598d0,ALLOW,B0_BASELINE,ALLOW,B1_BASELINE,ALLOW,DEFAULT_ALLOW,ALLOW,DEFAULT_ALLOW,ALLOW,DEFAULT_ALLOW,ALLOW,DEFAULT_ALLOW
TXN-c1229d543f8f,ALLOW,B0_BASELINE,ALLOW,B1_BASELINE,ALLOW,DEFAULT_ALLOW,ALLOW,DEFAULT_ALLOW,ALLOW,DEFAULT_ALLOW,ALLOW,DEFAULT_ALLOW
TXN-f7e506b2039b,ALLOW,B0_BASELINE,ALLOW,B1_BASELINE,ALLOW,DEFAULT_ALLOW,ALLOW,DEFAULT_ALLOW,ALLOW,DEFAULT_ALLOW,ALLOW,DEFAULT_ALLOW
TXN-e8306922f992,ALLOW,B0_BASELINE,ALLOW,B1_BASELINE,ALLOW,DEFAULT_ALLOW,ALLOW,DEFAULT_ALLOW,ALLOW,DEFAULT_ALLOW,ALLOW,DEFAULT_ALLOW
TXN-d73d14c6f617,ALLOW,B0_BASELINE,ALLOW,B1_BASELINE,ALLOW,DEFAULT_ALLOW,ALLOW,DEFAULT_ALLOW,ALLOW,DEFAULT_ALLOW,ALLOW,DEFAULT_ALLOW
TXN-5c3851b2c897,ALLOW,B0_BASELINE,ALLOW,B1_BASELINE,ALLOW,DEFAULT_ALLOW,ALLOW,DEFAULT_ALLOW,ALLOW,DEFAULT_ALLOW,ALLOW,DEFAULT_ALLOW
TXN-7826bab83a67,ALLOW,B0_BASELINE,ALLOW,B1_BASELINE,ALLOW,DEFAULT_ALLOW,ALLOW,DEFAULT_ALLOW,ALLOW,DEFAULT_ALLOW,ALLOW,DEFAULT_ALLOW
TXN-0e07c4962e96,ALLOW,B0_BASELINE,ALLOW,B1_BASELINE,ALLOW,DEFAULT_ALLOW,ALLOW,DEFAULT_ALLOW,ALLOW,DEFAULT_ALLOW,ALLOW,DEFAULT_ALLOW
TXN-97e96c218bbb,ALLOW,B0_BASELINE,ALLOW,B1_BASELINE,ALLOW,DEFAULT_ALLOW,ALLOW,DEFAULT_ALLOW,ALLOW,DEFAULT_ALLOW,ALLOW,DEFAULT_ALLOW
TXN-0f254ff5a901,ALLOW,B0_BASELINE,ALLOW,B1_BASELINE,ALLOW,DEFAULT_ALLOW,ALLOW,DEFAULT_ALLOW,ALLOW,DEFAULT_ALLOW,ALLOW,DEFAULT_ALLOW
TXN-a44ed3b78047,ALLOW,B0_BASELINE,ALLOW,B1_BASELINE,ALLOW,DEFAULT_ALLOW,ALLOW,DEFAULT_ALLOW,ALLOW,DEFAULT_ALLOW,ALLOW,DEFAULT_ALLOW
TXN-5e90467c1d08,ALLOW,B0_BASELINE,ALLOW,B1_BASELINE,ALLOW,DEFAULT_ALLOW,ALLOW,DEFAULT_ALLOW,ALLOW,DEFAULT_ALLOW,ALLOW,DEFAULT_ALLOW
TXN-f35d13afd79e,ALLOW,B0_BASELINE,ALLOW,B1_BASELINE,ALLOW,DEFAULT_ALLOW,ALLOW,DEFAULT_ALLOW,ALLOW,DEFAULT_ALLOW,ALLOW,DEFAULT_ALLOW
TXN-c2fd67fcd22d,ALLOW,B0_BASELINE,ALLOW,B1_BASELINE,ALLOW,DEFAULT_ALLOW,ALLOW,DEFAULT_ALLOW,ALLOW,DEFAULT_ALLOW,ALLOW,DEFAULT_ALLOW
TXN-f8215b479941,ALLOW,B0_BASELINE,ALLOW,B1_BASELINE,ALLOW,DEFAULT_ALLOW,ALLOW,DEFAULT_ALLOW,ALLOW,DEFAULT_ALLOW,ALLOW,DEFAULT_ALLOW
TXN-3de349df7b33,ALLOW,B0_BASELINE,HOLD,B1_RBI_RULE,ALLOW,DEFAULT_ALLOW,ALLOW,DEFAULT_ALLOW,ALLOW,DEFAULT_ALLOW,ALLOW,DEFAULT_ALLOW
TXN-e4853f79fbf9,ALLOW,B0_BASELINE,ALLOW,B1_BASELINE,ALLOW,DEFAULT_ALLOW,ALLOW,DEFAULT_ALLOW,ALLOW,DEFAULT_ALLOW,ALLOW,DEFAULT_ALLOW
TXN-83cc70598ffe,ALLOW,B0_BASELINE,ALLOW,B1_BASELINE,ALLOW,DEFAULT_ALLOW,ALLOW,DEFAULT_ALLOW,ALLOW,DEFAULT_ALLOW,ALLOW,DEFAULT_ALLOW
TXN-874e74de61ce,ALLOW,B0_BASELINE,ALLOW,B1_BASELINE,ALLOW,DEFAULT_ALLOW,ALLOW,DEFAULT_ALLOW,ALLOW,DEFAULT_ALLOW,ALLOW,DEFAULT_ALLOW
TXN-4ba9de1d0d89,ALLOW,B0_BASELINE,ALLOW,B1_BASELINE,ALLOW,DEFAULT_ALLOW,ALLOW,DEFAULT_ALLOW,ALLOW,DEFAULT_ALLOW,ALLOW,DEFAULT_ALLOW
TXN-0e2fb4923b8a,ALLOW,B0_BASELINE,ALLOW,B1_BASELINE,ALLOW,DEFAULT_ALLOW,ALLOW,DEFAULT_ALLOW,ALLOW,DEFAULT_ALLOW,ALLOW,DEFAULT_ALLOW
TXN-ebc93c5d2d5c,ALLOW,B0_BASELINE,ALLOW,B1_BASELINE,ALLOW,DEFAULT_ALLOW,ALLOW,DEFAULT_ALLOW,ALLOW,DEFAULT_ALLOW,ALLOW,DEFAULT_ALLOW
TXN-17155c0f9e19,ALLOW,B0_BASELINE,ALLOW,B1_BASELINE,ALLOW,DEFAULT_ALLOW,ALLOW,DEFAULT_ALLOW,ALLOW,DEFAULT_ALLOW,ALLOW,DEFAULT_ALLOW
TXN-cf1001c8c10d,ALLOW,B0_BASELINE,ALLOW,B1_BASELINE,ALLOW,DEFAULT_ALLOW,ALLOW,DEFAULT_ALLOW,ALLOW,DEFAULT_ALLOW,ALLOW,DEFAULT_ALLOW
TXN-d80d60429019,ALLOW,B0_BASELINE,ALLOW,B1_BASELINE,ALLOW,DEFAULT_ALLOW,ALLOW,DEFAULT_ALLOW,ALLOW,DEFAULT_ALLOW,ALLOW,DEFAULT_ALLOW
TXN-4b68ce8d8623,ALLOW,B0_BASELINE,HOLD,B1_RBI_RULE,HOLD,VAULT_RELEASE,HOLD,VAULT_RELEASE,ALLOW,DEFAULT_ALLOW,HOLD,VAULT_RELEASE
TXN-f4bb27496f6a,ALLOW,B0_BASELINE,ALLOW,B1_BASELINE,ALLOW,DEFAULT_ALLOW,ALLOW,DEFAULT_ALLOW,ALLOW,DEFAULT_ALLOW,ALLOW,DEFAULT_ALLOW
TXN-430c5b32817e,ALLOW,B0_BASELINE,ALLOW,B1_BASELINE,ALLOW,DEFAULT_ALLOW,ALLOW,DEFAULT_ALLOW,ALLOW,DEFAULT_ALLOW,ALLOW,DEFAULT_ALLOW
TXN-d749a6827e65,ALLOW,B0_BASELINE,HOLD,B1_RBI_RULE,HOLD,PAYMENT_NEW_INDIVIDUAL_LARGE,HOLD,PAYMENT_NEW_INDIVIDUAL_LARGE,HOLD,PAYMENT_NEW_INDIVIDUAL_LARGE,HOLD,PAYMENT_NEW_INDIVIDUAL_LARGE
TXN-9cae04f7aa50,ALLOW,B0_BASELINE,ALLOW,B1_BASELINE,ALLOW,DEFAULT_ALLOW,ALLOW,DEFAULT_ALLOW,ALLOW,DEFAULT_ALLOW,ALLOW,DEFAULT_ALLOW
TXN-df4e79125bf4,ALLOW,B0_BASELINE,ALLOW,B1_BASELINE,ALLOW,DEFAULT_ALLOW,ALLOW,DEFAULT_ALLOW,ALLOW,DEFAULT_ALLOW,ALLOW,DEFAULT_ALLOW
TXN-d51f15aba13c,ALLOW,B0_BASELINE,ALLOW,B1_BASELINE,ALLOW,DEFAULT_ALLOW,ALLOW,DEFAULT_ALLOW,ALLOW,DEFAULT_ALLOW,ALLOW,DEFAULT_ALLOW
TXN-34bb173099a7,ALLOW,B0_BASELINE,ALLOW,B1_BASELINE,ALLOW,DEFAULT_ALLOW,ALLOW,DEFAULT_ALLOW,ALLOW,DEFAULT_ALLOW,ALLOW,DEFAULT_ALLOW
TXN-1c27cc50dba6,ALLOW,B0_BASELINE,ALLOW,B1_BASELINE,ALLOW,DEFAULT_ALLOW,ALLOW,DEFAULT_ALLOW,ALLOW,DEFAULT_ALLOW,ALLOW,DEFAULT_ALLOW
TXN-e3f473b64146,ALLOW,B0_BASELINE,ALLOW,B1_BASELINE,ALLOW,DEFAULT_ALLOW,ALLOW,DEFAULT_ALLOW,ALLOW,DEFAULT_ALLOW,ALLOW,DEFAULT_ALLOW
TXN-bc07e68af614,ALLOW,B0_BASELINE,ALLOW,B1_BASELINE,ALLOW,DEFAULT_ALLOW,ALLOW,DEFAULT_ALLOW,ALLOW,DEFAULT_ALLOW,ALLOW,DEFAULT_ALLOW
TXN-ae69049587ef,ALLOW,B0_BASELINE,ALLOW,B1_BASELINE,ALLOW,DEFAULT_ALLOW,ALLOW,DEFAULT_ALLOW,ALLOW,DEFAULT_ALLOW,ALLOW,DEFAULT_ALLOW
TXN-bfe4aad235e7,ALLOW,B0_BASELINE,ALLOW,B1_BASELINE,ALLOW,DEFAULT_ALLOW,ALLOW,DEFAULT_ALLOW,ALLOW,DEFAULT_ALLOW,ALLOW,DEFAULT_ALLOW
TXN-037857641d19,ALLOW,B0_BASELINE,ALLOW,B1_BASELINE,ALLOW,DEFAULT_ALLOW,ALLOW,DEFAULT_ALLOW,ALLOW,DEFAULT_ALLOW,ALLOW,DEFAULT_ALLOW
TXN-6f12c7436f55,ALLOW,B0_BASELINE,ALLOW,B1_BASELINE,ALLOW,DEFAULT_ALLOW,ALLOW,DEFAULT_ALLOW,ALLOW,DEFAULT_ALLOW,ALLOW,DEFAULT_ALLOW
TXN-6258dc641dcc,ALLOW,B0_BASELINE,ALLOW,B1_BASELINE,ALLOW,DEFAULT_ALLOW,ALLOW,DEFAULT_ALLOW,ALLOW,DEFAULT_ALLOW,ALLOW,DEFAULT_ALLOW
TXN-74e611733c71,ALLOW,B0_BASELINE,ALLOW,B1_BASELINE,ALLOW,DEFAULT_ALLOW,ALLOW,DEFAULT_ALLOW,ALLOW,DEFAULT_ALLOW,ALLOW,DEFAULT_ALLOW
TXN-6da437513122,ALLOW,B0_BASELINE,ALLOW,B1_BASELINE,ALLOW,DEFAULT_ALLOW,ALLOW,DEFAULT_ALLOW,ALLOW,DEFAULT_ALLOW,ALLOW,DEFAULT_ALLOW
TXN-07010a9ea646,ALLOW,B0_BASELINE,HOLD,B1_RBI_RULE,ALLOW,DEFAULT_ALLOW,ALLOW,DEFAULT_ALLOW,ALLOW,DEFAULT_ALLOW,ALLOW,DEFAULT_ALLOW
TXN-0c12bfdd7b45,ALLOW,B0_BASELINE,ALLOW,B1_BASELINE,ALLOW,DEFAULT_ALLOW,ALLOW,DEFAULT_ALLOW,ALLOW,DEFAULT_ALLOW,ALLOW,DEFAULT_ALLOW
TXN-5ea013f92cf9,ALLOW,B0_BASELINE,ALLOW,B1_BASELINE,ALLOW,DEFAULT_ALLOW,ALLOW,DEFAULT_ALLOW,ALLOW,DEFAULT_ALLOW,ALLOW,DEFAULT_ALLOW
TXN-ab4081eb5ea5,ALLOW,B0_BASELINE,ALLOW,B1_BASELINE,ALLOW,DEFAULT_ALLOW,ALLOW,DEFAULT_ALLOW,ALLOW,DEFAULT_ALLOW,ALLOW,DEFAULT_ALLOW
TXN-b3b19ad89297,ALLOW,B0_BASELINE,ALLOW,B1_BASELINE,ALLOW,DEFAULT_ALLOW,ALLOW,DEFAULT_ALLOW,ALLOW,DEFAULT_ALLOW,ALLOW,DEFAULT_ALLOW
TXN-1e86498c2015,ALLOW,B0_BASELINE,ALLOW,B1_BASELINE,ALLOW,DEFAULT_ALLOW,ALLOW,DEFAULT_ALLOW,ALLOW,DEFAULT_ALLOW,ALLOW,DEFAULT_ALLOW
TXN-53b7a9d6dd41,ALLOW,B0_BASELINE,ALLOW,B1_BASELINE,ALLOW,DEFAULT_ALLOW,ALLOW,DEFAULT_ALLOW,ALLOW,DEFAULT_ALLOW,ALLOW,DEFAULT_ALLOW
TXN-8393afe5f8b1,ALLOW,B0_BASELINE,HOLD,B1_RBI_RULE,HOLD,VAULT_FD_BROKEN,HOLD,VAULT_FD_BROKEN,ALLOW,DEFAULT_ALLOW,HOLD,VAULT_FD_BROKEN
TXN-0b5df46bb12c,ALLOW,B0_BASELINE,ALLOW,B1_BASELINE,ALLOW,DEFAULT_ALLOW,ALLOW,DEFAULT_ALLOW,ALLOW,DEFAULT_ALLOW,ALLOW,DEFAULT_ALLOW
TXN-58b7df5f9226,ALLOW,B0_BASELINE,ALLOW,B1_BASELINE,ALLOW,DEFAULT_ALLOW,ALLOW,DEFAULT_ALLOW,ALLOW,DEFAULT_ALLOW,ALLOW,DEFAULT_ALLOW
TXN-81fa7e2bf14e,ALLOW,B0_BASELINE,ALLOW,B1_BASELINE,ALLOW,DEFAULT_ALLOW,ALLOW,DEFAULT_ALLOW,ALLOW,DEFAULT_ALLOW,ALLOW,DEFAULT_ALLOW
TXN-84b54abc0c81,ALLOW,B0_BASELINE,ALLOW,B1_BASELINE,ALLOW,DEFAULT_ALLOW,ALLOW,DEFAULT_ALLOW,ALLOW,DEFAULT_ALLOW,ALLOW,DEFAULT_ALLOW
TXN-40f1200efc1c,ALLOW,B0_BASELINE,ALLOW,B1_BASELINE,ALLOW,DEFAULT_ALLOW,ALLOW,DEFAULT_ALLOW,ALLOW,DEFAULT_ALLOW,ALLOW,DEFAULT_ALLOW
TXN-2dae3d7c3f69,ALLOW,B0_BASELINE,ALLOW,B1_BASELINE,ALLOW,DEFAULT_ALLOW,ALLOW,DEFAULT_ALLOW,ALLOW,DEFAULT_ALLOW,ALLOW,DEFAULT_ALLOW
TXN-622d6664a7d3,ALLOW,B0_BASELINE,ALLOW,B1_BASELINE,ALLOW,DEFAULT_ALLOW,ALLOW,DEFAULT_ALLOW,ALLOW,DEFAULT_ALLOW,ALLOW,DEFAULT_ALLOW
TXN-6b53d9c2ddf5,ALLOW,B0_BASELINE,ALLOW,B1_BASELINE,ALLOW,DEFAULT_ALLOW,ALLOW,DEFAULT_ALLOW,ALLOW,DEFAULT_ALLOW,ALLOW,DEFAULT_ALLOW
TXN-77bd5bf55320,ALLOW,B0_BASELINE,ALLOW,B1_BASELINE,ALLOW,DEFAULT_ALLOW,ALLOW,DEFAULT_ALLOW,ALLOW,DEFAULT_ALLOW,ALLOW,DEFAULT_ALLOW
TXN-f4dbc7c2bcb2,ALLOW,B0_BASELINE,ALLOW,B1_BASELINE,ALLOW,DEFAULT_ALLOW,ALLOW,DEFAULT_ALLOW,ALLOW,DEFAULT_ALLOW,ALLOW,DEFAULT_ALLOW
TXN-cbde6a94a6e6,ALLOW,B0_BASELINE,ALLOW,B1_BASELINE,ALLOW,DEFAULT_ALLOW,ALLOW,DEFAULT_ALLOW,ALLOW,DEFAULT_ALLOW,ALLOW,DEFAULT_ALLOW
TXN-9a199917dffb,ALLOW,B0_BASELINE,ALLOW,B1_BASELINE,ALLOW,DEFAULT_ALLOW,ALLOW,DEFAULT_ALLOW,ALLOW,DEFAULT_ALLOW,ALLOW,DEFAULT_ALLOW
TXN-cbf06d15a949,ALLOW,B0_BASELINE,ALLOW,B1_BASELINE,ALLOW,DEFAULT_ALLOW,ALLOW,DEFAULT_ALLOW,ALLOW,DEFAULT_ALLOW,ALLOW,DEFAULT_ALLOW
TXN-7fcda0c78359,ALLOW,B0_BASELINE,ALLOW,B1_BASELINE,ALLOW,DEFAULT_ALLOW,ALLOW,DEFAULT_ALLOW,ALLOW,DEFAULT_ALLOW,ALLOW,DEFAULT_ALLOW
TXN-8f5f7ead45e6,ALLOW,B0_BASELINE,ALLOW,B1_BASELINE,ALLOW,DEFAULT_ALLOW,ALLOW,DEFAULT_ALLOW,ALLOW,DEFAULT_ALLOW,ALLOW,DEFAULT_ALLOW
TXN-bab6b1c5a5d7,ALLOW,B0_BASELINE,ALLOW,B1_BASELINE,ALLOW,DEFAULT_ALLOW,ALLOW,DEFAULT_ALLOW,ALLOW,DEFAULT_ALLOW,ALLOW,DEFAULT_ALLOW
TXN-d4a87165bab7,ALLOW,B0_BASELINE,ALLOW,B1_BASELINE,ALLOW,DEFAULT_ALLOW,ALLOW,DEFAULT_ALLOW,ALLOW,DEFAULT_ALLOW,ALLOW,DEFAULT_ALLOW
TXN-005a29ee7fac,ALLOW,B0_BASELINE,ALLOW,B1_BASELINE,ALLOW,DEFAULT_ALLOW,ALLOW,DEFAULT_ALLOW,ALLOW,DEFAULT_ALLOW,ALLOW,DEFAULT_ALLOW
TXN-ae18bd8077a5,ALLOW,B0_BASELINE,ALLOW,B1_BASELINE,ALLOW,DEFAULT_ALLOW,ALLOW,DEFAULT_ALLOW,ALLOW,DEFAULT_ALLOW,ALLOW,DEFAULT_ALLOW
TXN-3f5fe4715d8b,ALLOW,B0_BASELINE,ALLOW,B1_BASELINE,ALLOW,DEFAULT_ALLOW,ALLOW,DEFAULT_ALLOW,ALLOW,DEFAULT_ALLOW,ALLOW,DEFAULT_ALLOW
TXN-28516c0f3ee6,ALLOW,B0_BASELINE,HOLD,B1_RBI_RULE,ALLOW,DEFAULT_ALLOW,ALLOW,DEFAULT_ALLOW,ALLOW,DEFAULT_ALLOW,ALLOW,DEFAULT_ALLOW
TXN-884e443ed039,ALLOW,B0_BASELINE,ALLOW,B1_BASELINE,ALLOW,DEFAULT_ALLOW,ALLOW,DEFAULT_ALLOW,ALLOW,DEFAULT_ALLOW,ALLOW,DEFAULT_ALLOW
TXN-dd29e5175ee9,ALLOW,B0_BASELINE,ALLOW,B1_BASELINE,ALLOW,DEFAULT_ALLOW,ALLOW,DEFAULT_ALLOW,ALLOW,DEFAULT_ALLOW,ALLOW,DEFAULT_ALLOW
TXN-27a4ba50c392,ALLOW,B0_BASELINE,ALLOW,B1_BASELINE,ALLOW,DEFAULT_ALLOW,ALLOW,DEFAULT_ALLOW,ALLOW,DEFAULT_ALLOW,ALLOW,DEFAULT_ALLOW
TXN-337d8b6aee6a,ALLOW,B0_BASELINE,ALLOW,B1_BASELINE,ALLOW,DEFAULT_ALLOW,ALLOW,DEFAULT_ALLOW,ALLOW,DEFAULT_ALLOW,ALLOW,DEFAULT_ALLOW
TXN-581ba1573fc2,ALLOW,B0_BASELINE,HOLD,B1_RBI_RULE,HOLD,VAULT_RELEASE,HOLD,VAULT_RELEASE,HOLD,PAYMENT_LARGE_RTGS_NEW,HOLD,VAULT_RELEASE
TXN-d490aaeceaff,ALLOW,B0_BASELINE,ALLOW,B1_BASELINE,ESCALATE,SAFETY_VELOCITY,ALLOW,DEFAULT_ALLOW,ESCALATE,SAFETY_VELOCITY,ESCALATE,SAFETY_VELOCITY
TXN-db2938c6fd6d,ALLOW,B0_BASELINE,ALLOW,B1_BASELINE,ALLOW,DEFAULT_ALLOW,ALLOW,DEFAULT_ALLOW,ALLOW,DEFAULT_ALLOW,ALLOW,DEFAULT_ALLOW
TXN-e04f60dc8683,ALLOW,B0_BASELINE,ALLOW,B1_BASELINE,HOLD,VAULT_RELEASE,HOLD,VAULT_RELEASE,ALLOW,DEFAULT_ALLOW,HOLD,VAULT_RELEASE
TXN-3ac10503f227,ALLOW,B0_BASELINE,ALLOW,B1_BASELINE,ALLOW,DEFAULT_ALLOW,ALLOW,DEFAULT_ALLOW,ALLOW,DEFAULT_ALLOW,ALLOW,DEFAULT_ALLOW
TXN-16f3ccc29958,ALLOW,B0_BASELINE,ALLOW,B1_BASELINE,ALLOW,DEFAULT_ALLOW,ALLOW,DEFAULT_ALLOW,ALLOW,DEFAULT_ALLOW,ALLOW,DEFAULT_ALLOW
TXN-ee1f0ee66bef,ALLOW,B0_BASELINE,ALLOW,B1_BASELINE,REJECT,SAFETY_CALL_DETECTED,HOLD,VAULT_RELEASE,REJECT,SAFETY_CALL_DETECTED,REJECT,SAFETY_CALL_DETECTED
TXN-f4aaa8e5b625,ALLOW,B0_BASELINE,ALLOW,B1_BASELINE,ALLOW,DEFAULT_ALLOW,ALLOW,DEFAULT_ALLOW,ALLOW,DEFAULT_ALLOW,ALLOW,DEFAULT_ALLOW
TXN-08aff346609c,ALLOW,B0_BASELINE,ALLOW,B1_BASELINE,REJECT,SAFETY_CALL_DETECTED,HOLD,VAULT_RELEASE,REJECT,SAFETY_CALL_DETECTED,REJECT,SAFETY_CALL_DETECTED
TXN-caced013c8bc,ALLOW,B0_BASELINE,ALLOW,B1_BASELINE,ALLOW,DEFAULT_ALLOW,ALLOW,DEFAULT_ALLOW,ALLOW,DEFAULT_ALLOW,ALLOW,DEFAULT_ALLOW
TXN-fc7599d47473,ALLOW,B0_BASELINE,ALLOW,B1_BASELINE,ESCALATE,SAFETY_VELOCITY,ALLOW,DEFAULT_ALLOW,ESCALATE,SAFETY_VELOCITY,ESCALATE,SAFETY_VELOCITY
TXN-be85a21932d5,ALLOW,B0_BASELINE,ALLOW,B1_BASELINE,ESCALATE,SAFETY_VELOCITY,ALLOW,DEFAULT_ALLOW,ESCALATE,SAFETY_VELOCITY,ESCALATE,SAFETY_VELOCITY
TXN-96d0bd102c3b,ALLOW,B0_BASELINE,ALLOW,B1_BASELINE,ALLOW,DEFAULT_ALLOW,ALLOW,DEFAULT_ALLOW,ALLOW,DEFAULT_ALLOW,ALLOW,DEFAULT_ALLOW
TXN-29a75637d407,ALLOW,B0_BASELINE,ALLOW,B1_BASELINE,ALLOW,DEFAULT_ALLOW,ALLOW,DEFAULT_ALLOW,ALLOW,DEFAULT_ALLOW,ALLOW,DEFAULT_ALLOW
TXN-7c118def6587,ALLOW,B0_BASELINE,ALLOW,B1_BASELINE,REJECT,SAFETY_CALL_DETECTED,HOLD,VAULT_RELEASE,REJECT,SAFETY_CALL_DETECTED,REJECT,SAFETY_CALL_DETECTED
TXN-8fe4205b115e,ALLOW,B0_BASELINE,ALLOW,B1_BASELINE,ALLOW,DEFAULT_ALLOW,ALLOW,DEFAULT_ALLOW,ALLOW,DEFAULT_ALLOW,ALLOW,DEFAULT_ALLOW
TXN-8f402480aeb9,ALLOW,B0_BASELINE,HOLD,B1_RBI_RULE,HOLD,VAULT_RELEASE,HOLD,VAULT_RELEASE,HOLD,PAYMENT_NEW_INDIVIDUAL_LARGE,HOLD,VAULT_RELEASE
TXN-2f4894469546,ALLOW,B0_BASELINE,ALLOW,B1_BASELINE,ALLOW,DEFAULT_ALLOW,ALLOW,DEFAULT_ALLOW,ALLOW,DEFAULT_ALLOW,ALLOW,DEFAULT_ALLOW
TXN-3092be5f9648,ALLOW,B0_BASELINE,ALLOW,B1_BASELINE,ALLOW,DEFAULT_ALLOW,ALLOW,DEFAULT_ALLOW,ALLOW,DEFAULT_ALLOW,ALLOW,DEFAULT_ALLOW
TXN-e4fe39567005,ALLOW,B0_BASELINE,ALLOW,B1_BASELINE,ESCALATE,SAFETY_VELOCITY,HOLD,VAULT_RELEASE,ESCALATE,SAFETY_VELOCITY,ESCALATE,SAFETY_VELOCITY
TXN-c9b2770ac06a,ALLOW,B0_BASELINE,HOLD,B1_RBI_RULE,REJECT,SAFETY_CALL_DETECTED,HOLD,VAULT_RELEASE,REJECT,SAFETY_CALL_DETECTED,REJECT,SAFETY_CALL_DETECTED
TXN-7c57ec895176,ALLOW,B0_BASELINE,ALLOW,B1_BASELINE,ALLOW,DEFAULT_ALLOW,ALLOW,DEFAULT_ALLOW,ALLOW,DEFAULT_ALLOW,ALLOW,DEFAULT_ALLOW
TXN-4c48ac20cf0a,ALLOW,B0_BASELINE,ALLOW,B1_BASELINE,REJECT,SAFETY_CALL_DETECTED,HOLD,VAULT_RELEASE,REJECT,SAFETY_CALL_DETECTED,REJECT,SAFETY_CALL_DETECTED
TXN-d9dfa0c6cf56,ALLOW,B0_BASELINE,ALLOW,B1_BASELINE,ALLOW,DEFAULT_ALLOW,ALLOW,DEFAULT_ALLOW,ALLOW,DEFAULT_ALLOW,ALLOW,DEFAULT_ALLOW
TXN-415df8e7a285,ALLOW,B0_BASELINE,ALLOW,B1_BASELINE,ALLOW,DEFAULT_ALLOW,ALLOW,DEFAULT_ALLOW,ALLOW,DEFAULT_ALLOW,ALLOW,DEFAULT_ALLOW
TXN-c365463e35d7,ALLOW,B0_BASELINE,ALLOW,B1_BASELINE,ALLOW,DEFAULT_ALLOW,ALLOW,DEFAULT_ALLOW,ALLOW,DEFAULT_ALLOW,ALLOW,DEFAULT_ALLOW
TXN-e5010e4d9631,ALLOW,B0_BASELINE,ALLOW,B1_BASELINE,ALLOW,DEFAULT_ALLOW,ALLOW,DEFAULT_ALLOW,ALLOW,DEFAULT_ALLOW,ALLOW,DEFAULT_ALLOW
TXN-6ee9b9d59aab,ALLOW,B0_BASELINE,ALLOW,B1_BASELINE,ALLOW,DEFAULT_ALLOW,ALLOW,DEFAULT_ALLOW,ALLOW,DEFAULT_ALLOW,ALLOW,DEFAULT_ALLOW
TXN-8f4a8c5ea5af,ALLOW,B0_BASELINE,ALLOW,B1_BASELINE,ESCALATE,SAFETY_VELOCITY,HOLD,VAULT_RELEASE,ESCALATE,SAFETY_VELOCITY,ESCALATE,SAFETY_VELOCITY
TXN-50a032e42176,ALLOW,B0_BASELINE,ALLOW,B1_BASELINE,ALLOW,DEFAULT_ALLOW,ALLOW,DEFAULT_ALLOW,ALLOW,DEFAULT_ALLOW,ALLOW,DEFAULT_ALLOW
TXN-5a311fb36054,ALLOW,B0_BASELINE,ALLOW,B1_BASELINE,ALLOW,DEFAULT_ALLOW,ALLOW,DEFAULT_ALLOW,ALLOW,DEFAULT_ALLOW,ALLOW,DEFAULT_ALLOW
TXN-0c2498904343,ALLOW,B0_BASELINE,ALLOW,B1_BASELINE,ALLOW,DEFAULT_ALLOW,ALLOW,DEFAULT_ALLOW,ALLOW,DEFAULT_ALLOW,ALLOW,DEFAULT_ALLOW
TXN-411f80331082,ALLOW,B0_BASELINE,ALLOW,B1_BASELINE,ALLOW,DEFAULT_ALLOW,ALLOW,DEFAULT_ALLOW,ALLOW,DEFAULT_ALLOW,ALLOW,DEFAULT_ALLOW
TXN-ba3b5c71339b,ALLOW,B0_BASELINE,ALLOW,B1_BASELINE,ALLOW,DEFAULT_ALLOW,ALLOW,DEFAULT_ALLOW,ALLOW,DEFAULT_ALLOW,ALLOW,DEFAULT_ALLOW
TXN-7014f71db1da,ALLOW,B0_BASELINE,ALLOW,B1_BASELINE,ALLOW,DEFAULT_ALLOW,ALLOW,DEFAULT_ALLOW,ALLOW,DEFAULT_ALLOW,ALLOW,DEFAULT_ALLOW
TXN-7da0226c0580,ALLOW,B0_BASELINE,HOLD,B1_RBI_RULE,HOLD,VAULT_FD_BROKEN,HOLD,VAULT_FD_BROKEN,ALLOW,DEFAULT_ALLOW,HOLD,VAULT_FD_BROKEN
TXN-4de688e8e1af,ALLOW,B0_BASELINE,ALLOW,B1_BASELINE,ALLOW,DEFAULT_ALLOW,ALLOW,DEFAULT_ALLOW,ALLOW,DEFAULT_ALLOW,ALLOW,DEFAULT_ALLOW
TXN-5ab0b80bc508,ALLOW,B0_BASELINE,ALLOW,B1_BASELINE,ALLOW,DEFAULT_ALLOW,ALLOW,DEFAULT_ALLOW,ALLOW,DEFAULT_ALLOW,ALLOW,DEFAULT_ALLOW
TXN-4cd0689ba197,ALLOW,B0_BASELINE,ALLOW,B1_BASELINE,ALLOW,DEFAULT_ALLOW,ALLOW,DEFAULT_ALLOW,ALLOW,DEFAULT_ALLOW,ALLOW,DEFAULT_ALLOW
TXN-dddc4dc55677,ALLOW,B0_BASELINE,ALLOW,B1_BASELINE,ALLOW,DEFAULT_ALLOW,ALLOW,DEFAULT_ALLOW,ALLOW,DEFAULT_ALLOW,ALLOW,DEFAULT_ALLOW
TXN-25732251bbe5,ALLOW,B0_BASELINE,ALLOW,B1_BASELINE,ALLOW,DEFAULT_ALLOW,ALLOW,DEFAULT_ALLOW,ALLOW,DEFAULT_ALLOW,ALLOW,DEFAULT_ALLOW
TXN-57b69f095da4,ALLOW,B0_BASELINE,ALLOW,B1_BASELINE,ALLOW,DEFAULT_ALLOW,ALLOW,DEFAULT_ALLOW,ALLOW,DEFAULT_ALLOW,ALLOW,DEFAULT_ALLOW
TXN-84bd1b133747,ALLOW,B0_BASELINE,ALLOW,B1_BASELINE,HOLD,EMERGENCY_UNLISTED,HOLD,EMERGENCY_UNLISTED,HOLD,EMERGENCY_UNLISTED,ALLOW,DEFAULT_ALLOW
TXN-cab61ef4c5ff,ALLOW,B0_BASELINE,ALLOW,B1_BASELINE,ESCALATE,SAFETY_VELOCITY,HOLD,EMERGENCY_UNLISTED,ESCALATE,SAFETY_VELOCITY,ESCALATE,SAFETY_VELOCITY
TXN-966ec3858c78,ALLOW,B0_BASELINE,ALLOW,B1_BASELINE,ALLOW,DEFAULT_ALLOW,ALLOW,DEFAULT_ALLOW,ALLOW,DEFAULT_ALLOW,ALLOW,DEFAULT_ALLOW
TXN-f46f8cb9eb22,ALLOW,B0_BASELINE,ALLOW,B1_BASELINE,ALLOW,DEFAULT_ALLOW,ALLOW,DEFAULT_ALLOW,ALLOW,DEFAULT_ALLOW,ALLOW,DEFAULT_ALLOW
TXN-bb45635e85a5,ALLOW,B0_BASELINE,ALLOW,B1_BASELINE,ALLOW,DEFAULT_ALLOW,ALLOW,DEFAULT_ALLOW,ALLOW,DEFAULT_ALLOW,ALLOW,DEFAULT_ALLOW
TXN-61ed07cbf56b,ALLOW,B0_BASELINE,ALLOW,B1_BASELINE,ALLOW,DEFAULT_ALLOW,ALLOW,DEFAULT_ALLOW,ALLOW,DEFAULT_ALLOW,ALLOW,DEFAULT_ALLOW
TXN-3a577d50c1ff,ALLOW,B0_BASELINE,ALLOW,B1_BASELINE,ALLOW,DEFAULT_ALLOW,ALLOW,DEFAULT_ALLOW,ALLOW,DEFAULT_ALLOW,ALLOW,DEFAULT_ALLOW
TXN-3d2ca0df0f47,ALLOW,B0_BASELINE,ALLOW,B1_BASELINE,ALLOW,DEFAULT_ALLOW,ALLOW,DEFAULT_ALLOW,ALLOW,DEFAULT_ALLOW,ALLOW,DEFAULT_ALLOW
TXN-d25e81b1a64a,ALLOW,B0_BASELINE,ALLOW,B1_BASELINE,ALLOW,DEFAULT_ALLOW,ALLOW,DEFAULT_ALLOW,ALLOW,DEFAULT_ALLOW,ALLOW,DEFAULT_ALLOW
TXN-6e9485bf3ffd,ALLOW,B0_BASELINE,ALLOW,B1_BASELINE,ALLOW,DEFAULT_ALLOW,ALLOW,DEFAULT_ALLOW,ALLOW,DEFAULT_ALLOW,ALLOW,DEFAULT_ALLOW
TXN-83bcbb537773,ALLOW,B0_BASELINE,ALLOW,B1_BASELINE,ALLOW,DEFAULT_ALLOW,ALLOW,DEFAULT_ALLOW,ALLOW,DEFAULT_ALLOW,ALLOW,DEFAULT_ALLOW
TXN-503eaeec2cb5,ALLOW,B0_BASELINE,ALLOW,B1_BASELINE,ALLOW,DEFAULT_ALLOW,ALLOW,DEFAULT_ALLOW,ALLOW,DEFAULT_ALLOW,ALLOW,DEFAULT_ALLOW
TXN-2aea19ae80e0,ALLOW,B0_BASELINE,ALLOW,B1_BASELINE,ALLOW,DEFAULT_ALLOW,ALLOW,DEFAULT_ALLOW,ALLOW,DEFAULT_ALLOW,ALLOW,DEFAULT_ALLOW
TXN-9c376f7bb7b1,ALLOW,B0_BASELINE,ALLOW,B1_BASELINE,ALLOW,DEFAULT_ALLOW,ALLOW,DEFAULT_ALLOW,ALLOW,DEFAULT_ALLOW,ALLOW,DEFAULT_ALLOW
TXN-6cdb9d847491,ALLOW,B0_BASELINE,ALLOW,B1_BASELINE,ALLOW,DEFAULT_ALLOW,ALLOW,DEFAULT_ALLOW,ALLOW,DEFAULT_ALLOW,ALLOW,DEFAULT_ALLOW
TXN-d96895343d65,ALLOW,B0_BASELINE,ALLOW,B1_BASELINE,ALLOW,DEFAULT_ALLOW,ALLOW,DEFAULT_ALLOW,ALLOW,DEFAULT_ALLOW,ALLOW,DEFAULT_ALLOW
TXN-baef249ec666,ALLOW,B0_BASELINE,ALLOW,B1_BASELINE,ALLOW,DEFAULT_ALLOW,ALLOW,DEFAULT_ALLOW,ALLOW,DEFAULT_ALLOW,ALLOW,DEFAULT_ALLOW
TXN-3e8faa6d9650,ALLOW,B0_BASELINE,ALLOW,B1_BASELINE,ALLOW,DEFAULT_ALLOW,ALLOW,DEFAULT_ALLOW,ALLOW,DEFAULT_ALLOW,ALLOW,DEFAULT_ALLOW
TXN-48b995f1517e,ALLOW,B0_BASELINE,ALLOW,B1_BASELINE,ALLOW,EMERGENCY_PREAPPROVED,ALLOW,EMERGENCY_PREAPPROVED,ALLOW,EMERGENCY_PREAPPROVED,ALLOW,DEFAULT_ALLOW
TXN-be82f4666a60,ALLOW,B0_BASELINE,HOLD,B1_RBI_RULE,ALLOW,DEFAULT_ALLOW,ALLOW,DEFAULT_ALLOW,ALLOW,DEFAULT_ALLOW,ALLOW,DEFAULT_ALLOW
TXN-207b775640bc,ALLOW,B0_BASELINE,ALLOW,B1_BASELINE,ALLOW,DEFAULT_ALLOW,ALLOW,DEFAULT_ALLOW,ALLOW,DEFAULT_ALLOW,ALLOW,DEFAULT_ALLOW
TXN-5fd93af75674,ALLOW,B0_BASELINE,ALLOW,B1_BASELINE,ESCALATE,SAFETY_VELOCITY,ALLOW,DEFAULT_ALLOW,ESCALATE,SAFETY_VELOCITY,ESCALATE,SAFETY_VELOCITY
TXN-fff66ac71430,ALLOW,B0_BASELINE,ALLOW,B1_BASELINE,ALLOW,DEFAULT_ALLOW,ALLOW,DEFAULT_ALLOW,ALLOW,DEFAULT_ALLOW,ALLOW,DEFAULT_ALLOW
TXN-e04461b8f7db,ALLOW,B0_BASELINE,ALLOW,B1_BASELINE,ALLOW,DEFAULT_ALLOW,ALLOW,DEFAULT_ALLOW,ALLOW,DEFAULT_ALLOW,ALLOW,DEFAULT_ALLOW
TXN-90d816484329,ALLOW,B0_BASELINE,HOLD,B1_RBI_RULE,HOLD,VAULT_RELEASE,HOLD,VAULT_RELEASE,HOLD,PAYMENT_NEW_INDIVIDUAL_LARGE,HOLD,VAULT_RELEASE
TXN-3dac617693b6,ALLOW,B0_BASELINE,ALLOW,B1_BASELINE,ALLOW,DEFAULT_ALLOW,ALLOW,DEFAULT_ALLOW,ALLOW,DEFAULT_ALLOW,ALLOW,DEFAULT_ALLOW
TXN-a98a02619e4f,ALLOW,B0_BASELINE,ALLOW,B1_BASELINE,ALLOW,DEFAULT_ALLOW,ALLOW,DEFAULT_ALLOW,ALLOW,DEFAULT_ALLOW,ALLOW,DEFAULT_ALLOW
TXN-b8802d3f9603,ALLOW,B0_BASELINE,ALLOW,B1_BASELINE,ALLOW,DEFAULT_ALLOW,ALLOW,DEFAULT_ALLOW,ALLOW,DEFAULT_ALLOW,ALLOW,DEFAULT_ALLOW
TXN-9e7e7054686d,ALLOW,B0_BASELINE,ALLOW,B1_BASELINE,ALLOW,DEFAULT_ALLOW,ALLOW,DEFAULT_ALLOW,ALLOW,DEFAULT_ALLOW,ALLOW,DEFAULT_ALLOW
TXN-59a994bc5be3,ALLOW,B0_BASELINE,ALLOW,B1_BASELINE,ALLOW,DEFAULT_ALLOW,ALLOW,DEFAULT_ALLOW,ALLOW,DEFAULT_ALLOW,ALLOW,DEFAULT_ALLOW
TXN-72524c113eaa,ALLOW,B0_BASELINE,ALLOW,B1_BASELINE,ALLOW,DEFAULT_ALLOW,ALLOW,DEFAULT_ALLOW,ALLOW,DEFAULT_ALLOW,ALLOW,DEFAULT_ALLOW
TXN-9acdd3abec32,ALLOW,B0_BASELINE,ALLOW,B1_BASELINE,ALLOW,DEFAULT_ALLOW,ALLOW,DEFAULT_ALLOW,ALLOW,DEFAULT_ALLOW,ALLOW,DEFAULT_ALLOW
TXN-fdcd4bf38ec2,ALLOW,B0_BASELINE,ALLOW,B1_BASELINE,ALLOW,DEFAULT_ALLOW,ALLOW,DEFAULT_ALLOW,ALLOW,DEFAULT_ALLOW,ALLOW,DEFAULT_ALLOW
TXN-7eef172d1937,ALLOW,B0_BASELINE,ALLOW,B1_BASELINE,ALLOW,DEFAULT_ALLOW,ALLOW,DEFAULT_ALLOW,ALLOW,DEFAULT_ALLOW,ALLOW,DEFAULT_ALLOW
TXN-d39eb639b564,ALLOW,B0_BASELINE,ALLOW,B1_BASELINE,ALLOW,DEFAULT_ALLOW,ALLOW,DEFAULT_ALLOW,ALLOW,DEFAULT_ALLOW,ALLOW,DEFAULT_ALLOW
TXN-58f95e7145a8,ALLOW,B0_BASELINE,ALLOW,B1_BASELINE,ALLOW,DEFAULT_ALLOW,ALLOW,DEFAULT_ALLOW,ALLOW,DEFAULT_ALLOW,ALLOW,DEFAULT_ALLOW
TXN-5cdbe8b39263,ALLOW,B0_BASELINE,ALLOW,B1_BASELINE,ALLOW,DEFAULT_ALLOW,ALLOW,DEFAULT_ALLOW,ALLOW,DEFAULT_ALLOW,ALLOW,DEFAULT_ALLOW
TXN-7a389c077abe,ALLOW,B0_BASELINE,ALLOW,B1_BASELINE,ALLOW,DEFAULT_ALLOW,ALLOW,DEFAULT_ALLOW,ALLOW,DEFAULT_ALLOW,ALLOW,DEFAULT_ALLOW
TXN-0fd9dff82762,ALLOW,B0_BASELINE,ALLOW,B1_BASELINE,ALLOW,DEFAULT_ALLOW,ALLOW,DEFAULT_ALLOW,ALLOW,DEFAULT_ALLOW,ALLOW,DEFAULT_ALLOW
TXN-ad5e59f53ba9,ALLOW,B0_BASELINE,ALLOW,B1_BASELINE,ALLOW,DEFAULT_ALLOW,ALLOW,DEFAULT_ALLOW,ALLOW,DEFAULT_ALLOW,ALLOW,DEFAULT_ALLOW
TXN-6011702cbfcc,ALLOW,B0_BASELINE,ALLOW,B1_BASELINE,ALLOW,DEFAULT_ALLOW,ALLOW,DEFAULT_ALLOW,ALLOW,DEFAULT_ALLOW,ALLOW,DEFAULT_ALLOW
TXN-32921ffaa2f4,ALLOW,B0_BASELINE,ALLOW,B1_BASELINE,ALLOW,DEFAULT_ALLOW,ALLOW,DEFAULT_ALLOW,ALLOW,DEFAULT_ALLOW,ALLOW,DEFAULT_ALLOW
TXN-184b2b4262f0,ALLOW,B0_BASELINE,ALLOW,B1_BASELINE,ALLOW,DEFAULT_ALLOW,ALLOW,DEFAULT_ALLOW,ALLOW,DEFAULT_ALLOW,ALLOW,DEFAULT_ALLOW
TXN-7f0e128fc5ff,ALLOW,B0_BASELINE,ALLOW,B1_BASELINE,ALLOW,DEFAULT_ALLOW,ALLOW,DEFAULT_ALLOW,ALLOW,DEFAULT_ALLOW,ALLOW,DEFAULT_ALLOW
TXN-992d271ef9be,ALLOW,B0_BASELINE,ALLOW,B1_BASELINE,ALLOW,DEFAULT_ALLOW,ALLOW,DEFAULT_ALLOW,ALLOW,DEFAULT_ALLOW,ALLOW,DEFAULT_ALLOW
TXN-ac8b05846c0b,ALLOW,B0_BASELINE,ALLOW,B1_BASELINE,ALLOW,DEFAULT_ALLOW,ALLOW,DEFAULT_ALLOW,ALLOW,DEFAULT_ALLOW,ALLOW,DEFAULT_ALLOW
TXN-30792e471ef9,ALLOW,B0_BASELINE,ALLOW,B1_BASELINE,ALLOW,DEFAULT_ALLOW,ALLOW,DEFAULT_ALLOW,ALLOW,DEFAULT_ALLOW,ALLOW,DEFAULT_ALLOW
TXN-59ec2cef78ab,ALLOW,B0_BASELINE,ALLOW,B1_BASELINE,ALLOW,DEFAULT_ALLOW,ALLOW,DEFAULT_ALLOW,ALLOW,DEFAULT_ALLOW,ALLOW,DEFAULT_ALLOW
TXN-5e7af4cdba42,ALLOW,B0_BASELINE,ALLOW,B1_BASELINE,ALLOW,DEFAULT_ALLOW,ALLOW,DEFAULT_ALLOW,ALLOW,DEFAULT_ALLOW,ALLOW,DEFAULT_ALLOW
TXN-d82402da8b12,ALLOW,B0_BASELINE,HOLD,B1_RBI_RULE,ESCALATE,SAFETY_VELOCITY,HOLD,VAULT_RELEASE,ESCALATE,SAFETY_VELOCITY,ESCALATE,SAFETY_VELOCITY
TXN-4f66371b327b,ALLOW,B0_BASELINE,ALLOW,B1_BASELINE,ESCALATE,SAFETY_VELOCITY,ALLOW,DEFAULT_ALLOW,ESCALATE,SAFETY_VELOCITY,ESCALATE,SAFETY_VELOCITY
TXN-51e44d433f0c,ALLOW,B0_BASELINE,HOLD,B1_RBI_RULE,HOLD,VAULT_RELEASE,HOLD,VAULT_RELEASE,ALLOW,DEFAULT_ALLOW,HOLD,VAULT_RELEASE
TXN-dde70c3ecf7b,ALLOW,B0_BASELINE,ALLOW,B1_BASELINE,HOLD,EMERGENCY_UNLISTED,HOLD,EMERGENCY_UNLISTED,HOLD,EMERGENCY_UNLISTED,ALLOW,DEFAULT_ALLOW
TXN-2562dce14717,ALLOW,B0_BASELINE,ALLOW,B1_BASELINE,ALLOW,DEFAULT_ALLOW,ALLOW,DEFAULT_ALLOW,ALLOW,DEFAULT_ALLOW,ALLOW,DEFAULT_ALLOW
TXN-7190ce793157,ALLOW,B0_BASELINE,ALLOW,B1_BASELINE,ESCALATE,SAFETY_VELOCITY,ALLOW,DEFAULT_ALLOW,ESCALATE,SAFETY_VELOCITY,ESCALATE,SAFETY_VELOCITY
TXN-bd80860ac15e,ALLOW,B0_BASELINE,ALLOW,B1_BASELINE,ALLOW,DEFAULT_ALLOW,ALLOW,DEFAULT_ALLOW,ALLOW,DEFAULT_ALLOW,ALLOW,DEFAULT_ALLOW
TXN-659e56877aa0,ALLOW,B0_BASELINE,ALLOW,B1_BASELINE,ALLOW,DEFAULT_ALLOW,ALLOW,DEFAULT_ALLOW,ALLOW,DEFAULT_ALLOW,ALLOW,DEFAULT_ALLOW
TXN-9b3104921ecb,ALLOW,B0_BASELINE,ALLOW,B1_BASELINE,ALLOW,DEFAULT_ALLOW,ALLOW,DEFAULT_ALLOW,ALLOW,DEFAULT_ALLOW,ALLOW,DEFAULT_ALLOW
TXN-a3cfe70dfb71,ALLOW,B0_BASELINE,ALLOW,B1_BASELINE,ALLOW,DEFAULT_ALLOW,ALLOW,DEFAULT_ALLOW,ALLOW,DEFAULT_ALLOW,ALLOW,DEFAULT_ALLOW
TXN-05fa43d34cb9,ALLOW,B0_BASELINE,ALLOW,B1_BASELINE,ALLOW,DEFAULT_ALLOW,ALLOW,DEFAULT_ALLOW,ALLOW,DEFAULT_ALLOW,ALLOW,DEFAULT_ALLOW
TXN-f8ffbb341479,ALLOW,B0_BASELINE,ALLOW,B1_BASELINE,ALLOW,DEFAULT_ALLOW,ALLOW,DEFAULT_ALLOW,ALLOW,DEFAULT_ALLOW,ALLOW,DEFAULT_ALLOW
TXN-752386a18497,ALLOW,B0_BASELINE,ALLOW,B1_BASELINE,HOLD,EMERGENCY_UNLISTED,HOLD,EMERGENCY_UNLISTED,HOLD,EMERGENCY_UNLISTED,ALLOW,DEFAULT_ALLOW
TXN-f918e1d5b269,ALLOW,B0_BASELINE,ALLOW,B1_BASELINE,ALLOW,DEFAULT_ALLOW,ALLOW,DEFAULT_ALLOW,ALLOW,DEFAULT_ALLOW,ALLOW,DEFAULT_ALLOW
TXN-d48c00ddbe14,ALLOW,B0_BASELINE,ALLOW,B1_BASELINE,ALLOW,DEFAULT_ALLOW,ALLOW,DEFAULT_ALLOW,ALLOW,DEFAULT_ALLOW,ALLOW,DEFAULT_ALLOW
TXN-d486fe80ff30,ALLOW,B0_BASELINE,ALLOW,B1_BASELINE,ALLOW,DEFAULT_ALLOW,ALLOW,DEFAULT_ALLOW,ALLOW,DEFAULT_ALLOW,ALLOW,DEFAULT_ALLOW
TXN-8c1faf12cbf0,ALLOW,B0_BASELINE,ALLOW,B1_BASELINE,ALLOW,DEFAULT_ALLOW,ALLOW,DEFAULT_ALLOW,ALLOW,DEFAULT_ALLOW,ALLOW,DEFAULT_ALLOW
TXN-f2b85f9e5051,ALLOW,B0_BASELINE,ALLOW,B1_BASELINE,ALLOW,DEFAULT_ALLOW,ALLOW,DEFAULT_ALLOW,ALLOW,DEFAULT_ALLOW,ALLOW,DEFAULT_ALLOW
TXN-63226971162c,ALLOW,B0_BASELINE,ALLOW,B1_BASELINE,ALLOW,DEFAULT_ALLOW,ALLOW,DEFAULT_ALLOW,ALLOW,DEFAULT_ALLOW,ALLOW,DEFAULT_ALLOW
TXN-4260949aab0a,ALLOW,B0_BASELINE,ALLOW,B1_BASELINE,ALLOW,DEFAULT_ALLOW,ALLOW,DEFAULT_ALLOW,ALLOW,DEFAULT_ALLOW,ALLOW,DEFAULT_ALLOW
TXN-fb0167d70e0a,ALLOW,B0_BASELINE,ALLOW,B1_BASELINE,ALLOW,DEFAULT_ALLOW,ALLOW,DEFAULT_ALLOW,ALLOW,DEFAULT_ALLOW,ALLOW,DEFAULT_ALLOW
TXN-1cb35536c7e8,ALLOW,B0_BASELINE,ALLOW,B1_BASELINE,ALLOW,DEFAULT_ALLOW,ALLOW,DEFAULT_ALLOW,ALLOW,DEFAULT_ALLOW,ALLOW,DEFAULT_ALLOW
TXN-3dcba7d8118b,ALLOW,B0_BASELINE,ALLOW,B1_BASELINE,ALLOW,DEFAULT_ALLOW,ALLOW,DEFAULT_ALLOW,ALLOW,DEFAULT_ALLOW,ALLOW,DEFAULT_ALLOW
TXN-901ba39f37d6,ALLOW,B0_BASELINE,ALLOW,B1_BASELINE,ALLOW,DEFAULT_ALLOW,ALLOW,DEFAULT_ALLOW,ALLOW,DEFAULT_ALLOW,ALLOW,DEFAULT_ALLOW
TXN-1981e5c9b531,ALLOW,B0_BASELINE,ALLOW,B1_BASELINE,ALLOW,DEFAULT_ALLOW,ALLOW,DEFAULT_ALLOW,ALLOW,DEFAULT_ALLOW,ALLOW,DEFAULT_ALLOW
TXN-df7538a9e3f3,ALLOW,B0_BASELINE,ALLOW,B1_BASELINE,ALLOW,DEFAULT_ALLOW,ALLOW,DEFAULT_ALLOW,ALLOW,DEFAULT_ALLOW,ALLOW,DEFAULT_ALLOW
TXN-8dcd2cdbd907,ALLOW,B0_BASELINE,ALLOW,B1_BASELINE,ALLOW,DEFAULT_ALLOW,ALLOW,DEFAULT_ALLOW,ALLOW,DEFAULT_ALLOW,ALLOW,DEFAULT_ALLOW
TXN-295b6d4ae745,ALLOW,B0_BASELINE,ALLOW,B1_BASELINE,ALLOW,DEFAULT_ALLOW,ALLOW,DEFAULT_ALLOW,ALLOW,DEFAULT_ALLOW,ALLOW,DEFAULT_ALLOW
TXN-f30ba3249b29,ALLOW,B0_BASELINE,ALLOW,B1_BASELINE,ALLOW,DEFAULT_ALLOW,ALLOW,DEFAULT_ALLOW,ALLOW,DEFAULT_ALLOW,ALLOW,DEFAULT_ALLOW
TXN-9afe55d88db7,ALLOW,B0_BASELINE,ALLOW,B1_BASELINE,ESCALATE,SAFETY_VELOCITY,ALLOW,DEFAULT_ALLOW,ESCALATE,SAFETY_VELOCITY,ESCALATE,SAFETY_VELOCITY
TXN-60d03511eb38,ALLOW,B0_BASELINE,ALLOW,B1_BASELINE,ALLOW,DEFAULT_ALLOW,ALLOW,DEFAULT_ALLOW,ALLOW,DEFAULT_ALLOW,ALLOW,DEFAULT_ALLOW
TXN-a7816d3dbb58,ALLOW,B0_BASELINE,ALLOW,B1_BASELINE,ALLOW,DEFAULT_ALLOW,ALLOW,DEFAULT_ALLOW,ALLOW,DEFAULT_ALLOW,ALLOW,DEFAULT_ALLOW
TXN-c21f2eea5566,ALLOW,B0_BASELINE,ALLOW,B1_BASELINE,ALLOW,DEFAULT_ALLOW,ALLOW,DEFAULT_ALLOW,ALLOW,DEFAULT_ALLOW,ALLOW,DEFAULT_ALLOW
TXN-b9a071d5d995,ALLOW,B0_BASELINE,ALLOW,B1_BASELINE,ALLOW,DEFAULT_ALLOW,ALLOW,DEFAULT_ALLOW,ALLOW,DEFAULT_ALLOW,ALLOW,DEFAULT_ALLOW
TXN-0f04e81d603c,ALLOW,B0_BASELINE,ALLOW,B1_BASELINE,ALLOW,DEFAULT_ALLOW,ALLOW,DEFAULT_ALLOW,ALLOW,DEFAULT_ALLOW,ALLOW,DEFAULT_ALLOW
TXN-bd5cea1ffc26,ALLOW,B0_BASELINE,ALLOW,B1_BASELINE,ALLOW,DEFAULT_ALLOW,ALLOW,DEFAULT_ALLOW,ALLOW,DEFAULT_ALLOW,ALLOW,DEFAULT_ALLOW
TXN-11b2ab4c8951,ALLOW,B0_BASELINE,ALLOW,B1_BASELINE,ALLOW,DEFAULT_ALLOW,ALLOW,DEFAULT_ALLOW,ALLOW,DEFAULT_ALLOW,ALLOW,DEFAULT_ALLOW
TXN-1b23be5c121b,ALLOW,B0_BASELINE,ALLOW,B1_BASELINE,ALLOW,DEFAULT_ALLOW,ALLOW,DEFAULT_ALLOW,ALLOW,DEFAULT_ALLOW,ALLOW,DEFAULT_ALLOW
TXN-7f59e6865697,ALLOW,B0_BASELINE,ALLOW,B1_BASELINE,ALLOW,DEFAULT_ALLOW,ALLOW,DEFAULT_ALLOW,ALLOW,DEFAULT_ALLOW,ALLOW,DEFAULT_ALLOW
TXN-1edbc242ff16,ALLOW,B0_BASELINE,ALLOW,B1_BASELINE,ALLOW,DEFAULT_ALLOW,ALLOW,DEFAULT_ALLOW,ALLOW,DEFAULT_ALLOW,ALLOW,DEFAULT_ALLOW
TXN-5c48e068fd03,ALLOW,B0_BASELINE,ALLOW,B1_BASELINE,ALLOW,DEFAULT_ALLOW,ALLOW,DEFAULT_ALLOW,ALLOW,DEFAULT_ALLOW,ALLOW,DEFAULT_ALLOW
TXN-8eb2f28791ed,ALLOW,B0_BASELINE,ALLOW,B1_BASELINE,ALLOW,DEFAULT_ALLOW,ALLOW,DEFAULT_ALLOW,ALLOW,DEFAULT_ALLOW,ALLOW,DEFAULT_ALLOW
TXN-8c4d95c9b043,ALLOW,B0_BASELINE,ALLOW,B1_BASELINE,ALLOW,DEFAULT_ALLOW,ALLOW,DEFAULT_ALLOW,ALLOW,DEFAULT_ALLOW,ALLOW,DEFAULT_ALLOW
TXN-bf0dbbe0e3d6,ALLOW,B0_BASELINE,ALLOW,B1_BASELINE,ALLOW,DEFAULT_ALLOW,ALLOW,DEFAULT_ALLOW,ALLOW,DEFAULT_ALLOW,ALLOW,DEFAULT_ALLOW
TXN-ba4c85cef8ba,ALLOW,B0_BASELINE,ALLOW,B1_BASELINE,ALLOW,DEFAULT_ALLOW,ALLOW,DEFAULT_ALLOW,ALLOW,DEFAULT_ALLOW,ALLOW,DEFAULT_ALLOW
TXN-f049555cfa10,ALLOW,B0_BASELINE,ALLOW,B1_BASELINE,ALLOW,DEFAULT_ALLOW,ALLOW,DEFAULT_ALLOW,ALLOW,DEFAULT_ALLOW,ALLOW,DEFAULT_ALLOW
TXN-a68f1a15db8e,ALLOW,B0_BASELINE,ALLOW,B1_BASELINE,ALLOW,DEFAULT_ALLOW,ALLOW,DEFAULT_ALLOW,ALLOW,DEFAULT_ALLOW,ALLOW,DEFAULT_ALLOW
TXN-dd2093ab4c8e,ALLOW,B0_BASELINE,ALLOW,B1_BASELINE,ALLOW,DEFAULT_ALLOW,ALLOW,DEFAULT_ALLOW,ALLOW,DEFAULT_ALLOW,ALLOW,DEFAULT_ALLOW
TXN-24bd605bfa7f,ALLOW,B0_BASELINE,ALLOW,B1_BASELINE,ALLOW,DEFAULT_ALLOW,ALLOW,DEFAULT_ALLOW,ALLOW,DEFAULT_ALLOW,ALLOW,DEFAULT_ALLOW
TXN-ed738589de56,ALLOW,B0_BASELINE,ALLOW,B1_BASELINE,ALLOW,DEFAULT_ALLOW,ALLOW,DEFAULT_ALLOW,ALLOW,DEFAULT_ALLOW,ALLOW,DEFAULT_ALLOW
TXN-480d00e6c54f,ALLOW,B0_BASELINE,ALLOW,B1_BASELINE,ALLOW,DEFAULT_ALLOW,ALLOW,DEFAULT_ALLOW,ALLOW,DEFAULT_ALLOW,ALLOW,DEFAULT_ALLOW
TXN-1c34ab8097aa,ALLOW,B0_BASELINE,ALLOW,B1_BASELINE,ALLOW,DEFAULT_ALLOW,ALLOW,DEFAULT_ALLOW,ALLOW,DEFAULT_ALLOW,ALLOW,DEFAULT_ALLOW
TXN-64f8a3b2f264,ALLOW,B0_BASELINE,ALLOW,B1_BASELINE,HOLD,EMERGENCY_UNLISTED,HOLD,EMERGENCY_UNLISTED,HOLD,EMERGENCY_UNLISTED,ALLOW,DEFAULT_ALLOW
TXN-e0297c2705c7,ALLOW,B0_BASELINE,ALLOW,B1_BASELINE,ALLOW,DEFAULT_ALLOW,ALLOW,DEFAULT_ALLOW,ALLOW,DEFAULT_ALLOW,ALLOW,DEFAULT_ALLOW
TXN-b8555550850e,ALLOW,B0_BASELINE,ALLOW,B1_BASELINE,ALLOW,DEFAULT_ALLOW,ALLOW,DEFAULT_ALLOW,ALLOW,DEFAULT_ALLOW,ALLOW,DEFAULT_ALLOW
TXN-b2c376631561,ALLOW,B0_BASELINE,ALLOW,B1_BASELINE,ALLOW,DEFAULT_ALLOW,ALLOW,DEFAULT_ALLOW,ALLOW,DEFAULT_ALLOW,ALLOW,DEFAULT_ALLOW
TXN-84ba6370c5cd,ALLOW,B0_BASELINE,ALLOW,B1_BASELINE,ALLOW,DEFAULT_ALLOW,ALLOW,DEFAULT_ALLOW,ALLOW,DEFAULT_ALLOW,ALLOW,DEFAULT_ALLOW
TXN-374914dc6e30,ALLOW,B0_BASELINE,ALLOW,B1_BASELINE,ALLOW,DEFAULT_ALLOW,ALLOW,DEFAULT_ALLOW,ALLOW,DEFAULT_ALLOW,ALLOW,DEFAULT_ALLOW
TXN-ac3de8b67740,ALLOW,B0_BASELINE,ALLOW,B1_BASELINE,ALLOW,DEFAULT_ALLOW,ALLOW,DEFAULT_ALLOW,ALLOW,DEFAULT_ALLOW,ALLOW,DEFAULT_ALLOW
TXN-bc6601e56b0c,ALLOW,B0_BASELINE,ALLOW,B1_BASELINE,ALLOW,DEFAULT_ALLOW,ALLOW,DEFAULT_ALLOW,ALLOW,DEFAULT_ALLOW,ALLOW,DEFAULT_ALLOW
TXN-82f27adb96e5,ALLOW,B0_BASELINE,ALLOW,B1_BASELINE,ALLOW,DEFAULT_ALLOW,ALLOW,DEFAULT_ALLOW,ALLOW,DEFAULT_ALLOW,ALLOW,DEFAULT_ALLOW
TXN-8ebe86542487,ALLOW,B0_BASELINE,ALLOW,B1_BASELINE,ALLOW,DEFAULT_ALLOW,ALLOW,DEFAULT_ALLOW,ALLOW,DEFAULT_ALLOW,ALLOW,DEFAULT_ALLOW
TXN-4bbb22371e15,ALLOW,B0_BASELINE,ALLOW,B1_BASELINE,ALLOW,DEFAULT_ALLOW,ALLOW,DEFAULT_ALLOW,ALLOW,DEFAULT_ALLOW,ALLOW,DEFAULT_ALLOW
TXN-44c2abf21f53,ALLOW,B0_BASELINE,ALLOW,B1_BASELINE,ALLOW,DEFAULT_ALLOW,ALLOW,DEFAULT_ALLOW,ALLOW,DEFAULT_ALLOW,ALLOW,DEFAULT_ALLOW
TXN-d85130d0d592,ALLOW,B0_BASELINE,ALLOW,B1_BASELINE,ALLOW,DEFAULT_ALLOW,ALLOW,DEFAULT_ALLOW,ALLOW,DEFAULT_ALLOW,ALLOW,DEFAULT_ALLOW
TXN-95e0679dd11f,ALLOW,B0_BASELINE,ALLOW,B1_BASELINE,ALLOW,DEFAULT_ALLOW,ALLOW,DEFAULT_ALLOW,ALLOW,DEFAULT_ALLOW,ALLOW,DEFAULT_ALLOW
TXN-b0dac8e0e583,ALLOW,B0_BASELINE,ALLOW,B1_BASELINE,ALLOW,DEFAULT_ALLOW,ALLOW,DEFAULT_ALLOW,ALLOW,DEFAULT_ALLOW,ALLOW,DEFAULT_ALLOW
TXN-5bddb80e84c9,ALLOW,B0_BASELINE,ALLOW,B1_BASELINE,ALLOW,DEFAULT_ALLOW,ALLOW,DEFAULT_ALLOW,ALLOW,DEFAULT_ALLOW,ALLOW,DEFAULT_ALLOW
TXN-756deaddf2d6,ALLOW,B0_BASELINE,ALLOW,B1_BASELINE,ALLOW,DEFAULT_ALLOW,ALLOW,DEFAULT_ALLOW,ALLOW,DEFAULT_ALLOW,ALLOW,DEFAULT_ALLOW
TXN-1542de47f4e3,ALLOW,B0_BASELINE,ALLOW,B1_BASELINE,ALLOW,DEFAULT_ALLOW,ALLOW,DEFAULT_ALLOW,ALLOW,DEFAULT_ALLOW,ALLOW,DEFAULT_ALLOW
TXN-27c2ab18f34c,ALLOW,B0_BASELINE,ALLOW,B1_BASELINE,ALLOW,DEFAULT_ALLOW,ALLOW,DEFAULT_ALLOW,ALLOW,DEFAULT_ALLOW,ALLOW,DEFAULT_ALLOW
TXN-3e6d1e272553,ALLOW,B0_BASELINE,ALLOW,B1_BASELINE,ESCALATE,SAFETY_VELOCITY,ALLOW,DEFAULT_ALLOW,ESCALATE,SAFETY_VELOCITY,ESCALATE,SAFETY_VELOCITY
TXN-8a8d0a221f8f,ALLOW,B0_BASELINE,ALLOW,B1_BASELINE,ALLOW,DEFAULT_ALLOW,ALLOW,DEFAULT_ALLOW,ALLOW,DEFAULT_ALLOW,ALLOW,DEFAULT_ALLOW
TXN-2be78baf2634,ALLOW,B0_BASELINE,ALLOW,B1_BASELINE,ALLOW,DEFAULT_ALLOW,ALLOW,DEFAULT_ALLOW,ALLOW,DEFAULT_ALLOW,ALLOW,DEFAULT_ALLOW
TXN-85e8ff4ec110,ALLOW,B0_BASELINE,ALLOW,B1_BASELINE,ALLOW,DEFAULT_ALLOW,ALLOW,DEFAULT_ALLOW,ALLOW,DEFAULT_ALLOW,ALLOW,DEFAULT_ALLOW
TXN-9c9ace0c8b19,ALLOW,B0_BASELINE,ALLOW,B1_BASELINE,ALLOW,DEFAULT_ALLOW,ALLOW,DEFAULT_ALLOW,ALLOW,DEFAULT_ALLOW,ALLOW,DEFAULT_ALLOW
TXN-4cda0ef950f1,ALLOW,B0_BASELINE,ALLOW,B1_BASELINE,ALLOW,DEFAULT_ALLOW,ALLOW,DEFAULT_ALLOW,ALLOW,DEFAULT_ALLOW,ALLOW,DEFAULT_ALLOW
TXN-b25da5e5d69f,ALLOW,B0_BASELINE,ALLOW,B1_BASELINE,ALLOW,DEFAULT_ALLOW,ALLOW,DEFAULT_ALLOW,ALLOW,DEFAULT_ALLOW,ALLOW,DEFAULT_ALLOW
TXN-8afd62a329ee,ALLOW,B0_BASELINE,ALLOW,B1_BASELINE,ALLOW,DEFAULT_ALLOW,ALLOW,DEFAULT_ALLOW,ALLOW,DEFAULT_ALLOW,ALLOW,DEFAULT_ALLOW
TXN-59bcdaec348f,ALLOW,B0_BASELINE,HOLD,B1_RBI_RULE,ALLOW,DEFAULT_ALLOW,ALLOW,DEFAULT_ALLOW,ALLOW,DEFAULT_ALLOW,ALLOW,DEFAULT_ALLOW
TXN-e3f0b0968ce0,ALLOW,B0_BASELINE,ALLOW,B1_BASELINE,ALLOW,DEFAULT_ALLOW,ALLOW,DEFAULT_ALLOW,ALLOW,DEFAULT_ALLOW,ALLOW,DEFAULT_ALLOW
TXN-6c5865bea453,ALLOW,B0_BASELINE,ALLOW,B1_BASELINE,ALLOW,DEFAULT_ALLOW,ALLOW,DEFAULT_ALLOW,ALLOW,DEFAULT_ALLOW,ALLOW,DEFAULT_ALLOW
TXN-ef9d2e6e9a52,ALLOW,B0_BASELINE,ALLOW,B1_BASELINE,ALLOW,DEFAULT_ALLOW,ALLOW,DEFAULT_ALLOW,ALLOW,DEFAULT_ALLOW,ALLOW,DEFAULT_ALLOW
TXN-71c306c896db,ALLOW,B0_BASELINE,ALLOW,B1_BASELINE,ALLOW,DEFAULT_ALLOW,ALLOW,DEFAULT_ALLOW,ALLOW,DEFAULT_ALLOW,ALLOW,DEFAULT_ALLOW
TXN-80891ca59a09,ALLOW,B0_BASELINE,ALLOW,B1_BASELINE,ALLOW,DEFAULT_ALLOW,ALLOW,DEFAULT_ALLOW,ALLOW,DEFAULT_ALLOW,ALLOW,DEFAULT_ALLOW
TXN-0e410bc5f3c5,ALLOW,B0_BASELINE,ALLOW,B1_BASELINE,ALLOW,DEFAULT_ALLOW,ALLOW,DEFAULT_ALLOW,ALLOW,DEFAULT_ALLOW,ALLOW,DEFAULT_ALLOW
TXN-6de6d0f9d9e0,ALLOW,B0_BASELINE,ALLOW,B1_BASELINE,ALLOW,DEFAULT_ALLOW,ALLOW,DEFAULT_ALLOW,ALLOW,DEFAULT_ALLOW,ALLOW,DEFAULT_ALLOW
TXN-0337cf9df63f,ALLOW,B0_BASELINE,HOLD,B1_RBI_RULE,HOLD,PAYMENT_NEW_INDIVIDUAL_LARGE,HOLD,PAYMENT_NEW_INDIVIDUAL_LARGE,HOLD,PAYMENT_NEW_INDIVIDUAL_LARGE,HOLD,PAYMENT_NEW_INDIVIDUAL_LARGE
TXN-d571d500eb19,ALLOW,B0_BASELINE,ALLOW,B1_BASELINE,ALLOW,DEFAULT_ALLOW,ALLOW,DEFAULT_ALLOW,ALLOW,DEFAULT_ALLOW,ALLOW,DEFAULT_ALLOW
TXN-89a0f3533df6,ALLOW,B0_BASELINE,ALLOW,B1_BASELINE,ALLOW,DEFAULT_ALLOW,ALLOW,DEFAULT_ALLOW,ALLOW,DEFAULT_ALLOW,ALLOW,DEFAULT_ALLOW
TXN-e6b024824bd8,ALLOW,B0_BASELINE,ALLOW,B1_BASELINE,ALLOW,DEFAULT_ALLOW,ALLOW,DEFAULT_ALLOW,ALLOW,DEFAULT_ALLOW,ALLOW,DEFAULT_ALLOW
TXN-ffa5eec737b6,ALLOW,B0_BASELINE,ALLOW,B1_BASELINE,HOLD,EMERGENCY_UNLISTED,HOLD,EMERGENCY_UNLISTED,HOLD,EMERGENCY_UNLISTED,ALLOW,DEFAULT_ALLOW
TXN-007a031215d1,ALLOW,B0_BASELINE,ALLOW,B1_BASELINE,ALLOW,DEFAULT_ALLOW,ALLOW,DEFAULT_ALLOW,ALLOW,DEFAULT_ALLOW,ALLOW,DEFAULT_ALLOW
TXN-efb9d7b010cb,ALLOW,B0_BASELINE,ALLOW,B1_BASELINE,ALLOW,DEFAULT_ALLOW,ALLOW,DEFAULT_ALLOW,ALLOW,DEFAULT_ALLOW,ALLOW,DEFAULT_ALLOW
TXN-99bf6a17258c,ALLOW,B0_BASELINE,ALLOW,B1_BASELINE,ALLOW,DEFAULT_ALLOW,ALLOW,DEFAULT_ALLOW,ALLOW,DEFAULT_ALLOW,ALLOW,DEFAULT_ALLOW
TXN-0f42b09d7c3b,ALLOW,B0_BASELINE,ALLOW,B1_BASELINE,ALLOW,DEFAULT_ALLOW,ALLOW,DEFAULT_ALLOW,ALLOW,DEFAULT_ALLOW,ALLOW,DEFAULT_ALLOW
TXN-08ab4700eba6,ALLOW,B0_BASELINE,ALLOW,B1_BASELINE,ALLOW,DEFAULT_ALLOW,ALLOW,DEFAULT_ALLOW,ALLOW,DEFAULT_ALLOW,ALLOW,DEFAULT_ALLOW
TXN-c3d824106d4a,ALLOW,B0_BASELINE,ALLOW,B1_BASELINE,ALLOW,DEFAULT_ALLOW,ALLOW,DEFAULT_ALLOW,ALLOW,DEFAULT_ALLOW,ALLOW,DEFAULT_ALLOW
TXN-d945492ea582,ALLOW,B0_BASELINE,ALLOW,B1_BASELINE,ALLOW,DEFAULT_ALLOW,ALLOW,DEFAULT_ALLOW,ALLOW,DEFAULT_ALLOW,ALLOW,DEFAULT_ALLOW
TXN-86151e356e82,ALLOW,B0_BASELINE,ALLOW,B1_BASELINE,ALLOW,DEFAULT_ALLOW,ALLOW,DEFAULT_ALLOW,ALLOW,DEFAULT_ALLOW,ALLOW,DEFAULT_ALLOW
TXN-7045360e59ca,ALLOW,B0_BASELINE,ALLOW,B1_BASELINE,ALLOW,DEFAULT_ALLOW,ALLOW,DEFAULT_ALLOW,ALLOW,DEFAULT_ALLOW,ALLOW,DEFAULT_ALLOW
TXN-2d768f3f9635,ALLOW,B0_BASELINE,ALLOW,B1_BASELINE,ALLOW,DEFAULT_ALLOW,ALLOW,DEFAULT_ALLOW,ALLOW,DEFAULT_ALLOW,ALLOW,DEFAULT_ALLOW
TXN-cbe65e45ef65,ALLOW,B0_BASELINE,ALLOW,B1_BASELINE,ALLOW,DEFAULT_ALLOW,ALLOW,DEFAULT_ALLOW,ALLOW,DEFAULT_ALLOW,ALLOW,DEFAULT_ALLOW
TXN-2e7bb262ce0e,ALLOW,B0_BASELINE,ALLOW,B1_BASELINE,ALLOW,DEFAULT_ALLOW,ALLOW,DEFAULT_ALLOW,ALLOW,DEFAULT_ALLOW,ALLOW,DEFAULT_ALLOW
TXN-8673b8b25687,ALLOW,B0_BASELINE,ALLOW,B1_BASELINE,ALLOW,DEFAULT_ALLOW,ALLOW,DEFAULT_ALLOW,ALLOW,DEFAULT_ALLOW,ALLOW,DEFAULT_ALLOW
TXN-c2f04a0c4ec9,ALLOW,B0_BASELINE,ALLOW,B1_BASELINE,ALLOW,DEFAULT_ALLOW,ALLOW,DEFAULT_ALLOW,ALLOW,DEFAULT_ALLOW,ALLOW,DEFAULT_ALLOW
TXN-9aefe97ac565,ALLOW,B0_BASELINE,ALLOW,B1_BASELINE,ALLOW,DEFAULT_ALLOW,ALLOW,DEFAULT_ALLOW,ALLOW,DEFAULT_ALLOW,ALLOW,DEFAULT_ALLOW
TXN-f7f5b65a684b,ALLOW,B0_BASELINE,ALLOW,B1_BASELINE,ALLOW,DEFAULT_ALLOW,ALLOW,DEFAULT_ALLOW,ALLOW,DEFAULT_ALLOW,ALLOW,DEFAULT_ALLOW
TXN-b2ab95161725,ALLOW,B0_BASELINE,ALLOW,B1_BASELINE,ALLOW,DEFAULT_ALLOW,ALLOW,DEFAULT_ALLOW,ALLOW,DEFAULT_ALLOW,ALLOW,DEFAULT_ALLOW
TXN-173bca69c645,ALLOW,B0_BASELINE,ALLOW,B1_BASELINE,ALLOW,DEFAULT_ALLOW,ALLOW,DEFAULT_ALLOW,ALLOW,DEFAULT_ALLOW,ALLOW,DEFAULT_ALLOW
TXN-4c29fedd9e76,ALLOW,B0_BASELINE,ALLOW,B1_BASELINE,ALLOW,DEFAULT_ALLOW,ALLOW,DEFAULT_ALLOW,ALLOW,DEFAULT_ALLOW,ALLOW,DEFAULT_ALLOW
TXN-72b980e4b868,ALLOW,B0_BASELINE,ALLOW,B1_BASELINE,ALLOW,DEFAULT_ALLOW,ALLOW,DEFAULT_ALLOW,ALLOW,DEFAULT_ALLOW,ALLOW,DEFAULT_ALLOW
TXN-61f0df143b1c,ALLOW,B0_BASELINE,ALLOW,B1_BASELINE,ALLOW,DEFAULT_ALLOW,ALLOW,DEFAULT_ALLOW,ALLOW,DEFAULT_ALLOW,ALLOW,DEFAULT_ALLOW
TXN-6fb079d17eb5,ALLOW,B0_BASELINE,ALLOW,B1_BASELINE,ESCALATE,SAFETY_VELOCITY,ALLOW,DEFAULT_ALLOW,ESCALATE,SAFETY_VELOCITY,ESCALATE,SAFETY_VELOCITY
TXN-1efb64fe2ac8,ALLOW,B0_BASELINE,ALLOW,B1_BASELINE,ALLOW,DEFAULT_ALLOW,ALLOW,DEFAULT_ALLOW,ALLOW,DEFAULT_ALLOW,ALLOW,DEFAULT_ALLOW
TXN-e9072f1dd440,ALLOW,B0_BASELINE,HOLD,B1_RBI_RULE,HOLD,VAULT_FD_BROKEN,HOLD,VAULT_FD_BROKEN,HOLD,PAYMENT_NEW_INDIVIDUAL_LARGE,HOLD,VAULT_FD_BROKEN
TXN-c0a1d4c78481,ALLOW,B0_BASELINE,ALLOW,B1_BASELINE,ALLOW,DEFAULT_ALLOW,ALLOW,DEFAULT_ALLOW,ALLOW,DEFAULT_ALLOW,ALLOW,DEFAULT_ALLOW
TXN-46e606f0ca0d,ALLOW,B0_BASELINE,ALLOW,B1_BASELINE,ALLOW,DEFAULT_ALLOW,ALLOW,DEFAULT_ALLOW,ALLOW,DEFAULT_ALLOW,ALLOW,DEFAULT_ALLOW
TXN-e4456c4b76cf,ALLOW,B0_BASELINE,HOLD,B1_RBI_RULE,HOLD,VAULT_RELEASE,HOLD,VAULT_RELEASE,ALLOW,DEFAULT_ALLOW,HOLD,VAULT_RELEASE
TXN-f087e59c47b7,ALLOW,B0_BASELINE,ALLOW,B1_BASELINE,ALLOW,DEFAULT_ALLOW,ALLOW,DEFAULT_ALLOW,ALLOW,DEFAULT_ALLOW,ALLOW,DEFAULT_ALLOW
TXN-c781dfb45cc2,ALLOW,B0_BASELINE,ALLOW,B1_BASELINE,ALLOW,DEFAULT_ALLOW,ALLOW,DEFAULT_ALLOW,ALLOW,DEFAULT_ALLOW,ALLOW,DEFAULT_ALLOW
TXN-ef62c26f3dbc,ALLOW,B0_BASELINE,ALLOW,B1_BASELINE,ALLOW,DEFAULT_ALLOW,ALLOW,DEFAULT_ALLOW,ALLOW,DEFAULT_ALLOW,ALLOW,DEFAULT_ALLOW
TXN-f1439ec3668e,ALLOW,B0_BASELINE,ALLOW,B1_BASELINE,ALLOW,DEFAULT_ALLOW,ALLOW,DEFAULT_ALLOW,ALLOW,DEFAULT_ALLOW,ALLOW,DEFAULT_ALLOW
TXN-78fcd3674b56,ALLOW,B0_BASELINE,ALLOW,B1_BASELINE,ALLOW,DEFAULT_ALLOW,ALLOW,DEFAULT_ALLOW,ALLOW,DEFAULT_ALLOW,ALLOW,DEFAULT_ALLOW
TXN-5977d99189e8,ALLOW,B0_BASELINE,ALLOW,B1_BASELINE,ALLOW,DEFAULT_ALLOW,ALLOW,DEFAULT_ALLOW,ALLOW,DEFAULT_ALLOW,ALLOW,DEFAULT_ALLOW
TXN-01c65036357f,ALLOW,B0_BASELINE,ALLOW,B1_BASELINE,ALLOW,DEFAULT_ALLOW,ALLOW,DEFAULT_ALLOW,ALLOW,DEFAULT_ALLOW,ALLOW,DEFAULT_ALLOW
TXN-f4394a0408e6,ALLOW,B0_BASELINE,ALLOW,B1_BASELINE,ALLOW,DEFAULT_ALLOW,ALLOW,DEFAULT_ALLOW,ALLOW,DEFAULT_ALLOW,ALLOW,DEFAULT_ALLOW
TXN-2d91c86decc7,ALLOW,B0_BASELINE,ALLOW,B1_BASELINE,ALLOW,DEFAULT_ALLOW,ALLOW,DEFAULT_ALLOW,ALLOW,DEFAULT_ALLOW,ALLOW,DEFAULT_ALLOW
TXN-e8835cf528ad,ALLOW,B0_BASELINE,ALLOW,B1_BASELINE,ALLOW,DEFAULT_ALLOW,ALLOW,DEFAULT_ALLOW,ALLOW,DEFAULT_ALLOW,ALLOW,DEFAULT_ALLOW
TXN-5a8e57360cd8,ALLOW,B0_BASELINE,ALLOW,B1_BASELINE,ALLOW,DEFAULT_ALLOW,ALLOW,DEFAULT_ALLOW,ALLOW,DEFAULT_ALLOW,ALLOW,DEFAULT_ALLOW
TXN-b06ef66bcf9c,ALLOW,B0_BASELINE,ALLOW,B1_BASELINE,ALLOW,DEFAULT_ALLOW,ALLOW,DEFAULT_ALLOW,ALLOW,DEFAULT_ALLOW,ALLOW,DEFAULT_ALLOW
TXN-d1d8c9caae8b,ALLOW,B0_BASELINE,ALLOW,B1_BASELINE,ALLOW,DEFAULT_ALLOW,ALLOW,DEFAULT_ALLOW,ALLOW,DEFAULT_ALLOW,ALLOW,DEFAULT_ALLOW
TXN-94194ff6a96b,ALLOW,B0_BASELINE,ALLOW,B1_BASELINE,ALLOW,DEFAULT_ALLOW,ALLOW,DEFAULT_ALLOW,ALLOW,DEFAULT_ALLOW,ALLOW,DEFAULT_ALLOW
TXN-4a6600546001,ALLOW,B0_BASELINE,ALLOW,B1_BASELINE,ALLOW,DEFAULT_ALLOW,ALLOW,DEFAULT_ALLOW,ALLOW,DEFAULT_ALLOW,ALLOW,DEFAULT_ALLOW
TXN-8668d9013ec8,ALLOW,B0_BASELINE,HOLD,B1_RBI_RULE,ALLOW,DEFAULT_ALLOW,ALLOW,DEFAULT_ALLOW,ALLOW,DEFAULT_ALLOW,ALLOW,DEFAULT_ALLOW
TXN-afd88e8dd416,ALLOW,B0_BASELINE,ALLOW,B1_BASELINE,ALLOW,DEFAULT_ALLOW,ALLOW,DEFAULT_ALLOW,ALLOW,DEFAULT_ALLOW,ALLOW,DEFAULT_ALLOW
TXN-a4f6175e9c47,ALLOW,B0_BASELINE,ALLOW,B1_BASELINE,ALLOW,DEFAULT_ALLOW,ALLOW,DEFAULT_ALLOW,ALLOW,DEFAULT_ALLOW,ALLOW,DEFAULT_ALLOW
TXN-42a205c463c8,ALLOW,B0_BASELINE,ALLOW,B1_BASELINE,ALLOW,DEFAULT_ALLOW,ALLOW,DEFAULT_ALLOW,ALLOW,DEFAULT_ALLOW,ALLOW,DEFAULT_ALLOW
TXN-a2c77a5c92f4,ALLOW,B0_BASELINE,ALLOW,B1_BASELINE,ALLOW,DEFAULT_ALLOW,ALLOW,DEFAULT_ALLOW,ALLOW,DEFAULT_ALLOW,ALLOW,DEFAULT_ALLOW
TXN-6ccee5d967ad,ALLOW,B0_BASELINE,ALLOW,B1_BASELINE,ALLOW,DEFAULT_ALLOW,ALLOW,DEFAULT_ALLOW,ALLOW,DEFAULT_ALLOW,ALLOW,DEFAULT_ALLOW
TXN-f73521d251c5,ALLOW,B0_BASELINE,HOLD,B1_RBI_RULE,ALLOW,DEFAULT_ALLOW,ALLOW,DEFAULT_ALLOW,ALLOW,DEFAULT_ALLOW,ALLOW,DEFAULT_ALLOW
TXN-263c3c9d7369,ALLOW,B0_BASELINE,ALLOW,B1_BASELINE,ALLOW,DEFAULT_ALLOW,ALLOW,DEFAULT_ALLOW,ALLOW,DEFAULT_ALLOW,ALLOW,DEFAULT_ALLOW
TXN-734d60497389,ALLOW,B0_BASELINE,ALLOW,B1_BASELINE,ALLOW,DEFAULT_ALLOW,ALLOW,DEFAULT_ALLOW,ALLOW,DEFAULT_ALLOW,ALLOW,DEFAULT_ALLOW
TXN-d8d77ec34daa,ALLOW,B0_BASELINE,ALLOW,B1_BASELINE,ALLOW,DEFAULT_ALLOW,ALLOW,DEFAULT_ALLOW,ALLOW,DEFAULT_ALLOW,ALLOW,DEFAULT_ALLOW
TXN-7960d97ef168,ALLOW,B0_BASELINE,ALLOW,B1_BASELINE,ALLOW,DEFAULT_ALLOW,ALLOW,DEFAULT_ALLOW,ALLOW,DEFAULT_ALLOW,ALLOW,DEFAULT_ALLOW
TXN-9b1f1b0fc65e,ALLOW,B0_BASELINE,ALLOW,B1_BASELINE,ALLOW,DEFAULT_ALLOW,ALLOW,DEFAULT_ALLOW,ALLOW,DEFAULT_ALLOW,ALLOW,DEFAULT_ALLOW
TXN-cd79e9cf27c3,ALLOW,B0_BASELINE,ALLOW,B1_BASELINE,ALLOW,DEFAULT_ALLOW,ALLOW,DEFAULT_ALLOW,ALLOW,DEFAULT_ALLOW,ALLOW,DEFAULT_ALLOW
TXN-0e27be6097f5,ALLOW,B0_BASELINE,ALLOW,B1_BASELINE,ALLOW,DEFAULT_ALLOW,ALLOW,DEFAULT_ALLOW,ALLOW,DEFAULT_ALLOW,ALLOW,DEFAULT_ALLOW
TXN-c140701b859c,ALLOW,B0_BASELINE,ALLOW,B1_BASELINE,ALLOW,DEFAULT_ALLOW,ALLOW,DEFAULT_ALLOW,ALLOW,DEFAULT_ALLOW,ALLOW,DEFAULT_ALLOW
TXN-02d56ba4dafd,ALLOW,B0_BASELINE,ALLOW,B1_BASELINE,ALLOW,DEFAULT_ALLOW,ALLOW,DEFAULT_ALLOW,ALLOW,DEFAULT_ALLOW,ALLOW,DEFAULT_ALLOW
TXN-7411a116b5a2,ALLOW,B0_BASELINE,ALLOW,B1_BASELINE,ALLOW,DEFAULT_ALLOW,ALLOW,DEFAULT_ALLOW,ALLOW,DEFAULT_ALLOW,ALLOW,DEFAULT_ALLOW
TXN-aa0a75e970bb,ALLOW,B0_BASELINE,ALLOW,B1_BASELINE,ALLOW,DEFAULT_ALLOW,ALLOW,DEFAULT_ALLOW,ALLOW,DEFAULT_ALLOW,ALLOW,DEFAULT_ALLOW
TXN-ea03defbac61,ALLOW,B0_BASELINE,ALLOW,B1_BASELINE,ALLOW,DEFAULT_ALLOW,ALLOW,DEFAULT_ALLOW,ALLOW,DEFAULT_ALLOW,ALLOW,DEFAULT_ALLOW
TXN-0224c592d82a,ALLOW,B0_BASELINE,ALLOW,B1_BASELINE,ALLOW,DEFAULT_ALLOW,ALLOW,DEFAULT_ALLOW,ALLOW,DEFAULT_ALLOW,ALLOW,DEFAULT_ALLOW
TXN-7b9f5aebb893,ALLOW,B0_BASELINE,ALLOW,B1_BASELINE,ALLOW,DEFAULT_ALLOW,ALLOW,DEFAULT_ALLOW,ALLOW,DEFAULT_ALLOW,ALLOW,DEFAULT_ALLOW
TXN-d0e5d70e3a60,ALLOW,B0_BASELINE,ALLOW,B1_BASELINE,ALLOW,DEFAULT_ALLOW,ALLOW,DEFAULT_ALLOW,ALLOW,DEFAULT_ALLOW,ALLOW,DEFAULT_ALLOW
TXN-d0bc5da92fea,ALLOW,B0_BASELINE,ALLOW,B1_BASELINE,ALLOW,DEFAULT_ALLOW,ALLOW,DEFAULT_ALLOW,ALLOW,DEFAULT_ALLOW,ALLOW,DEFAULT_ALLOW
TXN-e720a3f1653b,ALLOW,B0_BASELINE,ALLOW,B1_BASELINE,ALLOW,DEFAULT_ALLOW,ALLOW,DEFAULT_ALLOW,ALLOW,DEFAULT_ALLOW,ALLOW,DEFAULT_ALLOW
TXN-90299f6f700d,ALLOW,B0_BASELINE,ALLOW,B1_BASELINE,ALLOW,DEFAULT_ALLOW,ALLOW,DEFAULT_ALLOW,ALLOW,DEFAULT_ALLOW,ALLOW,DEFAULT_ALLOW
TXN-e58af13c407e,ALLOW,B0_BASELINE,ALLOW,B1_BASELINE,ALLOW,DEFAULT_ALLOW,ALLOW,DEFAULT_ALLOW,ALLOW,DEFAULT_ALLOW,ALLOW,DEFAULT_ALLOW
TXN-92796410b7a3,ALLOW,B0_BASELINE,ALLOW,B1_BASELINE,ALLOW,DEFAULT_ALLOW,ALLOW,DEFAULT_ALLOW,ALLOW,DEFAULT_ALLOW,ALLOW,DEFAULT_ALLOW
TXN-f358868d0375,ALLOW,B0_BASELINE,ALLOW,B1_BASELINE,ALLOW,DEFAULT_ALLOW,ALLOW,DEFAULT_ALLOW,ALLOW,DEFAULT_ALLOW,ALLOW,DEFAULT_ALLOW
TXN-a7e4dd256517,ALLOW,B0_BASELINE,ALLOW,B1_BASELINE,ALLOW,DEFAULT_ALLOW,ALLOW,DEFAULT_ALLOW,ALLOW,DEFAULT_ALLOW,ALLOW,DEFAULT_ALLOW
TXN-5e761be17d2a,ALLOW,B0_BASELINE,ALLOW,B1_BASELINE,ALLOW,DEFAULT_ALLOW,ALLOW,DEFAULT_ALLOW,ALLOW,DEFAULT_ALLOW,ALLOW,DEFAULT_ALLOW
TXN-a244da4052f2,ALLOW,B0_BASELINE,ALLOW,B1_BASELINE,ALLOW,DEFAULT_ALLOW,ALLOW,DEFAULT_ALLOW,ALLOW,DEFAULT_ALLOW,ALLOW,DEFAULT_ALLOW
TXN-947d7d84ff55,ALLOW,B0_BASELINE,ALLOW,B1_BASELINE,ALLOW,DEFAULT_ALLOW,ALLOW,DEFAULT_ALLOW,ALLOW,DEFAULT_ALLOW,ALLOW,DEFAULT_ALLOW
TXN-8f29fb51cb22,ALLOW,B0_BASELINE,ALLOW,B1_BASELINE,ALLOW,DEFAULT_ALLOW,ALLOW,DEFAULT_ALLOW,ALLOW,DEFAULT_ALLOW,ALLOW,DEFAULT_ALLOW
TXN-6351f439ad98,ALLOW,B0_BASELINE,ALLOW,B1_BASELINE,ALLOW,DEFAULT_ALLOW,ALLOW,DEFAULT_ALLOW,ALLOW,DEFAULT_ALLOW,ALLOW,DEFAULT_ALLOW
TXN-3a7d653ca15b,ALLOW,B0_BASELINE,ALLOW,B1_BASELINE,ALLOW,DEFAULT_ALLOW,ALLOW,DEFAULT_ALLOW,ALLOW,DEFAULT_ALLOW,ALLOW,DEFAULT_ALLOW
TXN-12529fbdb756,ALLOW,B0_BASELINE,ALLOW,B1_BASELINE,ALLOW,DEFAULT_ALLOW,ALLOW,DEFAULT_ALLOW,ALLOW,DEFAULT_ALLOW,ALLOW,DEFAULT_ALLOW
TXN-d240f60d0da6,ALLOW,B0_BASELINE,ALLOW,B1_BASELINE,ALLOW,DEFAULT_ALLOW,ALLOW,DEFAULT_ALLOW,ALLOW,DEFAULT_ALLOW,ALLOW,DEFAULT_ALLOW
TXN-3d86b2c1de51,ALLOW,B0_BASELINE,ALLOW,B1_BASELINE,ALLOW,DEFAULT_ALLOW,ALLOW,DEFAULT_ALLOW,ALLOW,DEFAULT_ALLOW,ALLOW,DEFAULT_ALLOW
TXN-ca9978211730,ALLOW,B0_BASELINE,ALLOW,B1_BASELINE,ALLOW,DEFAULT_ALLOW,ALLOW,DEFAULT_ALLOW,ALLOW,DEFAULT_ALLOW,ALLOW,DEFAULT_ALLOW
TXN-0f05092d4a0d,ALLOW,B0_BASELINE,ALLOW,B1_BASELINE,ALLOW,DEFAULT_ALLOW,ALLOW,DEFAULT_ALLOW,ALLOW,DEFAULT_ALLOW,ALLOW,DEFAULT_ALLOW
TXN-6db06c1ea518,ALLOW,B0_BASELINE,ALLOW,B1_BASELINE,ALLOW,DEFAULT_ALLOW,ALLOW,DEFAULT_ALLOW,ALLOW,DEFAULT_ALLOW,ALLOW,DEFAULT_ALLOW
TXN-d0358d34f7af,ALLOW,B0_BASELINE,ALLOW,B1_BASELINE,ALLOW,DEFAULT_ALLOW,ALLOW,DEFAULT_ALLOW,ALLOW,DEFAULT_ALLOW,ALLOW,DEFAULT_ALLOW
TXN-e7056de5b0d3,ALLOW,B0_BASELINE,ALLOW,B1_BASELINE,ALLOW,DEFAULT_ALLOW,ALLOW,DEFAULT_ALLOW,ALLOW,DEFAULT_ALLOW,ALLOW,DEFAULT_ALLOW
TXN-4644bb97fcfe,ALLOW,B0_BASELINE,ALLOW,B1_BASELINE,ALLOW,DEFAULT_ALLOW,ALLOW,DEFAULT_ALLOW,ALLOW,DEFAULT_ALLOW,ALLOW,DEFAULT_ALLOW
TXN-eca895261ed7,ALLOW,B0_BASELINE,ALLOW,B1_BASELINE,ALLOW,DEFAULT_ALLOW,ALLOW,DEFAULT_ALLOW,ALLOW,DEFAULT_ALLOW,ALLOW,DEFAULT_ALLOW
TXN-f4fa5e07ffab,ALLOW,B0_BASELINE,HOLD,B1_RBI_RULE,HOLD,VAULT_RELEASE,HOLD,VAULT_RELEASE,ALLOW,DEFAULT_ALLOW,HOLD,VAULT_RELEASE
TXN-a52a30fa2951,ALLOW,B0_BASELINE,ALLOW,B1_BASELINE,ALLOW,DEFAULT_ALLOW,ALLOW,DEFAULT_ALLOW,ALLOW,DEFAULT_ALLOW,ALLOW,DEFAULT_ALLOW
TXN-a30e16fb5438,ALLOW,B0_BASELINE,ALLOW,B1_BASELINE,ALLOW,DEFAULT_ALLOW,ALLOW,DEFAULT_ALLOW,ALLOW,DEFAULT_ALLOW,ALLOW,DEFAULT_ALLOW
TXN-9e3f1877b1da,ALLOW,B0_BASELINE,ALLOW,B1_BASELINE,ALLOW,DEFAULT_ALLOW,ALLOW,DEFAULT_ALLOW,ALLOW,DEFAULT_ALLOW,ALLOW,DEFAULT_ALLOW
TXN-417e3a573950,ALLOW,B0_BASELINE,HOLD,B1_RBI_RULE,ALLOW,DEFAULT_ALLOW,ALLOW,DEFAULT_ALLOW,ALLOW,DEFAULT_ALLOW,ALLOW,DEFAULT_ALLOW
TXN-9cd921fce7f9,ALLOW,B0_BASELINE,ALLOW,B1_BASELINE,ALLOW,DEFAULT_ALLOW,ALLOW,DEFAULT_ALLOW,ALLOW,DEFAULT_ALLOW,ALLOW,DEFAULT_ALLOW
TXN-8329b59e7bbf,ALLOW,B0_BASELINE,ALLOW,B1_BASELINE,ALLOW,DEFAULT_ALLOW,ALLOW,DEFAULT_ALLOW,ALLOW,DEFAULT_ALLOW,ALLOW,DEFAULT_ALLOW
TXN-56904710c062,ALLOW,B0_BASELINE,ALLOW,B1_BASELINE,ALLOW,DEFAULT_ALLOW,ALLOW,DEFAULT_ALLOW,ALLOW,DEFAULT_ALLOW,ALLOW,DEFAULT_ALLOW
TXN-b4d49dd41662,ALLOW,B0_BASELINE,ALLOW,B1_BASELINE,ALLOW,DEFAULT_ALLOW,ALLOW,DEFAULT_ALLOW,ALLOW,DEFAULT_ALLOW,ALLOW,DEFAULT_ALLOW
TXN-a98329161ce0,ALLOW,B0_BASELINE,ALLOW,B1_BASELINE,ALLOW,DEFAULT_ALLOW,ALLOW,DEFAULT_ALLOW,ALLOW,DEFAULT_ALLOW,ALLOW,DEFAULT_ALLOW
TXN-9c3cbe61ce0a,ALLOW,B0_BASELINE,HOLD,B1_RBI_RULE,HOLD,VAULT_RELEASE,HOLD,VAULT_RELEASE,ALLOW,DEFAULT_ALLOW,HOLD,VAULT_RELEASE
TXN-e9e7060e99b6,ALLOW,B0_BASELINE,ALLOW,B1_BASELINE,ALLOW,DEFAULT_ALLOW,ALLOW,DEFAULT_ALLOW,ALLOW,DEFAULT_ALLOW,ALLOW,DEFAULT_ALLOW
TXN-7252a0e4b2fd,ALLOW,B0_BASELINE,ALLOW,B1_BASELINE,ALLOW,DEFAULT_ALLOW,ALLOW,DEFAULT_ALLOW,ALLOW,DEFAULT_ALLOW,ALLOW,DEFAULT_ALLOW
TXN-7eca0817237f,ALLOW,B0_BASELINE,ALLOW,B1_BASELINE,ALLOW,DEFAULT_ALLOW,ALLOW,DEFAULT_ALLOW,ALLOW,DEFAULT_ALLOW,ALLOW,DEFAULT_ALLOW
TXN-c315d4d84b82,ALLOW,B0_BASELINE,ALLOW,B1_BASELINE,ALLOW,DEFAULT_ALLOW,ALLOW,DEFAULT_ALLOW,ALLOW,DEFAULT_ALLOW,ALLOW,DEFAULT_ALLOW
TXN-4d4bd9bbffa8,ALLOW,B0_BASELINE,ALLOW,B1_BASELINE,ALLOW,DEFAULT_ALLOW,ALLOW,DEFAULT_ALLOW,ALLOW,DEFAULT_ALLOW,ALLOW,DEFAULT_ALLOW
TXN-743c5f500341,ALLOW,B0_BASELINE,ALLOW,B1_BASELINE,ALLOW,DEFAULT_ALLOW,ALLOW,DEFAULT_ALLOW,ALLOW,DEFAULT_ALLOW,ALLOW,DEFAULT_ALLOW
TXN-a4ac95c05307,ALLOW,B0_BASELINE,ALLOW,B1_BASELINE,ALLOW,DEFAULT_ALLOW,ALLOW,DEFAULT_ALLOW,ALLOW,DEFAULT_ALLOW,ALLOW,DEFAULT_ALLOW
TXN-e63b7cfca5da,ALLOW,B0_BASELINE,ALLOW,B1_BASELINE,ALLOW,DEFAULT_ALLOW,ALLOW,DEFAULT_ALLOW,ALLOW,DEFAULT_ALLOW,ALLOW,DEFAULT_ALLOW
TXN-0df67d086f2c,ALLOW,B0_BASELINE,ALLOW,B1_BASELINE,ALLOW,DEFAULT_ALLOW,ALLOW,DEFAULT_ALLOW,ALLOW,DEFAULT_ALLOW,ALLOW,DEFAULT_ALLOW
TXN-487a9dd4dc1b,ALLOW,B0_BASELINE,ALLOW,B1_BASELINE,ALLOW,DEFAULT_ALLOW,ALLOW,DEFAULT_ALLOW,ALLOW,DEFAULT_ALLOW,ALLOW,DEFAULT_ALLOW
TXN-0bf38a39685a,ALLOW,B0_BASELINE,ALLOW,B1_BASELINE,ALLOW,DEFAULT_ALLOW,ALLOW,DEFAULT_ALLOW,ALLOW,DEFAULT_ALLOW,ALLOW,DEFAULT_ALLOW
TXN-e12d39e9b9f2,ALLOW,B0_BASELINE,ALLOW,B1_BASELINE,ALLOW,DEFAULT_ALLOW,ALLOW,DEFAULT_ALLOW,ALLOW,DEFAULT_ALLOW,ALLOW,DEFAULT_ALLOW
TXN-1fdf7de2468e,ALLOW,B0_BASELINE,ALLOW,B1_BASELINE,ALLOW,DEFAULT_ALLOW,ALLOW,DEFAULT_ALLOW,ALLOW,DEFAULT_ALLOW,ALLOW,DEFAULT_ALLOW
TXN-dd3e9899bcbd,ALLOW,B0_BASELINE,ALLOW,B1_BASELINE,ALLOW,DEFAULT_ALLOW,ALLOW,DEFAULT_ALLOW,ALLOW,DEFAULT_ALLOW,ALLOW,DEFAULT_ALLOW
TXN-72e8235d0800,ALLOW,B0_BASELINE,ALLOW,B1_BASELINE,ALLOW,DEFAULT_ALLOW,ALLOW,DEFAULT_ALLOW,ALLOW,DEFAULT_ALLOW,ALLOW,DEFAULT_ALLOW
TXN-9ca60fbfdcd2,ALLOW,B0_BASELINE,ALLOW,B1_BASELINE,ALLOW,DEFAULT_ALLOW,ALLOW,DEFAULT_ALLOW,ALLOW,DEFAULT_ALLOW,ALLOW,DEFAULT_ALLOW
TXN-91a0c9e917fe,ALLOW,B0_BASELINE,ALLOW,B1_BASELINE,ALLOW,DEFAULT_ALLOW,ALLOW,DEFAULT_ALLOW,ALLOW,DEFAULT_ALLOW,ALLOW,DEFAULT_ALLOW
TXN-7f220923d131,ALLOW,B0_BASELINE,ALLOW,B1_BASELINE,ALLOW,DEFAULT_ALLOW,ALLOW,DEFAULT_ALLOW,ALLOW,DEFAULT_ALLOW,ALLOW,DEFAULT_ALLOW
TXN-369632380b55,ALLOW,B0_BASELINE,ALLOW,B1_BASELINE,ALLOW,DEFAULT_ALLOW,ALLOW,DEFAULT_ALLOW,ALLOW,DEFAULT_ALLOW,ALLOW,DEFAULT_ALLOW
TXN-e6a3f8e1b3cd,ALLOW,B0_BASELINE,ALLOW,B1_BASELINE,ALLOW,DEFAULT_ALLOW,ALLOW,DEFAULT_ALLOW,ALLOW,DEFAULT_ALLOW,ALLOW,DEFAULT_ALLOW
TXN-0c38d5ff8502,ALLOW,B0_BASELINE,ALLOW,B1_BASELINE,ALLOW,DEFAULT_ALLOW,ALLOW,DEFAULT_ALLOW,ALLOW,DEFAULT_ALLOW,ALLOW,DEFAULT_ALLOW
TXN-e661abbc139a,ALLOW,B0_BASELINE,ALLOW,B1_BASELINE,ALLOW,DEFAULT_ALLOW,ALLOW,DEFAULT_ALLOW,ALLOW,DEFAULT_ALLOW,ALLOW,DEFAULT_ALLOW
TXN-1ecc6c40ebd8,ALLOW,B0_BASELINE,ALLOW,B1_BASELINE,ALLOW,DEFAULT_ALLOW,ALLOW,DEFAULT_ALLOW,ALLOW,DEFAULT_ALLOW,ALLOW,DEFAULT_ALLOW
TXN-2256685d223e,ALLOW,B0_BASELINE,ALLOW,B1_BASELINE,ALLOW,DEFAULT_ALLOW,ALLOW,DEFAULT_ALLOW,ALLOW,DEFAULT_ALLOW,ALLOW,DEFAULT_ALLOW
TXN-0440aa663e75,ALLOW,B0_BASELINE,ALLOW,B1_BASELINE,ALLOW,DEFAULT_ALLOW,ALLOW,DEFAULT_ALLOW,ALLOW,DEFAULT_ALLOW,ALLOW,DEFAULT_ALLOW
TXN-49b22ae86eea,ALLOW,B0_BASELINE,ALLOW,B1_BASELINE,ALLOW,DEFAULT_ALLOW,ALLOW,DEFAULT_ALLOW,ALLOW,DEFAULT_ALLOW,ALLOW,DEFAULT_ALLOW
TXN-5cf44de73a3f,ALLOW,B0_BASELINE,ALLOW,B1_BASELINE,ALLOW,DEFAULT_ALLOW,ALLOW,DEFAULT_ALLOW,ALLOW,DEFAULT_ALLOW,ALLOW,DEFAULT_ALLOW
TXN-e830c8fc8695,ALLOW,B0_BASELINE,ALLOW,B1_BASELINE,ALLOW,DEFAULT_ALLOW,ALLOW,DEFAULT_ALLOW,ALLOW,DEFAULT_ALLOW,ALLOW,DEFAULT_ALLOW
TXN-45b9e8cb23fe,ALLOW,B0_BASELINE,ALLOW,B1_BASELINE,ALLOW,DEFAULT_ALLOW,ALLOW,DEFAULT_ALLOW,ALLOW,DEFAULT_ALLOW,ALLOW,DEFAULT_ALLOW
TXN-76d2de9da51e,ALLOW,B0_BASELINE,ALLOW,B1_BASELINE,ALLOW,DEFAULT_ALLOW,ALLOW,DEFAULT_ALLOW,ALLOW,DEFAULT_ALLOW,ALLOW,DEFAULT_ALLOW
TXN-221d82aca0b7,ALLOW,B0_BASELINE,ALLOW,B1_BASELINE,ALLOW,DEFAULT_ALLOW,ALLOW,DEFAULT_ALLOW,ALLOW,DEFAULT_ALLOW,ALLOW,DEFAULT_ALLOW
TXN-4e4884b714a8,ALLOW,B0_BASELINE,ALLOW,B1_BASELINE,ALLOW,DEFAULT_ALLOW,ALLOW,DEFAULT_ALLOW,ALLOW,DEFAULT_ALLOW,ALLOW,DEFAULT_ALLOW
TXN-6b94b3cfe129,ALLOW,B0_BASELINE,ALLOW,B1_BASELINE,ALLOW,DEFAULT_ALLOW,ALLOW,DEFAULT_ALLOW,ALLOW,DEFAULT_ALLOW,ALLOW,DEFAULT_ALLOW
TXN-fb520caa08e5,ALLOW,B0_BASELINE,ALLOW,B1_BASELINE,ALLOW,DEFAULT_ALLOW,ALLOW,DEFAULT_ALLOW,ALLOW,DEFAULT_ALLOW,ALLOW,DEFAULT_ALLOW
TXN-bbc26b3d86df,ALLOW,B0_BASELINE,ALLOW,B1_BASELINE,ALLOW,DEFAULT_ALLOW,ALLOW,DEFAULT_ALLOW,ALLOW,DEFAULT_ALLOW,ALLOW,DEFAULT_ALLOW
TXN-c6f28c4edbae,ALLOW,B0_BASELINE,ALLOW,B1_BASELINE,ALLOW,DEFAULT_ALLOW,ALLOW,DEFAULT_ALLOW,ALLOW,DEFAULT_ALLOW,ALLOW,DEFAULT_ALLOW
TXN-ce7d9148d6eb,ALLOW,B0_BASELINE,HOLD,B1_RBI_RULE,HOLD,VAULT_FD_BROKEN,HOLD,VAULT_FD_BROKEN,ALLOW,DEFAULT_ALLOW,HOLD,VAULT_FD_BROKEN
TXN-e82c663cb817,ALLOW,B0_BASELINE,ALLOW,B1_BASELINE,ALLOW,DEFAULT_ALLOW,ALLOW,DEFAULT_ALLOW,ALLOW,DEFAULT_ALLOW,ALLOW,DEFAULT_ALLOW
TXN-fb7b6c0fe480,ALLOW,B0_BASELINE,ALLOW,B1_BASELINE,ESCALATE,SAFETY_VELOCITY,ALLOW,DEFAULT_ALLOW,ESCALATE,SAFETY_VELOCITY,ESCALATE,SAFETY_VELOCITY
TXN-f17c3c44893e,ALLOW,B0_BASELINE,ALLOW,B1_BASELINE,ALLOW,DEFAULT_ALLOW,ALLOW,DEFAULT_ALLOW,ALLOW,DEFAULT_ALLOW,ALLOW,DEFAULT_ALLOW
TXN-f4ad1018b839,ALLOW,B0_BASELINE,ALLOW,B1_BASELINE,ALLOW,DEFAULT_ALLOW,ALLOW,DEFAULT_ALLOW,ALLOW,DEFAULT_ALLOW,ALLOW,DEFAULT_ALLOW
TXN-7dbf535f29e6,ALLOW,B0_BASELINE,ALLOW,B1_BASELINE,ALLOW,DEFAULT_ALLOW,ALLOW,DEFAULT_ALLOW,ALLOW,DEFAULT_ALLOW,ALLOW,DEFAULT_ALLOW
TXN-ca226061087d,ALLOW,B0_BASELINE,ALLOW,B1_BASELINE,ALLOW,DEFAULT_ALLOW,ALLOW,DEFAULT_ALLOW,ALLOW,DEFAULT_ALLOW,ALLOW,DEFAULT_ALLOW
TXN-60f9fddb78cd,ALLOW,B0_BASELINE,ALLOW,B1_BASELINE,ALLOW,DEFAULT_ALLOW,ALLOW,DEFAULT_ALLOW,ALLOW,DEFAULT_ALLOW,ALLOW,DEFAULT_ALLOW
TXN-d27b019e0c83,ALLOW,B0_BASELINE,ALLOW,B1_BASELINE,ALLOW,DEFAULT_ALLOW,ALLOW,DEFAULT_ALLOW,ALLOW,DEFAULT_ALLOW,ALLOW,DEFAULT_ALLOW
TXN-e1c63e5911f2,ALLOW,B0_BASELINE,ALLOW,B1_BASELINE,ALLOW,DEFAULT_ALLOW,ALLOW,DEFAULT_ALLOW,ALLOW,DEFAULT_ALLOW,ALLOW,DEFAULT_ALLOW
TXN-3bf0e7aa1cfd,ALLOW,B0_BASELINE,HOLD,B1_RBI_RULE,ALLOW,DEFAULT_ALLOW,ALLOW,DEFAULT_ALLOW,ALLOW,DEFAULT_ALLOW,ALLOW,DEFAULT_ALLOW
TXN-d2caacbb1324,ALLOW,B0_BASELINE,ALLOW,B1_BASELINE,ALLOW,DEFAULT_ALLOW,ALLOW,DEFAULT_ALLOW,ALLOW,DEFAULT_ALLOW,ALLOW,DEFAULT_ALLOW
TXN-92e1986cc857,ALLOW,B0_BASELINE,ALLOW,B1_BASELINE,ALLOW,DEFAULT_ALLOW,ALLOW,DEFAULT_ALLOW,ALLOW,DEFAULT_ALLOW,ALLOW,DEFAULT_ALLOW
TXN-66682ba52d35,ALLOW,B0_BASELINE,ALLOW,B1_BASELINE,ALLOW,DEFAULT_ALLOW,ALLOW,DEFAULT_ALLOW,ALLOW,DEFAULT_ALLOW,ALLOW,DEFAULT_ALLOW
TXN-2339cd88168f,ALLOW,B0_BASELINE,ALLOW,B1_BASELINE,ALLOW,DEFAULT_ALLOW,ALLOW,DEFAULT_ALLOW,ALLOW,DEFAULT_ALLOW,ALLOW,DEFAULT_ALLOW
TXN-777781abe5ed,ALLOW,B0_BASELINE,ALLOW,B1_BASELINE,ALLOW,DEFAULT_ALLOW,ALLOW,DEFAULT_ALLOW,ALLOW,DEFAULT_ALLOW,ALLOW,DEFAULT_ALLOW
TXN-72bad58dfc82,ALLOW,B0_BASELINE,ALLOW,B1_BASELINE,ALLOW,DEFAULT_ALLOW,ALLOW,DEFAULT_ALLOW,ALLOW,DEFAULT_ALLOW,ALLOW,DEFAULT_ALLOW
TXN-df7159eed476,ALLOW,B0_BASELINE,ALLOW,B1_BASELINE,ALLOW,DEFAULT_ALLOW,ALLOW,DEFAULT_ALLOW,ALLOW,DEFAULT_ALLOW,ALLOW,DEFAULT_ALLOW
TXN-144704714a9f,ALLOW,B0_BASELINE,ALLOW,B1_BASELINE,ALLOW,DEFAULT_ALLOW,ALLOW,DEFAULT_ALLOW,ALLOW,DEFAULT_ALLOW,ALLOW,DEFAULT_ALLOW
TXN-d8bd83cb6077,ALLOW,B0_BASELINE,ALLOW,B1_BASELINE,ALLOW,DEFAULT_ALLOW,ALLOW,DEFAULT_ALLOW,ALLOW,DEFAULT_ALLOW,ALLOW,DEFAULT_ALLOW
TXN-03f7c7e7fbc5,ALLOW,B0_BASELINE,ALLOW,B1_BASELINE,ALLOW,DEFAULT_ALLOW,ALLOW,DEFAULT_ALLOW,ALLOW,DEFAULT_ALLOW,ALLOW,DEFAULT_ALLOW
TXN-c6e9216ab405,ALLOW,B0_BASELINE,ALLOW,B1_BASELINE,ALLOW,DEFAULT_ALLOW,ALLOW,DEFAULT_ALLOW,ALLOW,DEFAULT_ALLOW,ALLOW,DEFAULT_ALLOW
TXN-afbb7afcfe4e,ALLOW,B0_BASELINE,ALLOW,B1_BASELINE,ALLOW,DEFAULT_ALLOW,ALLOW,DEFAULT_ALLOW,ALLOW,DEFAULT_ALLOW,ALLOW,DEFAULT_ALLOW
TXN-26b98a9ebb3e,ALLOW,B0_BASELINE,ALLOW,B1_BASELINE,ALLOW,DEFAULT_ALLOW,ALLOW,DEFAULT_ALLOW,ALLOW,DEFAULT_ALLOW,ALLOW,DEFAULT_ALLOW
TXN-01e8ad5d0146,ALLOW,B0_BASELINE,ALLOW,B1_BASELINE,ALLOW,DEFAULT_ALLOW,ALLOW,DEFAULT_ALLOW,ALLOW,DEFAULT_ALLOW,ALLOW,DEFAULT_ALLOW
TXN-25d355766a3a,ALLOW,B0_BASELINE,ALLOW,B1_BASELINE,ALLOW,DEFAULT_ALLOW,ALLOW,DEFAULT_ALLOW,ALLOW,DEFAULT_ALLOW,ALLOW,DEFAULT_ALLOW
TXN-7f2a2eb7c007,ALLOW,B0_BASELINE,ALLOW,B1_BASELINE,ALLOW,DEFAULT_ALLOW,ALLOW,DEFAULT_ALLOW,ALLOW,DEFAULT_ALLOW,ALLOW,DEFAULT_ALLOW
TXN-1b4fad6b55d0,ALLOW,B0_BASELINE,ALLOW,B1_BASELINE,ALLOW,DEFAULT_ALLOW,ALLOW,DEFAULT_ALLOW,ALLOW,DEFAULT_ALLOW,ALLOW,DEFAULT_ALLOW
TXN-f28cfe52d56b,ALLOW,B0_BASELINE,ALLOW,B1_BASELINE,ESCALATE,SAFETY_VELOCITY,ALLOW,DEFAULT_ALLOW,ESCALATE,SAFETY_VELOCITY,ESCALATE,SAFETY_VELOCITY
TXN-f6f5b851dadc,ALLOW,B0_BASELINE,ALLOW,B1_BASELINE,ALLOW,DEFAULT_ALLOW,ALLOW,DEFAULT_ALLOW,ALLOW,DEFAULT_ALLOW,ALLOW,DEFAULT_ALLOW
TXN-bdc27d40c3a7,ALLOW,B0_BASELINE,ALLOW,B1_BASELINE,ALLOW,DEFAULT_ALLOW,ALLOW,DEFAULT_ALLOW,ALLOW,DEFAULT_ALLOW,ALLOW,DEFAULT_ALLOW
TXN-a1aefeff417a,ALLOW,B0_BASELINE,ALLOW,B1_BASELINE,ALLOW,DEFAULT_ALLOW,ALLOW,DEFAULT_ALLOW,ALLOW,DEFAULT_ALLOW,ALLOW,DEFAULT_ALLOW
TXN-f10b8a0d4b70,ALLOW,B0_BASELINE,ALLOW,B1_BASELINE,ALLOW,DEFAULT_ALLOW,ALLOW,DEFAULT_ALLOW,ALLOW,DEFAULT_ALLOW,ALLOW,DEFAULT_ALLOW
TXN-af38b09eaefd,ALLOW,B0_BASELINE,ALLOW,B1_BASELINE,ALLOW,DEFAULT_ALLOW,ALLOW,DEFAULT_ALLOW,ALLOW,DEFAULT_ALLOW,ALLOW,DEFAULT_ALLOW
TXN-74b299a89513,ALLOW,B0_BASELINE,ALLOW,B1_BASELINE,ALLOW,DEFAULT_ALLOW,ALLOW,DEFAULT_ALLOW,ALLOW,DEFAULT_ALLOW,ALLOW,DEFAULT_ALLOW
TXN-e03149cbf2ff,ALLOW,B0_BASELINE,ALLOW,B1_BASELINE,ALLOW,DEFAULT_ALLOW,ALLOW,DEFAULT_ALLOW,ALLOW,DEFAULT_ALLOW,ALLOW,DEFAULT_ALLOW
TXN-15e4e6ddd871,ALLOW,B0_BASELINE,ALLOW,B1_BASELINE,ALLOW,DEFAULT_ALLOW,ALLOW,DEFAULT_ALLOW,ALLOW,DEFAULT_ALLOW,ALLOW,DEFAULT_ALLOW
TXN-16c51a89f6df,ALLOW,B0_BASELINE,ALLOW,B1_BASELINE,ALLOW,DEFAULT_ALLOW,ALLOW,DEFAULT_ALLOW,ALLOW,DEFAULT_ALLOW,ALLOW,DEFAULT_ALLOW
TXN-c483831b8d87,ALLOW,B0_BASELINE,ALLOW,B1_BASELINE,ALLOW,DEFAULT_ALLOW,ALLOW,DEFAULT_ALLOW,ALLOW,DEFAULT_ALLOW,ALLOW,DEFAULT_ALLOW
TXN-b74f5a6a3114,ALLOW,B0_BASELINE,ALLOW,B1_BASELINE,ALLOW,DEFAULT_ALLOW,ALLOW,DEFAULT_ALLOW,ALLOW,DEFAULT_ALLOW,ALLOW,DEFAULT_ALLOW
TXN-9d1559270000,ALLOW,B0_BASELINE,ALLOW,B1_BASELINE,ALLOW,DEFAULT_ALLOW,ALLOW,DEFAULT_ALLOW,ALLOW,DEFAULT_ALLOW,ALLOW,DEFAULT_ALLOW
TXN-3fbecaa7cd42,ALLOW,B0_BASELINE,ALLOW,B1_BASELINE,ALLOW,DEFAULT_ALLOW,ALLOW,DEFAULT_ALLOW,ALLOW,DEFAULT_ALLOW,ALLOW,DEFAULT_ALLOW
TXN-af6b096ca75b,ALLOW,B0_BASELINE,ALLOW,B1_BASELINE,ALLOW,DEFAULT_ALLOW,ALLOW,DEFAULT_ALLOW,ALLOW,DEFAULT_ALLOW,ALLOW,DEFAULT_ALLOW
TXN-f5457644f3c5,ALLOW,B0_BASELINE,ALLOW,B1_BASELINE,ALLOW,DEFAULT_ALLOW,ALLOW,DEFAULT_ALLOW,ALLOW,DEFAULT_ALLOW,ALLOW,DEFAULT_ALLOW
TXN-3600861145c6,ALLOW,B0_BASELINE,ALLOW,B1_BASELINE,ALLOW,DEFAULT_ALLOW,ALLOW,DEFAULT_ALLOW,ALLOW,DEFAULT_ALLOW,ALLOW,DEFAULT_ALLOW
TXN-068bb90cdcf6,ALLOW,B0_BASELINE,ALLOW,B1_BASELINE,ALLOW,DEFAULT_ALLOW,ALLOW,DEFAULT_ALLOW,ALLOW,DEFAULT_ALLOW,ALLOW,DEFAULT_ALLOW
TXN-68308f2591f3,ALLOW,B0_BASELINE,ALLOW,B1_BASELINE,ALLOW,DEFAULT_ALLOW,ALLOW,DEFAULT_ALLOW,ALLOW,DEFAULT_ALLOW,ALLOW,DEFAULT_ALLOW
TXN-2650a193fc5a,ALLOW,B0_BASELINE,ALLOW,B1_BASELINE,ALLOW,DEFAULT_ALLOW,ALLOW,DEFAULT_ALLOW,ALLOW,DEFAULT_ALLOW,ALLOW,DEFAULT_ALLOW
TXN-59bbc5b06447,ALLOW,B0_BASELINE,ALLOW,B1_BASELINE,ALLOW,DEFAULT_ALLOW,ALLOW,DEFAULT_ALLOW,ALLOW,DEFAULT_ALLOW,ALLOW,DEFAULT_ALLOW
TXN-b2b3d799e288,ALLOW,B0_BASELINE,ALLOW,B1_BASELINE,ALLOW,DEFAULT_ALLOW,ALLOW,DEFAULT_ALLOW,ALLOW,DEFAULT_ALLOW,ALLOW,DEFAULT_ALLOW
TXN-1e6f36bb7aba,ALLOW,B0_BASELINE,ALLOW,B1_BASELINE,ALLOW,DEFAULT_ALLOW,ALLOW,DEFAULT_ALLOW,ALLOW,DEFAULT_ALLOW,ALLOW,DEFAULT_ALLOW
TXN-87eb71a95a5d,ALLOW,B0_BASELINE,ALLOW,B1_BASELINE,ALLOW,DEFAULT_ALLOW,ALLOW,DEFAULT_ALLOW,ALLOW,DEFAULT_ALLOW,ALLOW,DEFAULT_ALLOW
TXN-f0c289c66548,ALLOW,B0_BASELINE,HOLD,B1_RBI_RULE,HOLD,VAULT_FD_BROKEN,HOLD,VAULT_FD_BROKEN,ALLOW,DEFAULT_ALLOW,HOLD,VAULT_FD_BROKEN
TXN-67713478aa1a,ALLOW,B0_BASELINE,ALLOW,B1_BASELINE,ALLOW,DEFAULT_ALLOW,ALLOW,DEFAULT_ALLOW,ALLOW,DEFAULT_ALLOW,ALLOW,DEFAULT_ALLOW
TXN-1529d0f48b04,ALLOW,B0_BASELINE,ALLOW,B1_BASELINE,ALLOW,DEFAULT_ALLOW,ALLOW,DEFAULT_ALLOW,ALLOW,DEFAULT_ALLOW,ALLOW,DEFAULT_ALLOW
TXN-0e120e6f7e97,ALLOW,B0_BASELINE,ALLOW,B1_BASELINE,ALLOW,DEFAULT_ALLOW,ALLOW,DEFAULT_ALLOW,ALLOW,DEFAULT_ALLOW,ALLOW,DEFAULT_ALLOW
TXN-305dd8ea22f0,ALLOW,B0_BASELINE,ALLOW,B1_BASELINE,ALLOW,DEFAULT_ALLOW,ALLOW,DEFAULT_ALLOW,ALLOW,DEFAULT_ALLOW,ALLOW,DEFAULT_ALLOW
TXN-d71c584fe5fd,ALLOW,B0_BASELINE,ALLOW,B1_BASELINE,ALLOW,DEFAULT_ALLOW,ALLOW,DEFAULT_ALLOW,ALLOW,DEFAULT_ALLOW,ALLOW,DEFAULT_ALLOW
TXN-0549f6877dc9,ALLOW,B0_BASELINE,ALLOW,B1_BASELINE,ALLOW,DEFAULT_ALLOW,ALLOW,DEFAULT_ALLOW,ALLOW,DEFAULT_ALLOW,ALLOW,DEFAULT_ALLOW
TXN-329da5f0d955,ALLOW,B0_BASELINE,ALLOW,B1_BASELINE,ALLOW,DEFAULT_ALLOW,ALLOW,DEFAULT_ALLOW,ALLOW,DEFAULT_ALLOW,ALLOW,DEFAULT_ALLOW
TXN-3ad49ecb28a6,ALLOW,B0_BASELINE,ALLOW,B1_BASELINE,ALLOW,DEFAULT_ALLOW,ALLOW,DEFAULT_ALLOW,ALLOW,DEFAULT_ALLOW,ALLOW,DEFAULT_ALLOW
TXN-134e40bdd25e,ALLOW,B0_BASELINE,ALLOW,B1_BASELINE,ALLOW,DEFAULT_ALLOW,ALLOW,DEFAULT_ALLOW,ALLOW,DEFAULT_ALLOW,ALLOW,DEFAULT_ALLOW
TXN-63ccbbcaa5f5,ALLOW,B0_BASELINE,ALLOW,B1_BASELINE,ALLOW,DEFAULT_ALLOW,ALLOW,DEFAULT_ALLOW,ALLOW,DEFAULT_ALLOW,ALLOW,DEFAULT_ALLOW
TXN-4b30a83dc36c,ALLOW,B0_BASELINE,ALLOW,B1_BASELINE,ALLOW,DEFAULT_ALLOW,ALLOW,DEFAULT_ALLOW,ALLOW,DEFAULT_ALLOW,ALLOW,DEFAULT_ALLOW
TXN-de8e93393055,ALLOW,B0_BASELINE,ALLOW,B1_BASELINE,ALLOW,DEFAULT_ALLOW,ALLOW,DEFAULT_ALLOW,ALLOW,DEFAULT_ALLOW,ALLOW,DEFAULT_ALLOW
TXN-784c6d218a47,ALLOW,B0_BASELINE,ALLOW,B1_BASELINE,ALLOW,DEFAULT_ALLOW,ALLOW,DEFAULT_ALLOW,ALLOW,DEFAULT_ALLOW,ALLOW,DEFAULT_ALLOW
TXN-0a473d99fb87,ALLOW,B0_BASELINE,ALLOW,B1_BASELINE,ALLOW,DEFAULT_ALLOW,ALLOW,DEFAULT_ALLOW,ALLOW,DEFAULT_ALLOW,ALLOW,DEFAULT_ALLOW
TXN-61e8503bd6bf,ALLOW,B0_BASELINE,HOLD,B1_RBI_RULE,ALLOW,DEFAULT_ALLOW,ALLOW,DEFAULT_ALLOW,ALLOW,DEFAULT_ALLOW,ALLOW,DEFAULT_ALLOW
TXN-cc767f9ca985,ALLOW,B0_BASELINE,ALLOW,B1_BASELINE,ALLOW,DEFAULT_ALLOW,ALLOW,DEFAULT_ALLOW,ALLOW,DEFAULT_ALLOW,ALLOW,DEFAULT_ALLOW
TXN-67cc8a6987cf,ALLOW,B0_BASELINE,HOLD,B1_RBI_RULE,ALLOW,DEFAULT_ALLOW,ALLOW,DEFAULT_ALLOW,ALLOW,DEFAULT_ALLOW,ALLOW,DEFAULT_ALLOW
TXN-e7e4114da9fa,ALLOW,B0_BASELINE,ALLOW,B1_BASELINE,ALLOW,DEFAULT_ALLOW,ALLOW,DEFAULT_ALLOW,ALLOW,DEFAULT_ALLOW,ALLOW,DEFAULT_ALLOW
TXN-f8aebc4206ad,ALLOW,B0_BASELINE,ALLOW,B1_BASELINE,ALLOW,DEFAULT_ALLOW,ALLOW,DEFAULT_ALLOW,ALLOW,DEFAULT_ALLOW,ALLOW,DEFAULT_ALLOW
TXN-bda363e67d6e,ALLOW,B0_BASELINE,ALLOW,B1_BASELINE,ALLOW,DEFAULT_ALLOW,ALLOW,DEFAULT_ALLOW,ALLOW,DEFAULT_ALLOW,ALLOW,DEFAULT_ALLOW
TXN-a761d5bf81ad,ALLOW,B0_BASELINE,ALLOW,B1_BASELINE,ALLOW,DEFAULT_ALLOW,ALLOW,DEFAULT_ALLOW,ALLOW,DEFAULT_ALLOW,ALLOW,DEFAULT_ALLOW
TXN-0f2fdc2031bb,ALLOW,B0_BASELINE,ALLOW,B1_BASELINE,ALLOW,DEFAULT_ALLOW,ALLOW,DEFAULT_ALLOW,ALLOW,DEFAULT_ALLOW,ALLOW,DEFAULT_ALLOW
TXN-c172a56826e7,ALLOW,B0_BASELINE,ALLOW,B1_BASELINE,ESCALATE,SAFETY_VELOCITY,ALLOW,DEFAULT_ALLOW,ESCALATE,SAFETY_VELOCITY,ESCALATE,SAFETY_VELOCITY
TXN-67f3b27b27f7,ALLOW,B0_BASELINE,ALLOW,B1_BASELINE,ALLOW,DEFAULT_ALLOW,ALLOW,DEFAULT_ALLOW,ALLOW,DEFAULT_ALLOW,ALLOW,DEFAULT_ALLOW
TXN-c9ff7b3b36e5,ALLOW,B0_BASELINE,ALLOW,B1_BASELINE,ALLOW,DEFAULT_ALLOW,ALLOW,DEFAULT_ALLOW,ALLOW,DEFAULT_ALLOW,ALLOW,DEFAULT_ALLOW
TXN-3ce8679447f0,ALLOW,B0_BASELINE,ALLOW,B1_BASELINE,ALLOW,DEFAULT_ALLOW,ALLOW,DEFAULT_ALLOW,ALLOW,DEFAULT_ALLOW,ALLOW,DEFAULT_ALLOW
TXN-239fa49dd56f,ALLOW,B0_BASELINE,ALLOW,B1_BASELINE,ALLOW,DEFAULT_ALLOW,ALLOW,DEFAULT_ALLOW,ALLOW,DEFAULT_ALLOW,ALLOW,DEFAULT_ALLOW
TXN-3451c6f1ba70,ALLOW,B0_BASELINE,ALLOW,B1_BASELINE,HOLD,EMERGENCY_UNLISTED,HOLD,EMERGENCY_UNLISTED,HOLD,EMERGENCY_UNLISTED,ALLOW,DEFAULT_ALLOW
TXN-5f69eb3006ca,ALLOW,B0_BASELINE,ALLOW,B1_BASELINE,ALLOW,DEFAULT_ALLOW,ALLOW,DEFAULT_ALLOW,ALLOW,DEFAULT_ALLOW,ALLOW,DEFAULT_ALLOW
TXN-8dff014724c2,ALLOW,B0_BASELINE,ALLOW,B1_BASELINE,ALLOW,DEFAULT_ALLOW,ALLOW,DEFAULT_ALLOW,ALLOW,DEFAULT_ALLOW,ALLOW,DEFAULT_ALLOW
TXN-5c0b75c6388a,ALLOW,B0_BASELINE,HOLD,B1_RBI_RULE,ALLOW,DEFAULT_ALLOW,ALLOW,DEFAULT_ALLOW,ALLOW,DEFAULT_ALLOW,ALLOW,DEFAULT_ALLOW
TXN-39380d57fc03,ALLOW,B0_BASELINE,ALLOW,B1_BASELINE,ALLOW,DEFAULT_ALLOW,ALLOW,DEFAULT_ALLOW,ALLOW,DEFAULT_ALLOW,ALLOW,DEFAULT_ALLOW
TXN-ef36a64d041d,ALLOW,B0_BASELINE,ALLOW,B1_BASELINE,ALLOW,DEFAULT_ALLOW,ALLOW,DEFAULT_ALLOW,ALLOW,DEFAULT_ALLOW,ALLOW,DEFAULT_ALLOW
TXN-3ffa8d0e9ad9,ALLOW,B0_BASELINE,ALLOW,B1_BASELINE,ALLOW,DEFAULT_ALLOW,ALLOW,DEFAULT_ALLOW,ALLOW,DEFAULT_ALLOW,ALLOW,DEFAULT_ALLOW
TXN-00c77d79d8ce,ALLOW,B0_BASELINE,ALLOW,B1_BASELINE,ALLOW,DEFAULT_ALLOW,ALLOW,DEFAULT_ALLOW,ALLOW,DEFAULT_ALLOW,ALLOW,DEFAULT_ALLOW
TXN-108901fee90a,ALLOW,B0_BASELINE,ALLOW,B1_BASELINE,ALLOW,DEFAULT_ALLOW,ALLOW,DEFAULT_ALLOW,ALLOW,DEFAULT_ALLOW,ALLOW,DEFAULT_ALLOW
TXN-6f1e4f04447a,ALLOW,B0_BASELINE,ALLOW,B1_BASELINE,ALLOW,DEFAULT_ALLOW,ALLOW,DEFAULT_ALLOW,ALLOW,DEFAULT_ALLOW,ALLOW,DEFAULT_ALLOW
TXN-736f0f78cac0,ALLOW,B0_BASELINE,ALLOW,B1_BASELINE,ALLOW,DEFAULT_ALLOW,ALLOW,DEFAULT_ALLOW,ALLOW,DEFAULT_ALLOW,ALLOW,DEFAULT_ALLOW
TXN-35f7c4d0c479,ALLOW,B0_BASELINE,ALLOW,B1_BASELINE,ALLOW,DEFAULT_ALLOW,ALLOW,DEFAULT_ALLOW,ALLOW,DEFAULT_ALLOW,ALLOW,DEFAULT_ALLOW
TXN-9948fcca62b8,ALLOW,B0_BASELINE,ALLOW,B1_BASELINE,ALLOW,DEFAULT_ALLOW,ALLOW,DEFAULT_ALLOW,ALLOW,DEFAULT_ALLOW,ALLOW,DEFAULT_ALLOW
TXN-9254dc89d32a,ALLOW,B0_BASELINE,ALLOW,B1_BASELINE,ALLOW,DEFAULT_ALLOW,ALLOW,DEFAULT_ALLOW,ALLOW,DEFAULT_ALLOW,ALLOW,DEFAULT_ALLOW
TXN-61f1a1f9f514,ALLOW,B0_BASELINE,ALLOW,B1_BASELINE,ESCALATE,SAFETY_VELOCITY,ALLOW,DEFAULT_ALLOW,ESCALATE,SAFETY_VELOCITY,ESCALATE,SAFETY_VELOCITY
TXN-15f954def223,ALLOW,B0_BASELINE,ALLOW,B1_BASELINE,ALLOW,DEFAULT_ALLOW,ALLOW,DEFAULT_ALLOW,ALLOW,DEFAULT_ALLOW,ALLOW,DEFAULT_ALLOW
TXN-f794b8f0f793,ALLOW,B0_BASELINE,ALLOW,B1_BASELINE,ALLOW,DEFAULT_ALLOW,ALLOW,DEFAULT_ALLOW,ALLOW,DEFAULT_ALLOW,ALLOW,DEFAULT_ALLOW
TXN-a71e82d3af06,ALLOW,B0_BASELINE,ALLOW,B1_BASELINE,ALLOW,DEFAULT_ALLOW,ALLOW,DEFAULT_ALLOW,ALLOW,DEFAULT_ALLOW,ALLOW,DEFAULT_ALLOW
TXN-0c8dd91ddf24,ALLOW,B0_BASELINE,ALLOW,B1_BASELINE,ALLOW,DEFAULT_ALLOW,ALLOW,DEFAULT_ALLOW,ALLOW,DEFAULT_ALLOW,ALLOW,DEFAULT_ALLOW
TXN-ee5ac5dc34ff,ALLOW,B0_BASELINE,ALLOW,B1_BASELINE,ALLOW,DEFAULT_ALLOW,ALLOW,DEFAULT_ALLOW,ALLOW,DEFAULT_ALLOW,ALLOW,DEFAULT_ALLOW
TXN-1d90b2fad805,ALLOW,B0_BASELINE,HOLD,B1_RBI_RULE,HOLD,VAULT_RELEASE,HOLD,VAULT_RELEASE,HOLD,PAYMENT_NEW_INDIVIDUAL_LARGE,HOLD,VAULT_RELEASE
TXN-c512ae0aed7b,ALLOW,B0_BASELINE,ALLOW,B1_BASELINE,ALLOW,DEFAULT_ALLOW,ALLOW,DEFAULT_ALLOW,ALLOW,DEFAULT_ALLOW,ALLOW,DEFAULT_ALLOW
TXN-75ad04fa3f17,ALLOW,B0_BASELINE,ALLOW,B1_BASELINE,ALLOW,DEFAULT_ALLOW,ALLOW,DEFAULT_ALLOW,ALLOW,DEFAULT_ALLOW,ALLOW,DEFAULT_ALLOW
TXN-6c8cafb99200,ALLOW,B0_BASELINE,ALLOW,B1_BASELINE,ESCALATE,SAFETY_VELOCITY,ALLOW,DEFAULT_ALLOW,ESCALATE,SAFETY_VELOCITY,ESCALATE,SAFETY_VELOCITY
TXN-591ff8fcfb30,ALLOW,B0_BASELINE,ALLOW,B1_BASELINE,ALLOW,DEFAULT_ALLOW,ALLOW,DEFAULT_ALLOW,ALLOW,DEFAULT_ALLOW,ALLOW,DEFAULT_ALLOW
TXN-b23fad488763,ALLOW,B0_BASELINE,ALLOW,B1_BASELINE,ALLOW,DEFAULT_ALLOW,ALLOW,DEFAULT_ALLOW,ALLOW,DEFAULT_ALLOW,ALLOW,DEFAULT_ALLOW
TXN-17f833ffdc5a,ALLOW,B0_BASELINE,ALLOW,B1_BASELINE,ESCALATE,SAFETY_VELOCITY,ALLOW,DEFAULT_ALLOW,ESCALATE,SAFETY_VELOCITY,ESCALATE,SAFETY_VELOCITY
TXN-0e27661206a8,ALLOW,B0_BASELINE,ALLOW,B1_BASELINE,ALLOW,DEFAULT_ALLOW,ALLOW,DEFAULT_ALLOW,ALLOW,DEFAULT_ALLOW,ALLOW,DEFAULT_ALLOW
TXN-8aa91f21e01a,ALLOW,B0_BASELINE,ALLOW,B1_BASELINE,ALLOW,DEFAULT_ALLOW,ALLOW,DEFAULT_ALLOW,ALLOW,DEFAULT_ALLOW,ALLOW,DEFAULT_ALLOW
TXN-ea5846f2fa46,ALLOW,B0_BASELINE,HOLD,B1_RBI_RULE,HOLD,VAULT_RELEASE,HOLD,VAULT_RELEASE,HOLD,PAYMENT_LARGE_RTGS_NEW,HOLD,VAULT_RELEASE
TXN-eacb92d35ec2,ALLOW,B0_BASELINE,ALLOW,B1_BASELINE,ALLOW,DEFAULT_ALLOW,ALLOW,DEFAULT_ALLOW,ALLOW,DEFAULT_ALLOW,ALLOW,DEFAULT_ALLOW
TXN-e0e1b672cee0,ALLOW,B0_BASELINE,ALLOW,B1_BASELINE,ALLOW,DEFAULT_ALLOW,ALLOW,DEFAULT_ALLOW,ALLOW,DEFAULT_ALLOW,ALLOW,DEFAULT_ALLOW
TXN-cbd0f3cb4415,ALLOW,B0_BASELINE,ALLOW,B1_BASELINE,ALLOW,DEFAULT_ALLOW,ALLOW,DEFAULT_ALLOW,ALLOW,DEFAULT_ALLOW,ALLOW,DEFAULT_ALLOW
TXN-dca17e6c9cc6,ALLOW,B0_BASELINE,HOLD,B1_RBI_RULE,HOLD,VAULT_RELEASE,HOLD,VAULT_RELEASE,ALLOW,DEFAULT_ALLOW,HOLD,VAULT_RELEASE
TXN-091474e9e830,ALLOW,B0_BASELINE,ALLOW,B1_BASELINE,ALLOW,DEFAULT_ALLOW,ALLOW,DEFAULT_ALLOW,ALLOW,DEFAULT_ALLOW,ALLOW,DEFAULT_ALLOW
TXN-4cd83d398a57,ALLOW,B0_BASELINE,ALLOW,B1_BASELINE,ALLOW,DEFAULT_ALLOW,ALLOW,DEFAULT_ALLOW,ALLOW,DEFAULT_ALLOW,ALLOW,DEFAULT_ALLOW
TXN-629d3df11ba8,ALLOW,B0_BASELINE,ALLOW,B1_BASELINE,ALLOW,DEFAULT_ALLOW,ALLOW,DEFAULT_ALLOW,ALLOW,DEFAULT_ALLOW,ALLOW,DEFAULT_ALLOW
TXN-2e9d2f97021b,ALLOW,B0_BASELINE,ALLOW,B1_BASELINE,ALLOW,DEFAULT_ALLOW,ALLOW,DEFAULT_ALLOW,ALLOW,DEFAULT_ALLOW,ALLOW,DEFAULT_ALLOW
TXN-9d348cb11b5e,ALLOW,B0_BASELINE,ALLOW,B1_BASELINE,ALLOW,DEFAULT_ALLOW,ALLOW,DEFAULT_ALLOW,ALLOW,DEFAULT_ALLOW,ALLOW,DEFAULT_ALLOW
TXN-edaa56768bfd,ALLOW,B0_BASELINE,ALLOW,B1_BASELINE,ALLOW,DEFAULT_ALLOW,ALLOW,DEFAULT_ALLOW,ALLOW,DEFAULT_ALLOW,ALLOW,DEFAULT_ALLOW
TXN-ef536b5f1e2b,ALLOW,B0_BASELINE,ALLOW,B1_BASELINE,ALLOW,DEFAULT_ALLOW,ALLOW,DEFAULT_ALLOW,ALLOW,DEFAULT_ALLOW,ALLOW,DEFAULT_ALLOW
TXN-ec71a3a29ae2,ALLOW,B0_BASELINE,ALLOW,B1_BASELINE,ALLOW,DEFAULT_ALLOW,ALLOW,DEFAULT_ALLOW,ALLOW,DEFAULT_ALLOW,ALLOW,DEFAULT_ALLOW
TXN-b068a4ffde7b,ALLOW,B0_BASELINE,ALLOW,B1_BASELINE,ALLOW,DEFAULT_ALLOW,ALLOW,DEFAULT_ALLOW,ALLOW,DEFAULT_ALLOW,ALLOW,DEFAULT_ALLOW
TXN-3131fb13af52,ALLOW,B0_BASELINE,ALLOW,B1_BASELINE,ALLOW,DEFAULT_ALLOW,ALLOW,DEFAULT_ALLOW,ALLOW,DEFAULT_ALLOW,ALLOW,DEFAULT_ALLOW
TXN-f5c08e47d983,ALLOW,B0_BASELINE,ALLOW,B1_BASELINE,ALLOW,DEFAULT_ALLOW,ALLOW,DEFAULT_ALLOW,ALLOW,DEFAULT_ALLOW,ALLOW,DEFAULT_ALLOW
TXN-e9ee5d36983c,ALLOW,B0_BASELINE,ALLOW,B1_BASELINE,ALLOW,DEFAULT_ALLOW,ALLOW,DEFAULT_ALLOW,ALLOW,DEFAULT_ALLOW,ALLOW,DEFAULT_ALLOW
TXN-186dddd9e730,ALLOW,B0_BASELINE,ALLOW,B1_BASELINE,ALLOW,DEFAULT_ALLOW,ALLOW,DEFAULT_ALLOW,ALLOW,DEFAULT_ALLOW,ALLOW,DEFAULT_ALLOW
TXN-b8ec09f79ea2,ALLOW,B0_BASELINE,ALLOW,B1_BASELINE,ALLOW,DEFAULT_ALLOW,ALLOW,DEFAULT_ALLOW,ALLOW,DEFAULT_ALLOW,ALLOW,DEFAULT_ALLOW
TXN-14c04507c8ef,ALLOW,B0_BASELINE,ALLOW,B1_BASELINE,ALLOW,DEFAULT_ALLOW,ALLOW,DEFAULT_ALLOW,ALLOW,DEFAULT_ALLOW,ALLOW,DEFAULT_ALLOW
TXN-6c8c9cca9792,ALLOW,B0_BASELINE,ALLOW,B1_BASELINE,ALLOW,DEFAULT_ALLOW,ALLOW,DEFAULT_ALLOW,ALLOW,DEFAULT_ALLOW,ALLOW,DEFAULT_ALLOW
TXN-d97b4d719fe3,ALLOW,B0_BASELINE,ALLOW,B1_BASELINE,ALLOW,DEFAULT_ALLOW,ALLOW,DEFAULT_ALLOW,ALLOW,DEFAULT_ALLOW,ALLOW,DEFAULT_ALLOW
TXN-e90e5ab8cbdb,ALLOW,B0_BASELINE,ALLOW,B1_BASELINE,ALLOW,DEFAULT_ALLOW,ALLOW,DEFAULT_ALLOW,ALLOW,DEFAULT_ALLOW,ALLOW,DEFAULT_ALLOW
TXN-4ad66fa73fab,ALLOW,B0_BASELINE,ALLOW,B1_BASELINE,REJECT,SAFETY_CALL_DETECTED,HOLD,VAULT_RELEASE,REJECT,SAFETY_CALL_DETECTED,REJECT,SAFETY_CALL_DETECTED
TXN-9bcbc16a7814,ALLOW,B0_BASELINE,ALLOW,B1_BASELINE,ALLOW,DEFAULT_ALLOW,ALLOW,DEFAULT_ALLOW,ALLOW,DEFAULT_ALLOW,ALLOW,DEFAULT_ALLOW
TXN-2c590739bdd2,ALLOW,B0_BASELINE,ALLOW,B1_BASELINE,HOLD,VAULT_RELEASE,HOLD,VAULT_RELEASE,ALLOW,DEFAULT_ALLOW,HOLD,VAULT_RELEASE
TXN-ba581ace6910,ALLOW,B0_BASELINE,ALLOW,B1_BASELINE,ALLOW,DEFAULT_ALLOW,ALLOW,DEFAULT_ALLOW,ALLOW,DEFAULT_ALLOW,ALLOW,DEFAULT_ALLOW
TXN-e1360e3e2011,ALLOW,B0_BASELINE,ALLOW,B1_BASELINE,ALLOW,DEFAULT_ALLOW,ALLOW,DEFAULT_ALLOW,ALLOW,DEFAULT_ALLOW,ALLOW,DEFAULT_ALLOW
TXN-0e9ef5c46be2,ALLOW,B0_BASELINE,ALLOW,B1_BASELINE,REJECT,SAFETY_CALL_DETECTED,HOLD,VAULT_RELEASE,REJECT,SAFETY_CALL_DETECTED,REJECT,SAFETY_CALL_DETECTED
TXN-4fb27b501eba,ALLOW,B0_BASELINE,ALLOW,B1_BASELINE,ESCALATE,SAFETY_VELOCITY,ALLOW,DEFAULT_ALLOW,ESCALATE,SAFETY_VELOCITY,ESCALATE,SAFETY_VELOCITY
TXN-ecc633401eb3,ALLOW,B0_BASELINE,ALLOW,B1_BASELINE,ALLOW,DEFAULT_ALLOW,ALLOW,DEFAULT_ALLOW,ALLOW,DEFAULT_ALLOW,ALLOW,DEFAULT_ALLOW
TXN-f5ec8a016ba7,ALLOW,B0_BASELINE,ALLOW,B1_BASELINE,REJECT,SAFETY_CALL_DETECTED,HOLD,VAULT_RELEASE,REJECT,SAFETY_CALL_DETECTED,REJECT,SAFETY_CALL_DETECTED
TXN-6d4d2b4b3b7b,ALLOW,B0_BASELINE,ALLOW,B1_BASELINE,ALLOW,DEFAULT_ALLOW,ALLOW,DEFAULT_ALLOW,ALLOW,DEFAULT_ALLOW,ALLOW,DEFAULT_ALLOW
TXN-257bd65090e0,ALLOW,B0_BASELINE,ALLOW,B1_BASELINE,ALLOW,DEFAULT_ALLOW,ALLOW,DEFAULT_ALLOW,ALLOW,DEFAULT_ALLOW,ALLOW,DEFAULT_ALLOW
TXN-52885aeacc40,ALLOW,B0_BASELINE,ALLOW,B1_BASELINE,ALLOW,DEFAULT_ALLOW,ALLOW,DEFAULT_ALLOW,ALLOW,DEFAULT_ALLOW,ALLOW,DEFAULT_ALLOW
TXN-62bb2a986f9a,ALLOW,B0_BASELINE,ALLOW,B1_BASELINE,ALLOW,DEFAULT_ALLOW,ALLOW,DEFAULT_ALLOW,ALLOW,DEFAULT_ALLOW,ALLOW,DEFAULT_ALLOW
TXN-e25429891fe0,ALLOW,B0_BASELINE,ALLOW,B1_BASELINE,ALLOW,DEFAULT_ALLOW,ALLOW,DEFAULT_ALLOW,ALLOW,DEFAULT_ALLOW,ALLOW,DEFAULT_ALLOW
TXN-0ee3239f3580,ALLOW,B0_BASELINE,ALLOW,B1_BASELINE,ESCALATE,SAFETY_VELOCITY,HOLD,VAULT_RELEASE,ESCALATE,SAFETY_VELOCITY,ESCALATE,SAFETY_VELOCITY
TXN-1a36db883134,ALLOW,B0_BASELINE,ALLOW,B1_BASELINE,ALLOW,DEFAULT_ALLOW,ALLOW,DEFAULT_ALLOW,ALLOW,DEFAULT_ALLOW,ALLOW,DEFAULT_ALLOW
TXN-9b5125b8cfcd,ALLOW,B0_BASELINE,ALLOW,B1_BASELINE,ALLOW,DEFAULT_ALLOW,ALLOW,DEFAULT_ALLOW,ALLOW,DEFAULT_ALLOW,ALLOW,DEFAULT_ALLOW
TXN-7dfea6a1558d,ALLOW,B0_BASELINE,ALLOW,B1_BASELINE,REJECT,SAFETY_CALL_DETECTED,HOLD,VAULT_RELEASE,REJECT,SAFETY_CALL_DETECTED,REJECT,SAFETY_CALL_DETECTED
TXN-cc3e20f69b7e,ALLOW,B0_BASELINE,ALLOW,B1_BASELINE,ALLOW,DEFAULT_ALLOW,ALLOW,DEFAULT_ALLOW,ALLOW,DEFAULT_ALLOW,ALLOW,DEFAULT_ALLOW
TXN-a1181e0ef785,ALLOW,B0_BASELINE,ALLOW,B1_BASELINE,ALLOW,DEFAULT_ALLOW,ALLOW,DEFAULT_ALLOW,ALLOW,DEFAULT_ALLOW,ALLOW,DEFAULT_ALLOW
TXN-9a5dfc11d618,ALLOW,B0_BASELINE,ALLOW,B1_BASELINE,ESCALATE,SAFETY_VELOCITY,HOLD,VAULT_RELEASE,ESCALATE,SAFETY_VELOCITY,ESCALATE,SAFETY_VELOCITY
TXN-d810353299fe,ALLOW,B0_BASELINE,ALLOW,B1_BASELINE,ALLOW,DEFAULT_ALLOW,ALLOW,DEFAULT_ALLOW,ALLOW,DEFAULT_ALLOW,ALLOW,DEFAULT_ALLOW
TXN-23fa9375f960,ALLOW,B0_BASELINE,ALLOW,B1_BASELINE,ALLOW,DEFAULT_ALLOW,ALLOW,DEFAULT_ALLOW,ALLOW,DEFAULT_ALLOW,ALLOW,DEFAULT_ALLOW
TXN-2a8d8bc7418b,ALLOW,B0_BASELINE,ALLOW,B1_BASELINE,ALLOW,DEFAULT_ALLOW,ALLOW,DEFAULT_ALLOW,ALLOW,DEFAULT_ALLOW,ALLOW,DEFAULT_ALLOW
TXN-10b517196643,ALLOW,B0_BASELINE,ALLOW,B1_BASELINE,ALLOW,DEFAULT_ALLOW,ALLOW,DEFAULT_ALLOW,ALLOW,DEFAULT_ALLOW,ALLOW,DEFAULT_ALLOW
TXN-a69fd8e5e090,ALLOW,B0_BASELINE,ALLOW,B1_BASELINE,ALLOW,DEFAULT_ALLOW,ALLOW,DEFAULT_ALLOW,ALLOW,DEFAULT_ALLOW,ALLOW,DEFAULT_ALLOW
TXN-80cc349185c9,ALLOW,B0_BASELINE,ALLOW,B1_BASELINE,ALLOW,DEFAULT_ALLOW,ALLOW,DEFAULT_ALLOW,ALLOW,DEFAULT_ALLOW,ALLOW,DEFAULT_ALLOW
TXN-b15d8df6fc23,ALLOW,B0_BASELINE,ALLOW,B1_BASELINE,ESCALATE,SAFETY_VELOCITY,ALLOW,DEFAULT_ALLOW,ESCALATE,SAFETY_VELOCITY,ESCALATE,SAFETY_VELOCITY
TXN-c6a21e77005f,ALLOW,B0_BASELINE,ALLOW,B1_BASELINE,ALLOW,DEFAULT_ALLOW,ALLOW,DEFAULT_ALLOW,ALLOW,DEFAULT_ALLOW,ALLOW,DEFAULT_ALLOW
TXN-12bdfe371971,ALLOW,B0_BASELINE,ALLOW,B1_BASELINE,ALLOW,DEFAULT_ALLOW,ALLOW,DEFAULT_ALLOW,ALLOW,DEFAULT_ALLOW,ALLOW,DEFAULT_ALLOW
TXN-710f322120b7,ALLOW,B0_BASELINE,ALLOW,B1_BASELINE,ALLOW,DEFAULT_ALLOW,ALLOW,DEFAULT_ALLOW,ALLOW,DEFAULT_ALLOW,ALLOW,DEFAULT_ALLOW
TXN-a74593ad8e78,ALLOW,B0_BASELINE,ALLOW,B1_BASELINE,ALLOW,DEFAULT_ALLOW,ALLOW,DEFAULT_ALLOW,ALLOW,DEFAULT_ALLOW,ALLOW,DEFAULT_ALLOW
TXN-55ea67c80ed8,ALLOW,B0_BASELINE,ALLOW,B1_BASELINE,ALLOW,DEFAULT_ALLOW,ALLOW,DEFAULT_ALLOW,ALLOW,DEFAULT_ALLOW,ALLOW,DEFAULT_ALLOW
TXN-1d4bfb90ce88,ALLOW,B0_BASELINE,ALLOW,B1_BASELINE,ALLOW,DEFAULT_ALLOW,ALLOW,DEFAULT_ALLOW,ALLOW,DEFAULT_ALLOW,ALLOW,DEFAULT_ALLOW
TXN-ece7b68e1cb9,ALLOW,B0_BASELINE,ALLOW,B1_BASELINE,ALLOW,DEFAULT_ALLOW,ALLOW,DEFAULT_ALLOW,ALLOW,DEFAULT_ALLOW,ALLOW,DEFAULT_ALLOW
TXN-59d008ef3fc4,ALLOW,B0_BASELINE,ALLOW,B1_BASELINE,ALLOW,DEFAULT_ALLOW,ALLOW,DEFAULT_ALLOW,ALLOW,DEFAULT_ALLOW,ALLOW,DEFAULT_ALLOW
TXN-aff3bd82e8b3,ALLOW,B0_BASELINE,ALLOW,B1_BASELINE,ALLOW,DEFAULT_ALLOW,ALLOW,DEFAULT_ALLOW,ALLOW,DEFAULT_ALLOW,ALLOW,DEFAULT_ALLOW
TXN-2f658d872bf0,ALLOW,B0_BASELINE,ALLOW,B1_BASELINE,ALLOW,DEFAULT_ALLOW,ALLOW,DEFAULT_ALLOW,ALLOW,DEFAULT_ALLOW,ALLOW,DEFAULT_ALLOW
TXN-45845f8cdb0d,ALLOW,B0_BASELINE,ALLOW,B1_BASELINE,ALLOW,DEFAULT_ALLOW,ALLOW,DEFAULT_ALLOW,ALLOW,DEFAULT_ALLOW,ALLOW,DEFAULT_ALLOW
TXN-d622a6f4fa1f,ALLOW,B0_BASELINE,ALLOW,B1_BASELINE,ALLOW,DEFAULT_ALLOW,ALLOW,DEFAULT_ALLOW,ALLOW,DEFAULT_ALLOW,ALLOW,DEFAULT_ALLOW
TXN-e49b5dca0a34,ALLOW,B0_BASELINE,ALLOW,B1_BASELINE,ALLOW,DEFAULT_ALLOW,ALLOW,DEFAULT_ALLOW,ALLOW,DEFAULT_ALLOW,ALLOW,DEFAULT_ALLOW
TXN-67f4d3580dba,ALLOW,B0_BASELINE,ALLOW,B1_BASELINE,ALLOW,DEFAULT_ALLOW,ALLOW,DEFAULT_ALLOW,ALLOW,DEFAULT_ALLOW,ALLOW,DEFAULT_ALLOW
TXN-784c46cc1c65,ALLOW,B0_BASELINE,ALLOW,B1_BASELINE,ALLOW,DEFAULT_ALLOW,ALLOW,DEFAULT_ALLOW,ALLOW,DEFAULT_ALLOW,ALLOW,DEFAULT_ALLOW
TXN-ebbf0209e4a7,ALLOW,B0_BASELINE,ALLOW,B1_BASELINE,ALLOW,DEFAULT_ALLOW,ALLOW,DEFAULT_ALLOW,ALLOW,DEFAULT_ALLOW,ALLOW,DEFAULT_ALLOW
TXN-bc959ed40d74,ALLOW,B0_BASELINE,HOLD,B1_RBI_RULE,HOLD,VAULT_RELEASE,HOLD,VAULT_RELEASE,HOLD,PAYMENT_NEW_INDIVIDUAL_LARGE,HOLD,VAULT_RELEASE
TXN-665219521e79,ALLOW,B0_BASELINE,ALLOW,B1_BASELINE,ALLOW,DEFAULT_ALLOW,ALLOW,DEFAULT_ALLOW,ALLOW,DEFAULT_ALLOW,ALLOW,DEFAULT_ALLOW
TXN-3b5d801b0e2e,ALLOW,B0_BASELINE,ALLOW,B1_BASELINE,ALLOW,DEFAULT_ALLOW,ALLOW,DEFAULT_ALLOW,ALLOW,DEFAULT_ALLOW,ALLOW,DEFAULT_ALLOW
TXN-7cc8b83a80ff,ALLOW,B0_BASELINE,HOLD,B1_RBI_RULE,HOLD,PAYMENT_NEW_INDIVIDUAL_LARGE,HOLD,PAYMENT_NEW_INDIVIDUAL_LARGE,HOLD,PAYMENT_NEW_INDIVIDUAL_LARGE,HOLD,PAYMENT_NEW_INDIVIDUAL_LARGE
TXN-0853ecdf0b03,ALLOW,B0_BASELINE,ALLOW,B1_BASELINE,ESCALATE,SAFETY_VELOCITY,ALLOW,DEFAULT_ALLOW,ESCALATE,SAFETY_VELOCITY,ESCALATE,SAFETY_VELOCITY
TXN-58738b6d2804,ALLOW,B0_BASELINE,ALLOW,B1_BASELINE,ALLOW,DEFAULT_ALLOW,ALLOW,DEFAULT_ALLOW,ALLOW,DEFAULT_ALLOW,ALLOW,DEFAULT_ALLOW
TXN-ea6ed4bd9c2c,ALLOW,B0_BASELINE,ALLOW,B1_BASELINE,ALLOW,DEFAULT_ALLOW,ALLOW,DEFAULT_ALLOW,ALLOW,DEFAULT_ALLOW,ALLOW,DEFAULT_ALLOW
TXN-5512c5776947,ALLOW,B0_BASELINE,ALLOW,B1_BASELINE,ALLOW,DEFAULT_ALLOW,ALLOW,DEFAULT_ALLOW,ALLOW,DEFAULT_ALLOW,ALLOW,DEFAULT_ALLOW
TXN-f16e4540b47b,ALLOW,B0_BASELINE,ALLOW,B1_BASELINE,ALLOW,DEFAULT_ALLOW,ALLOW,DEFAULT_ALLOW,ALLOW,DEFAULT_ALLOW,ALLOW,DEFAULT_ALLOW
TXN-63cfed6aba0a,ALLOW,B0_BASELINE,ALLOW,B1_BASELINE,ALLOW,DEFAULT_ALLOW,ALLOW,DEFAULT_ALLOW,ALLOW,DEFAULT_ALLOW,ALLOW,DEFAULT_ALLOW
TXN-a49b99bf7aae,ALLOW,B0_BASELINE,ALLOW,B1_BASELINE,ALLOW,DEFAULT_ALLOW,ALLOW,DEFAULT_ALLOW,ALLOW,DEFAULT_ALLOW,ALLOW,DEFAULT_ALLOW
TXN-dbdbd9464462,ALLOW,B0_BASELINE,ALLOW,B1_BASELINE,ALLOW,DEFAULT_ALLOW,ALLOW,DEFAULT_ALLOW,ALLOW,DEFAULT_ALLOW,ALLOW,DEFAULT_ALLOW
TXN-7bccbc64c70e,ALLOW,B0_BASELINE,ALLOW,B1_BASELINE,ALLOW,DEFAULT_ALLOW,ALLOW,DEFAULT_ALLOW,ALLOW,DEFAULT_ALLOW,ALLOW,DEFAULT_ALLOW
TXN-d88b37e0e5eb,ALLOW,B0_BASELINE,ALLOW,B1_BASELINE,ALLOW,DEFAULT_ALLOW,ALLOW,DEFAULT_ALLOW,ALLOW,DEFAULT_ALLOW,ALLOW,DEFAULT_ALLOW
TXN-d2fb57e0be93,ALLOW,B0_BASELINE,ALLOW,B1_BASELINE,ALLOW,DEFAULT_ALLOW,ALLOW,DEFAULT_ALLOW,ALLOW,DEFAULT_ALLOW,ALLOW,DEFAULT_ALLOW
TXN-40adb7622e07,ALLOW,B0_BASELINE,ALLOW,B1_BASELINE,ALLOW,DEFAULT_ALLOW,ALLOW,DEFAULT_ALLOW,ALLOW,DEFAULT_ALLOW,ALLOW,DEFAULT_ALLOW
TXN-701b8fa88a23,ALLOW,B0_BASELINE,ALLOW,B1_BASELINE,ALLOW,DEFAULT_ALLOW,ALLOW,DEFAULT_ALLOW,ALLOW,DEFAULT_ALLOW,ALLOW,DEFAULT_ALLOW
TXN-21edcdcf6a19,ALLOW,B0_BASELINE,ALLOW,B1_BASELINE,ALLOW,DEFAULT_ALLOW,ALLOW,DEFAULT_ALLOW,ALLOW,DEFAULT_ALLOW,ALLOW,DEFAULT_ALLOW
TXN-a4d61c52c69e,ALLOW,B0_BASELINE,ALLOW,B1_BASELINE,ALLOW,DEFAULT_ALLOW,ALLOW,DEFAULT_ALLOW,ALLOW,DEFAULT_ALLOW,ALLOW,DEFAULT_ALLOW
TXN-57747205c16a,ALLOW,B0_BASELINE,ALLOW,B1_BASELINE,ALLOW,DEFAULT_ALLOW,ALLOW,DEFAULT_ALLOW,ALLOW,DEFAULT_ALLOW,ALLOW,DEFAULT_ALLOW
TXN-1784e0f0cb43,ALLOW,B0_BASELINE,ALLOW,B1_BASELINE,ALLOW,DEFAULT_ALLOW,ALLOW,DEFAULT_ALLOW,ALLOW,DEFAULT_ALLOW,ALLOW,DEFAULT_ALLOW
TXN-6328f0a52cc7,ALLOW,B0_BASELINE,ALLOW,B1_BASELINE,ALLOW,DEFAULT_ALLOW,ALLOW,DEFAULT_ALLOW,ALLOW,DEFAULT_ALLOW,ALLOW,DEFAULT_ALLOW
TXN-0b1eaa9ae183,ALLOW,B0_BASELINE,ALLOW,B1_BASELINE,ALLOW,DEFAULT_ALLOW,ALLOW,DEFAULT_ALLOW,ALLOW,DEFAULT_ALLOW,ALLOW,DEFAULT_ALLOW
TXN-5fcb31844484,ALLOW,B0_BASELINE,ALLOW,B1_BASELINE,ALLOW,DEFAULT_ALLOW,ALLOW,DEFAULT_ALLOW,ALLOW,DEFAULT_ALLOW,ALLOW,DEFAULT_ALLOW
TXN-ed7eabe39fae,ALLOW,B0_BASELINE,ALLOW,B1_BASELINE,ALLOW,DEFAULT_ALLOW,ALLOW,DEFAULT_ALLOW,ALLOW,DEFAULT_ALLOW,ALLOW,DEFAULT_ALLOW
TXN-791f4d090159,ALLOW,B0_BASELINE,ALLOW,B1_BASELINE,ALLOW,DEFAULT_ALLOW,ALLOW,DEFAULT_ALLOW,ALLOW,DEFAULT_ALLOW,ALLOW,DEFAULT_ALLOW
TXN-d2022db4df51,ALLOW,B0_BASELINE,ALLOW,B1_BASELINE,ESCALATE,SAFETY_VELOCITY,ALLOW,DEFAULT_ALLOW,ESCALATE,SAFETY_VELOCITY,ESCALATE,SAFETY_VELOCITY
TXN-9f85d4ffe74c,ALLOW,B0_BASELINE,ALLOW,B1_BASELINE,ALLOW,DEFAULT_ALLOW,ALLOW,DEFAULT_ALLOW,ALLOW,DEFAULT_ALLOW,ALLOW,DEFAULT_ALLOW
TXN-443a9055d932,ALLOW,B0_BASELINE,ALLOW,B1_BASELINE,ALLOW,DEFAULT_ALLOW,ALLOW,DEFAULT_ALLOW,ALLOW,DEFAULT_ALLOW,ALLOW,DEFAULT_ALLOW
TXN-c6c2de030987,ALLOW,B0_BASELINE,ALLOW,B1_BASELINE,ESCALATE,SAFETY_VELOCITY,ALLOW,DEFAULT_ALLOW,ESCALATE,SAFETY_VELOCITY,ESCALATE,SAFETY_VELOCITY
TXN-bdb0c1faff45,ALLOW,B0_BASELINE,ALLOW,B1_BASELINE,ALLOW,DEFAULT_ALLOW,ALLOW,DEFAULT_ALLOW,ALLOW,DEFAULT_ALLOW,ALLOW,DEFAULT_ALLOW
TXN-25c4baded4d5,ALLOW,B0_BASELINE,ALLOW,B1_BASELINE,ALLOW,DEFAULT_ALLOW,ALLOW,DEFAULT_ALLOW,ALLOW,DEFAULT_ALLOW,ALLOW,DEFAULT_ALLOW
TXN-ecf98977651f,ALLOW,B0_BASELINE,ALLOW,B1_BASELINE,HOLD,EMERGENCY_UNLISTED,HOLD,EMERGENCY_UNLISTED,HOLD,EMERGENCY_UNLISTED,ALLOW,DEFAULT_ALLOW
TXN-dc68fee32ca2,ALLOW,B0_BASELINE,ALLOW,B1_BASELINE,ALLOW,DEFAULT_ALLOW,ALLOW,DEFAULT_ALLOW,ALLOW,DEFAULT_ALLOW,ALLOW,DEFAULT_ALLOW
TXN-c12a2b90a18a,ALLOW,B0_BASELINE,ALLOW,B1_BASELINE,ALLOW,DEFAULT_ALLOW,ALLOW,DEFAULT_ALLOW,ALLOW,DEFAULT_ALLOW,ALLOW,DEFAULT_ALLOW
TXN-62a4c8589179,ALLOW,B0_BASELINE,ALLOW,B1_BASELINE,HOLD,EMERGENCY_UNLISTED,HOLD,EMERGENCY_UNLISTED,HOLD,EMERGENCY_UNLISTED,ALLOW,DEFAULT_ALLOW
TXN-3bae1da00242,ALLOW,B0_BASELINE,ALLOW,B1_BASELINE,ALLOW,DEFAULT_ALLOW,ALLOW,DEFAULT_ALLOW,ALLOW,DEFAULT_ALLOW,ALLOW,DEFAULT_ALLOW
TXN-951d743ba966,ALLOW,B0_BASELINE,ALLOW,B1_BASELINE,ALLOW,DEFAULT_ALLOW,ALLOW,DEFAULT_ALLOW,ALLOW,DEFAULT_ALLOW,ALLOW,DEFAULT_ALLOW
TXN-9b48a6dcd251,ALLOW,B0_BASELINE,ALLOW,B1_BASELINE,ALLOW,DEFAULT_ALLOW,ALLOW,DEFAULT_ALLOW,ALLOW,DEFAULT_ALLOW,ALLOW,DEFAULT_ALLOW
TXN-2a1396b5ca8a,ALLOW,B0_BASELINE,ALLOW,B1_BASELINE,ALLOW,DEFAULT_ALLOW,ALLOW,DEFAULT_ALLOW,ALLOW,DEFAULT_ALLOW,ALLOW,DEFAULT_ALLOW
TXN-f9f6f31ed36f,ALLOW,B0_BASELINE,ALLOW,B1_BASELINE,ALLOW,DEFAULT_ALLOW,ALLOW,DEFAULT_ALLOW,ALLOW,DEFAULT_ALLOW,ALLOW,DEFAULT_ALLOW
TXN-9b1769383484,ALLOW,B0_BASELINE,ALLOW,B1_BASELINE,ALLOW,DEFAULT_ALLOW,ALLOW,DEFAULT_ALLOW,ALLOW,DEFAULT_ALLOW,ALLOW,DEFAULT_ALLOW
TXN-14be816fef5b,ALLOW,B0_BASELINE,ALLOW,B1_BASELINE,ALLOW,DEFAULT_ALLOW,ALLOW,DEFAULT_ALLOW,ALLOW,DEFAULT_ALLOW,ALLOW,DEFAULT_ALLOW
TXN-247a145c1fba,ALLOW,B0_BASELINE,ALLOW,B1_BASELINE,ALLOW,DEFAULT_ALLOW,ALLOW,DEFAULT_ALLOW,ALLOW,DEFAULT_ALLOW,ALLOW,DEFAULT_ALLOW
TXN-5ee6da5f34c1,ALLOW,B0_BASELINE,ALLOW,B1_BASELINE,ALLOW,DEFAULT_ALLOW,ALLOW,DEFAULT_ALLOW,ALLOW,DEFAULT_ALLOW,ALLOW,DEFAULT_ALLOW
TXN-7851bc9edbf8,ALLOW,B0_BASELINE,ALLOW,B1_BASELINE,ALLOW,DEFAULT_ALLOW,ALLOW,DEFAULT_ALLOW,ALLOW,DEFAULT_ALLOW,ALLOW,DEFAULT_ALLOW
TXN-9f08a935dd44,ALLOW,B0_BASELINE,HOLD,B1_RBI_RULE,ALLOW,DEFAULT_ALLOW,ALLOW,DEFAULT_ALLOW,ALLOW,DEFAULT_ALLOW,ALLOW,DEFAULT_ALLOW
TXN-38acd7920b27,ALLOW,B0_BASELINE,ALLOW,B1_BASELINE,ALLOW,DEFAULT_ALLOW,ALLOW,DEFAULT_ALLOW,ALLOW,DEFAULT_ALLOW,ALLOW,DEFAULT_ALLOW
TXN-d89a65e844ff,ALLOW,B0_BASELINE,ALLOW,B1_BASELINE,ALLOW,DEFAULT_ALLOW,ALLOW,DEFAULT_ALLOW,ALLOW,DEFAULT_ALLOW,ALLOW,DEFAULT_ALLOW
TXN-9052660e337b,ALLOW,B0_BASELINE,ALLOW,B1_BASELINE,ALLOW,DEFAULT_ALLOW,ALLOW,DEFAULT_ALLOW,ALLOW,DEFAULT_ALLOW,ALLOW,DEFAULT_ALLOW
TXN-a891d38d4cc9,ALLOW,B0_BASELINE,ALLOW,B1_BASELINE,HOLD,EMERGENCY_UNLISTED,HOLD,EMERGENCY_UNLISTED,HOLD,EMERGENCY_UNLISTED,ALLOW,DEFAULT_ALLOW
TXN-b70f621692bc,ALLOW,B0_BASELINE,ALLOW,B1_BASELINE,ALLOW,DEFAULT_ALLOW,ALLOW,DEFAULT_ALLOW,ALLOW,DEFAULT_ALLOW,ALLOW,DEFAULT_ALLOW
TXN-0f9a9e4ce66a,ALLOW,B0_BASELINE,ALLOW,B1_BASELINE,ALLOW,DEFAULT_ALLOW,ALLOW,DEFAULT_ALLOW,ALLOW,DEFAULT_ALLOW,ALLOW,DEFAULT_ALLOW
TXN-cb3e1f2a72f9,ALLOW,B0_BASELINE,ALLOW,B1_BASELINE,ESCALATE,SAFETY_VELOCITY,ALLOW,DEFAULT_ALLOW,ESCALATE,SAFETY_VELOCITY,ESCALATE,SAFETY_VELOCITY
TXN-10748f1b72b9,ALLOW,B0_BASELINE,ALLOW,B1_BASELINE,ALLOW,DEFAULT_ALLOW,ALLOW,DEFAULT_ALLOW,ALLOW,DEFAULT_ALLOW,ALLOW,DEFAULT_ALLOW
TXN-32996c60d0b6,ALLOW,B0_BASELINE,ALLOW,B1_BASELINE,ALLOW,DEFAULT_ALLOW,ALLOW,DEFAULT_ALLOW,ALLOW,DEFAULT_ALLOW,ALLOW,DEFAULT_ALLOW
TXN-531aa34d4d7d,ALLOW,B0_BASELINE,ALLOW,B1_BASELINE,ALLOW,DEFAULT_ALLOW,ALLOW,DEFAULT_ALLOW,ALLOW,DEFAULT_ALLOW,ALLOW,DEFAULT_ALLOW
TXN-ea664243a747,ALLOW,B0_BASELINE,ALLOW,B1_BASELINE,ALLOW,DEFAULT_ALLOW,ALLOW,DEFAULT_ALLOW,ALLOW,DEFAULT_ALLOW,ALLOW,DEFAULT_ALLOW
TXN-505b1e5824cd,ALLOW,B0_BASELINE,ALLOW,B1_BASELINE,ALLOW,DEFAULT_ALLOW,ALLOW,DEFAULT_ALLOW,ALLOW,DEFAULT_ALLOW,ALLOW,DEFAULT_ALLOW
TXN-ef8f2ed4fe34,ALLOW,B0_BASELINE,ALLOW,B1_BASELINE,ALLOW,DEFAULT_ALLOW,ALLOW,DEFAULT_ALLOW,ALLOW,DEFAULT_ALLOW,ALLOW,DEFAULT_ALLOW
TXN-765ddb0fce49,ALLOW,B0_BASELINE,HOLD,B1_RBI_RULE,ALLOW,DEFAULT_ALLOW,ALLOW,DEFAULT_ALLOW,ALLOW,DEFAULT_ALLOW,ALLOW,DEFAULT_ALLOW
TXN-c952390704ba,ALLOW,B0_BASELINE,ALLOW,B1_BASELINE,ALLOW,DEFAULT_ALLOW,ALLOW,DEFAULT_ALLOW,ALLOW,DEFAULT_ALLOW,ALLOW,DEFAULT_ALLOW
TXN-97c6974f6148,ALLOW,B0_BASELINE,ALLOW,B1_BASELINE,ESCALATE,SAFETY_VELOCITY,ALLOW,DEFAULT_ALLOW,ESCALATE,SAFETY_VELOCITY,ESCALATE,SAFETY_VELOCITY
TXN-a79c6c72ea6b,ALLOW,B0_BASELINE,ALLOW,B1_BASELINE,ALLOW,DEFAULT_ALLOW,ALLOW,DEFAULT_ALLOW,ALLOW,DEFAULT_ALLOW,ALLOW,DEFAULT_ALLOW
TXN-bf1d2e0c0d27,ALLOW,B0_BASELINE,ALLOW,B1_BASELINE,ALLOW,DEFAULT_ALLOW,ALLOW,DEFAULT_ALLOW,ALLOW,DEFAULT_ALLOW,ALLOW,DEFAULT_ALLOW
TXN-2b6ca39cdc79,ALLOW,B0_BASELINE,ALLOW,B1_BASELINE,ALLOW,DEFAULT_ALLOW,ALLOW,DEFAULT_ALLOW,ALLOW,DEFAULT_ALLOW,ALLOW,DEFAULT_ALLOW
TXN-58817159dd26,ALLOW,B0_BASELINE,ALLOW,B1_BASELINE,HOLD,EMERGENCY_UNLISTED,HOLD,EMERGENCY_UNLISTED,HOLD,EMERGENCY_UNLISTED,ALLOW,DEFAULT_ALLOW
TXN-35fac800046a,ALLOW,B0_BASELINE,ALLOW,B1_BASELINE,ALLOW,DEFAULT_ALLOW,ALLOW,DEFAULT_ALLOW,ALLOW,DEFAULT_ALLOW,ALLOW,DEFAULT_ALLOW
TXN-4f719001c7fd,ALLOW,B0_BASELINE,ALLOW,B1_BASELINE,ALLOW,DEFAULT_ALLOW,ALLOW,DEFAULT_ALLOW,ALLOW,DEFAULT_ALLOW,ALLOW,DEFAULT_ALLOW
TXN-8cf59a4882a2,ALLOW,B0_BASELINE,ALLOW,B1_BASELINE,ALLOW,DEFAULT_ALLOW,ALLOW,DEFAULT_ALLOW,ALLOW,DEFAULT_ALLOW,ALLOW,DEFAULT_ALLOW
TXN-a1ca547fb243,ALLOW,B0_BASELINE,ALLOW,B1_BASELINE,ALLOW,DEFAULT_ALLOW,ALLOW,DEFAULT_ALLOW,ALLOW,DEFAULT_ALLOW,ALLOW,DEFAULT_ALLOW
TXN-3f63ad04f3b1,ALLOW,B0_BASELINE,ALLOW,B1_BASELINE,ESCALATE,SAFETY_VELOCITY,ALLOW,DEFAULT_ALLOW,ESCALATE,SAFETY_VELOCITY,ESCALATE,SAFETY_VELOCITY
TXN-d3d344e2b371,ALLOW,B0_BASELINE,ALLOW,B1_BASELINE,ALLOW,DEFAULT_ALLOW,ALLOW,DEFAULT_ALLOW,ALLOW,DEFAULT_ALLOW,ALLOW,DEFAULT_ALLOW
TXN-00839db6fc65,ALLOW,B0_BASELINE,HOLD,B1_RBI_RULE,HOLD,VAULT_FD_BROKEN,HOLD,VAULT_FD_BROKEN,ALLOW,DEFAULT_ALLOW,HOLD,VAULT_FD_BROKEN
TXN-697d12c13aae,ALLOW,B0_BASELINE,ALLOW,B1_BASELINE,ALLOW,DEFAULT_ALLOW,ALLOW,DEFAULT_ALLOW,ALLOW,DEFAULT_ALLOW,ALLOW,DEFAULT_ALLOW
TXN-380924673256,ALLOW,B0_BASELINE,ALLOW,B1_BASELINE,ALLOW,DEFAULT_ALLOW,ALLOW,DEFAULT_ALLOW,ALLOW,DEFAULT_ALLOW,ALLOW,DEFAULT_ALLOW
TXN-547fda7286a9,ALLOW,B0_BASELINE,ALLOW,B1_BASELINE,ALLOW,DEFAULT_ALLOW,ALLOW,DEFAULT_ALLOW,ALLOW,DEFAULT_ALLOW,ALLOW,DEFAULT_ALLOW
TXN-ce3c2e1b0b49,ALLOW,B0_BASELINE,ALLOW,B1_BASELINE,ALLOW,DEFAULT_ALLOW,ALLOW,DEFAULT_ALLOW,ALLOW,DEFAULT_ALLOW,ALLOW,DEFAULT_ALLOW
TXN-26792f330c9d,ALLOW,B0_BASELINE,ALLOW,B1_BASELINE,ALLOW,DEFAULT_ALLOW,ALLOW,DEFAULT_ALLOW,ALLOW,DEFAULT_ALLOW,ALLOW,DEFAULT_ALLOW
TXN-5e13f546a315,ALLOW,B0_BASELINE,ALLOW,B1_BASELINE,ALLOW,DEFAULT_ALLOW,ALLOW,DEFAULT_ALLOW,ALLOW,DEFAULT_ALLOW,ALLOW,DEFAULT_ALLOW
TXN-4de0cc30fe13,ALLOW,B0_BASELINE,ALLOW,B1_BASELINE,ALLOW,DEFAULT_ALLOW,ALLOW,DEFAULT_ALLOW,ALLOW,DEFAULT_ALLOW,ALLOW,DEFAULT_ALLOW
TXN-9159e5f35de5,ALLOW,B0_BASELINE,ALLOW,B1_BASELINE,ALLOW,DEFAULT_ALLOW,ALLOW,DEFAULT_ALLOW,ALLOW,DEFAULT_ALLOW,ALLOW,DEFAULT_ALLOW
TXN-e5f035dc1d8b,ALLOW,B0_BASELINE,ALLOW,B1_BASELINE,ALLOW,DEFAULT_ALLOW,ALLOW,DEFAULT_ALLOW,ALLOW,DEFAULT_ALLOW,ALLOW,DEFAULT_ALLOW
TXN-899f6386a612,ALLOW,B0_BASELINE,ALLOW,B1_BASELINE,ALLOW,DEFAULT_ALLOW,ALLOW,DEFAULT_ALLOW,ALLOW,DEFAULT_ALLOW,ALLOW,DEFAULT_ALLOW
TXN-627b245fc0cb,ALLOW,B0_BASELINE,ALLOW,B1_BASELINE,ALLOW,DEFAULT_ALLOW,ALLOW,DEFAULT_ALLOW,ALLOW,DEFAULT_ALLOW,ALLOW,DEFAULT_ALLOW
TXN-24cc290fbc42,ALLOW,B0_BASELINE,ALLOW,B1_BASELINE,ALLOW,DEFAULT_ALLOW,ALLOW,DEFAULT_ALLOW,ALLOW,DEFAULT_ALLOW,ALLOW,DEFAULT_ALLOW
TXN-0b0f4eb1172a,ALLOW,B0_BASELINE,ALLOW,B1_BASELINE,ALLOW,DEFAULT_ALLOW,ALLOW,DEFAULT_ALLOW,ALLOW,DEFAULT_ALLOW,ALLOW,DEFAULT_ALLOW
TXN-60ce850ae94d,ALLOW,B0_BASELINE,ALLOW,B1_BASELINE,ESCALATE,SAFETY_VELOCITY,ALLOW,DEFAULT_ALLOW,ESCALATE,SAFETY_VELOCITY,ESCALATE,SAFETY_VELOCITY
TXN-56366958ea31,ALLOW,B0_BASELINE,ALLOW,B1_BASELINE,ALLOW,DEFAULT_ALLOW,ALLOW,DEFAULT_ALLOW,ALLOW,DEFAULT_ALLOW,ALLOW,DEFAULT_ALLOW
TXN-8682448e008a,ALLOW,B0_BASELINE,ALLOW,B1_BASELINE,ALLOW,DEFAULT_ALLOW,ALLOW,DEFAULT_ALLOW,ALLOW,DEFAULT_ALLOW,ALLOW,DEFAULT_ALLOW
TXN-ea21ab5cfb2b,ALLOW,B0_BASELINE,ALLOW,B1_BASELINE,ALLOW,DEFAULT_ALLOW,ALLOW,DEFAULT_ALLOW,ALLOW,DEFAULT_ALLOW,ALLOW,DEFAULT_ALLOW
TXN-8b57b3c06a8d,ALLOW,B0_BASELINE,ALLOW,B1_BASELINE,ALLOW,DEFAULT_ALLOW,ALLOW,DEFAULT_ALLOW,ALLOW,DEFAULT_ALLOW,ALLOW,DEFAULT_ALLOW
TXN-f103d58a00e7,ALLOW,B0_BASELINE,ALLOW,B1_BASELINE,ALLOW,DEFAULT_ALLOW,ALLOW,DEFAULT_ALLOW,ALLOW,DEFAULT_ALLOW,ALLOW,DEFAULT_ALLOW
TXN-ef547431617b,ALLOW,B0_BASELINE,ALLOW,B1_BASELINE,ALLOW,DEFAULT_ALLOW,ALLOW,DEFAULT_ALLOW,ALLOW,DEFAULT_ALLOW,ALLOW,DEFAULT_ALLOW
TXN-7901ce5c8bba,ALLOW,B0_BASELINE,ALLOW,B1_BASELINE,ALLOW,DEFAULT_ALLOW,ALLOW,DEFAULT_ALLOW,ALLOW,DEFAULT_ALLOW,ALLOW,DEFAULT_ALLOW
TXN-bb0fd3f895ed,ALLOW,B0_BASELINE,ALLOW,B1_BASELINE,ALLOW,DEFAULT_ALLOW,ALLOW,DEFAULT_ALLOW,ALLOW,DEFAULT_ALLOW,ALLOW,DEFAULT_ALLOW
TXN-a38801bf65f0,ALLOW,B0_BASELINE,ALLOW,B1_BASELINE,ALLOW,DEFAULT_ALLOW,ALLOW,DEFAULT_ALLOW,ALLOW,DEFAULT_ALLOW,ALLOW,DEFAULT_ALLOW
TXN-1dad74e34418,ALLOW,B0_BASELINE,ALLOW,B1_BASELINE,ALLOW,DEFAULT_ALLOW,ALLOW,DEFAULT_ALLOW,ALLOW,DEFAULT_ALLOW,ALLOW,DEFAULT_ALLOW
TXN-1fc8d353941e,ALLOW,B0_BASELINE,ALLOW,B1_BASELINE,HOLD,EMERGENCY_UNLISTED,HOLD,EMERGENCY_UNLISTED,HOLD,EMERGENCY_UNLISTED,ALLOW,DEFAULT_ALLOW
TXN-d763485c814e,ALLOW,B0_BASELINE,ALLOW,B1_BASELINE,HOLD,EMERGENCY_UNLISTED,HOLD,EMERGENCY_UNLISTED,HOLD,EMERGENCY_UNLISTED,ALLOW,DEFAULT_ALLOW
TXN-17d48f54aac0,ALLOW,B0_BASELINE,ALLOW,B1_BASELINE,ALLOW,DEFAULT_ALLOW,ALLOW,DEFAULT_ALLOW,ALLOW,DEFAULT_ALLOW,ALLOW,DEFAULT_ALLOW
TXN-bd561b1378f3,ALLOW,B0_BASELINE,ALLOW,B1_BASELINE,ALLOW,DEFAULT_ALLOW,ALLOW,DEFAULT_ALLOW,ALLOW,DEFAULT_ALLOW,ALLOW,DEFAULT_ALLOW
TXN-28e0dd3b9390,ALLOW,B0_BASELINE,ALLOW,B1_BASELINE,ALLOW,DEFAULT_ALLOW,ALLOW,DEFAULT_ALLOW,ALLOW,DEFAULT_ALLOW,ALLOW,DEFAULT_ALLOW
TXN-5c390bc86c85,ALLOW,B0_BASELINE,ALLOW,B1_BASELINE,ALLOW,DEFAULT_ALLOW,ALLOW,DEFAULT_ALLOW,ALLOW,DEFAULT_ALLOW,ALLOW,DEFAULT_ALLOW
TXN-273b7d374cbc,ALLOW,B0_BASELINE,ALLOW,B1_BASELINE,ALLOW,DEFAULT_ALLOW,ALLOW,DEFAULT_ALLOW,ALLOW,DEFAULT_ALLOW,ALLOW,DEFAULT_ALLOW
TXN-d33d28c97084,ALLOW,B0_BASELINE,ALLOW,B1_BASELINE,ALLOW,DEFAULT_ALLOW,ALLOW,DEFAULT_ALLOW,ALLOW,DEFAULT_ALLOW,ALLOW,DEFAULT_ALLOW
TXN-671d8183641e,ALLOW,B0_BASELINE,ALLOW,B1_BASELINE,ALLOW,DEFAULT_ALLOW,ALLOW,DEFAULT_ALLOW,ALLOW,DEFAULT_ALLOW,ALLOW,DEFAULT_ALLOW
TXN-7cb7bf6e9e0f,ALLOW,B0_BASELINE,ALLOW,B1_BASELINE,ALLOW,DEFAULT_ALLOW,ALLOW,DEFAULT_ALLOW,ALLOW,DEFAULT_ALLOW,ALLOW,DEFAULT_ALLOW
TXN-415408e1d0cd,ALLOW,B0_BASELINE,ALLOW,B1_BASELINE,ALLOW,DEFAULT_ALLOW,ALLOW,DEFAULT_ALLOW,ALLOW,DEFAULT_ALLOW,ALLOW,DEFAULT_ALLOW
TXN-298781398bce,ALLOW,B0_BASELINE,ALLOW,B1_BASELINE,ALLOW,DEFAULT_ALLOW,ALLOW,DEFAULT_ALLOW,ALLOW,DEFAULT_ALLOW,ALLOW,DEFAULT_ALLOW
TXN-db8940325f5b,ALLOW,B0_BASELINE,ALLOW,B1_BASELINE,ALLOW,DEFAULT_ALLOW,ALLOW,DEFAULT_ALLOW,ALLOW,DEFAULT_ALLOW,ALLOW,DEFAULT_ALLOW
TXN-6ef7805db05f,ALLOW,B0_BASELINE,ALLOW,B1_BASELINE,ALLOW,DEFAULT_ALLOW,ALLOW,DEFAULT_ALLOW,ALLOW,DEFAULT_ALLOW,ALLOW,DEFAULT_ALLOW
TXN-31365d7aa383,ALLOW,B0_BASELINE,ALLOW,B1_BASELINE,ALLOW,DEFAULT_ALLOW,ALLOW,DEFAULT_ALLOW,ALLOW,DEFAULT_ALLOW,ALLOW,DEFAULT_ALLOW
TXN-9c3df5015a1e,ALLOW,B0_BASELINE,ALLOW,B1_BASELINE,ALLOW,DEFAULT_ALLOW,ALLOW,DEFAULT_ALLOW,ALLOW,DEFAULT_ALLOW,ALLOW,DEFAULT_ALLOW
TXN-62cb574b7ec5,ALLOW,B0_BASELINE,ALLOW,B1_BASELINE,ALLOW,DEFAULT_ALLOW,ALLOW,DEFAULT_ALLOW,ALLOW,DEFAULT_ALLOW,ALLOW,DEFAULT_ALLOW
TXN-1b7069103ef2,ALLOW,B0_BASELINE,ALLOW,B1_BASELINE,ALLOW,DEFAULT_ALLOW,ALLOW,DEFAULT_ALLOW,ALLOW,DEFAULT_ALLOW,ALLOW,DEFAULT_ALLOW
TXN-6fbf1eef8863,ALLOW,B0_BASELINE,ALLOW,B1_BASELINE,ALLOW,DEFAULT_ALLOW,ALLOW,DEFAULT_ALLOW,ALLOW,DEFAULT_ALLOW,ALLOW,DEFAULT_ALLOW
TXN-021e3ecf7fdf,ALLOW,B0_BASELINE,HOLD,B1_RBI_RULE,HOLD,VAULT_RELEASE,HOLD,VAULT_RELEASE,ALLOW,DEFAULT_ALLOW,HOLD,VAULT_RELEASE
TXN-1d98187dc663,ALLOW,B0_BASELINE,ALLOW,B1_BASELINE,HOLD,EMERGENCY_UNLISTED,HOLD,EMERGENCY_UNLISTED,HOLD,EMERGENCY_UNLISTED,ALLOW,DEFAULT_ALLOW
TXN-a4caee03a898,ALLOW,B0_BASELINE,ALLOW,B1_BASELINE,ALLOW,DEFAULT_ALLOW,ALLOW,DEFAULT_ALLOW,ALLOW,DEFAULT_ALLOW,ALLOW,DEFAULT_ALLOW
TXN-10de0ee17269,ALLOW,B0_BASELINE,ALLOW,B1_BASELINE,ALLOW,DEFAULT_ALLOW,ALLOW,DEFAULT_ALLOW,ALLOW,DEFAULT_ALLOW,ALLOW,DEFAULT_ALLOW
TXN-bd5f8e321b70,ALLOW,B0_BASELINE,ALLOW,B1_BASELINE,ALLOW,DEFAULT_ALLOW,ALLOW,DEFAULT_ALLOW,ALLOW,DEFAULT_ALLOW,ALLOW,DEFAULT_ALLOW
TXN-d9ce72ace156,ALLOW,B0_BASELINE,ALLOW,B1_BASELINE,ALLOW,DEFAULT_ALLOW,ALLOW,DEFAULT_ALLOW,ALLOW,DEFAULT_ALLOW,ALLOW,DEFAULT_ALLOW
TXN-0261853a9535,ALLOW,B0_BASELINE,ALLOW,B1_BASELINE,ALLOW,DEFAULT_ALLOW,ALLOW,DEFAULT_ALLOW,ALLOW,DEFAULT_ALLOW,ALLOW,DEFAULT_ALLOW
TXN-99ed17d6c735,ALLOW,B0_BASELINE,ALLOW,B1_BASELINE,ALLOW,DEFAULT_ALLOW,ALLOW,DEFAULT_ALLOW,ALLOW,DEFAULT_ALLOW,ALLOW,DEFAULT_ALLOW
TXN-824f41ef95be,ALLOW,B0_BASELINE,ALLOW,B1_BASELINE,ALLOW,DEFAULT_ALLOW,ALLOW,DEFAULT_ALLOW,ALLOW,DEFAULT_ALLOW,ALLOW,DEFAULT_ALLOW
TXN-3f17a2d84595,ALLOW,B0_BASELINE,ALLOW,B1_BASELINE,ALLOW,DEFAULT_ALLOW,ALLOW,DEFAULT_ALLOW,ALLOW,DEFAULT_ALLOW,ALLOW,DEFAULT_ALLOW
TXN-b104b812c742,ALLOW,B0_BASELINE,ALLOW,B1_BASELINE,ALLOW,DEFAULT_ALLOW,ALLOW,DEFAULT_ALLOW,ALLOW,DEFAULT_ALLOW,ALLOW,DEFAULT_ALLOW
TXN-8d7cd2ee1d56,ALLOW,B0_BASELINE,ALLOW,B1_BASELINE,ALLOW,DEFAULT_ALLOW,ALLOW,DEFAULT_ALLOW,ALLOW,DEFAULT_ALLOW,ALLOW,DEFAULT_ALLOW
TXN-2a7af21946ee,ALLOW,B0_BASELINE,ALLOW,B1_BASELINE,REJECT,SAFETY_CALL_DETECTED,ALLOW,DEFAULT_ALLOW,REJECT,SAFETY_CALL_DETECTED,REJECT,SAFETY_CALL_DETECTED
TXN-61c184ce08cf,ALLOW,B0_BASELINE,ALLOW,B1_BASELINE,ALLOW,DEFAULT_ALLOW,ALLOW,DEFAULT_ALLOW,ALLOW,DEFAULT_ALLOW,ALLOW,DEFAULT_ALLOW
TXN-a25d4309c935,ALLOW,B0_BASELINE,ALLOW,B1_BASELINE,REJECT,SAFETY_CALL_DETECTED,ALLOW,DEFAULT_ALLOW,REJECT,SAFETY_CALL_DETECTED,REJECT,SAFETY_CALL_DETECTED
TXN-b0de497e92da,ALLOW,B0_BASELINE,ALLOW,B1_BASELINE,ALLOW,DEFAULT_ALLOW,ALLOW,DEFAULT_ALLOW,ALLOW,DEFAULT_ALLOW,ALLOW,DEFAULT_ALLOW
TXN-c3f6df4c7130,ALLOW,B0_BASELINE,ALLOW,B1_BASELINE,ALLOW,DEFAULT_ALLOW,ALLOW,DEFAULT_ALLOW,ALLOW,DEFAULT_ALLOW,ALLOW,DEFAULT_ALLOW
TXN-dabf6edae0b2,ALLOW,B0_BASELINE,ALLOW,B1_BASELINE,ESCALATE,SAFETY_VELOCITY,ALLOW,DEFAULT_ALLOW,ESCALATE,SAFETY_VELOCITY,ESCALATE,SAFETY_VELOCITY
TXN-9c136cea0afd,ALLOW,B0_BASELINE,ALLOW,B1_BASELINE,ALLOW,DEFAULT_ALLOW,ALLOW,DEFAULT_ALLOW,ALLOW,DEFAULT_ALLOW,ALLOW,DEFAULT_ALLOW
TXN-f98738bf50f7,ALLOW,B0_BASELINE,ALLOW,B1_BASELINE,ESCALATE,SAFETY_VELOCITY,ALLOW,DEFAULT_ALLOW,ESCALATE,SAFETY_VELOCITY,ESCALATE,SAFETY_VELOCITY
TXN-a5ee9fedb9bc,ALLOW,B0_BASELINE,ALLOW,B1_BASELINE,ALLOW,DEFAULT_ALLOW,ALLOW,DEFAULT_ALLOW,ALLOW,DEFAULT_ALLOW,ALLOW,DEFAULT_ALLOW
TXN-3c45ebaa65e0,ALLOW,B0_BASELINE,ALLOW,B1_BASELINE,ALLOW,DEFAULT_ALLOW,ALLOW,DEFAULT_ALLOW,ALLOW,DEFAULT_ALLOW,ALLOW,DEFAULT_ALLOW
TXN-158ffb1400d6,ALLOW,B0_BASELINE,ALLOW,B1_BASELINE,REJECT,SAFETY_CALL_DETECTED,ALLOW,DEFAULT_ALLOW,REJECT,SAFETY_CALL_DETECTED,REJECT,SAFETY_CALL_DETECTED
TXN-4c39cb3045a2,ALLOW,B0_BASELINE,ALLOW,B1_BASELINE,ALLOW,DEFAULT_ALLOW,ALLOW,DEFAULT_ALLOW,ALLOW,DEFAULT_ALLOW,ALLOW,DEFAULT_ALLOW
TXN-9c158c863e87,ALLOW,B0_BASELINE,ALLOW,B1_BASELINE,ALLOW,DEFAULT_ALLOW,ALLOW,DEFAULT_ALLOW,ALLOW,DEFAULT_ALLOW,ALLOW,DEFAULT_ALLOW
TXN-d6904fab47ae,ALLOW,B0_BASELINE,ALLOW,B1_BASELINE,ALLOW,DEFAULT_ALLOW,ALLOW,DEFAULT_ALLOW,ALLOW,DEFAULT_ALLOW,ALLOW,DEFAULT_ALLOW
TXN-fb73e47d45a4,ALLOW,B0_BASELINE,ALLOW,B1_BASELINE,ESCALATE,SAFETY_VELOCITY,ALLOW,DEFAULT_ALLOW,ESCALATE,SAFETY_VELOCITY,ESCALATE,SAFETY_VELOCITY
TXN-2ab3ca9737aa,ALLOW,B0_BASELINE,ALLOW,B1_BASELINE,ALLOW,DEFAULT_ALLOW,ALLOW,DEFAULT_ALLOW,ALLOW,DEFAULT_ALLOW,ALLOW,DEFAULT_ALLOW
TXN-45220c436697,ALLOW,B0_BASELINE,ALLOW,B1_BASELINE,ALLOW,DEFAULT_ALLOW,ALLOW,DEFAULT_ALLOW,ALLOW,DEFAULT_ALLOW,ALLOW,DEFAULT_ALLOW
TXN-2716bdb552ea,ALLOW,B0_BASELINE,ALLOW,B1_BASELINE,ALLOW,DEFAULT_ALLOW,ALLOW,DEFAULT_ALLOW,ALLOW,DEFAULT_ALLOW,ALLOW,DEFAULT_ALLOW
TXN-d322204a88fe,ALLOW,B0_BASELINE,ALLOW,B1_BASELINE,ALLOW,DEFAULT_ALLOW,ALLOW,DEFAULT_ALLOW,ALLOW,DEFAULT_ALLOW,ALLOW,DEFAULT_ALLOW
TXN-a9e148fa5419,ALLOW,B0_BASELINE,ALLOW,B1_BASELINE,ALLOW,DEFAULT_ALLOW,ALLOW,DEFAULT_ALLOW,ALLOW,DEFAULT_ALLOW,ALLOW,DEFAULT_ALLOW
TXN-8a93f4fe777d,ALLOW,B0_BASELINE,ALLOW,B1_BASELINE,ALLOW,DEFAULT_ALLOW,ALLOW,DEFAULT_ALLOW,ALLOW,DEFAULT_ALLOW,ALLOW,DEFAULT_ALLOW
TXN-1d4dfdb3d57f,ALLOW,B0_BASELINE,ALLOW,B1_BASELINE,ALLOW,DEFAULT_ALLOW,ALLOW,DEFAULT_ALLOW,ALLOW,DEFAULT_ALLOW,ALLOW,DEFAULT_ALLOW
TXN-bb73dee62c9c,ALLOW,B0_BASELINE,ALLOW,B1_BASELINE,ALLOW,DEFAULT_ALLOW,ALLOW,DEFAULT_ALLOW,ALLOW,DEFAULT_ALLOW,ALLOW,DEFAULT_ALLOW
TXN-f0f12f9b51e2,ALLOW,B0_BASELINE,ALLOW,B1_BASELINE,ALLOW,DEFAULT_ALLOW,ALLOW,DEFAULT_ALLOW,ALLOW,DEFAULT_ALLOW,ALLOW,DEFAULT_ALLOW
TXN-991d38c515fd,ALLOW,B0_BASELINE,ALLOW,B1_BASELINE,ALLOW,DEFAULT_ALLOW,ALLOW,DEFAULT_ALLOW,ALLOW,DEFAULT_ALLOW,ALLOW,DEFAULT_ALLOW
TXN-d5c011268cb5,ALLOW,B0_BASELINE,ALLOW,B1_BASELINE,ALLOW,DEFAULT_ALLOW,ALLOW,DEFAULT_ALLOW,ALLOW,DEFAULT_ALLOW,ALLOW,DEFAULT_ALLOW
TXN-b7938ed40565,ALLOW,B0_BASELINE,ALLOW,B1_BASELINE,HOLD,EMERGENCY_UNLISTED,HOLD,EMERGENCY_UNLISTED,HOLD,EMERGENCY_UNLISTED,ALLOW,DEFAULT_ALLOW
TXN-a1fa505e6581,ALLOW,B0_BASELINE,ALLOW,B1_BASELINE,ALLOW,DEFAULT_ALLOW,ALLOW,DEFAULT_ALLOW,ALLOW,DEFAULT_ALLOW,ALLOW,DEFAULT_ALLOW
TXN-c5ded75e8f2c,ALLOW,B0_BASELINE,ALLOW,B1_BASELINE,ALLOW,DEFAULT_ALLOW,ALLOW,DEFAULT_ALLOW,ALLOW,DEFAULT_ALLOW,ALLOW,DEFAULT_ALLOW
TXN-6c626befdca6,ALLOW,B0_BASELINE,ALLOW,B1_BASELINE,ALLOW,DEFAULT_ALLOW,ALLOW,DEFAULT_ALLOW,ALLOW,DEFAULT_ALLOW,ALLOW,DEFAULT_ALLOW
TXN-2550745cd078,ALLOW,B0_BASELINE,ALLOW,B1_BASELINE,ALLOW,DEFAULT_ALLOW,ALLOW,DEFAULT_ALLOW,ALLOW,DEFAULT_ALLOW,ALLOW,DEFAULT_ALLOW
TXN-e67a020500a6,ALLOW,B0_BASELINE,ALLOW,B1_BASELINE,ALLOW,DEFAULT_ALLOW,ALLOW,DEFAULT_ALLOW,ALLOW,DEFAULT_ALLOW,ALLOW,DEFAULT_ALLOW
TXN-5f81f636a48b,ALLOW,B0_BASELINE,ALLOW,B1_BASELINE,ALLOW,DEFAULT_ALLOW,ALLOW,DEFAULT_ALLOW,ALLOW,DEFAULT_ALLOW,ALLOW,DEFAULT_ALLOW
TXN-69d2d0c2d79b,ALLOW,B0_BASELINE,ALLOW,B1_BASELINE,ALLOW,DEFAULT_ALLOW,ALLOW,DEFAULT_ALLOW,ALLOW,DEFAULT_ALLOW,ALLOW,DEFAULT_ALLOW
TXN-658ff1b7c298,ALLOW,B0_BASELINE,ALLOW,B1_BASELINE,ALLOW,DEFAULT_ALLOW,ALLOW,DEFAULT_ALLOW,ALLOW,DEFAULT_ALLOW,ALLOW,DEFAULT_ALLOW
TXN-fb21b1f5e351,ALLOW,B0_BASELINE,ALLOW,B1_BASELINE,ALLOW,DEFAULT_ALLOW,ALLOW,DEFAULT_ALLOW,ALLOW,DEFAULT_ALLOW,ALLOW,DEFAULT_ALLOW
TXN-928dc534fd4c,ALLOW,B0_BASELINE,ALLOW,B1_BASELINE,ALLOW,DEFAULT_ALLOW,ALLOW,DEFAULT_ALLOW,ALLOW,DEFAULT_ALLOW,ALLOW,DEFAULT_ALLOW
TXN-334ce52a7591,ALLOW,B0_BASELINE,ALLOW,B1_BASELINE,ALLOW,DEFAULT_ALLOW,ALLOW,DEFAULT_ALLOW,ALLOW,DEFAULT_ALLOW,ALLOW,DEFAULT_ALLOW
TXN-4c6b4a4b62fe,ALLOW,B0_BASELINE,ALLOW,B1_BASELINE,ALLOW,DEFAULT_ALLOW,ALLOW,DEFAULT_ALLOW,ALLOW,DEFAULT_ALLOW,ALLOW,DEFAULT_ALLOW
TXN-696ea487dc3c,ALLOW,B0_BASELINE,ALLOW,B1_BASELINE,ALLOW,DEFAULT_ALLOW,ALLOW,DEFAULT_ALLOW,ALLOW,DEFAULT_ALLOW,ALLOW,DEFAULT_ALLOW
TXN-bbfc24bcfd61,ALLOW,B0_BASELINE,ALLOW,B1_BASELINE,ALLOW,DEFAULT_ALLOW,ALLOW,DEFAULT_ALLOW,ALLOW,DEFAULT_ALLOW,ALLOW,DEFAULT_ALLOW
TXN-ef916efe60f8,ALLOW,B0_BASELINE,ALLOW,B1_BASELINE,ALLOW,DEFAULT_ALLOW,ALLOW,DEFAULT_ALLOW,ALLOW,DEFAULT_ALLOW,ALLOW,DEFAULT_ALLOW
TXN-608c91ee2290,ALLOW,B0_BASELINE,ALLOW,B1_BASELINE,ALLOW,DEFAULT_ALLOW,ALLOW,DEFAULT_ALLOW,ALLOW,DEFAULT_ALLOW,ALLOW,DEFAULT_ALLOW
TXN-ca7674f789b2,ALLOW,B0_BASELINE,ALLOW,B1_BASELINE,HOLD,EMERGENCY_UNLISTED,HOLD,EMERGENCY_UNLISTED,HOLD,EMERGENCY_UNLISTED,ALLOW,DEFAULT_ALLOW
TXN-850036dd59b3,ALLOW,B0_BASELINE,ALLOW,B1_BASELINE,ALLOW,DEFAULT_ALLOW,ALLOW,DEFAULT_ALLOW,ALLOW,DEFAULT_ALLOW,ALLOW,DEFAULT_ALLOW
TXN-d2da696ec01e,ALLOW,B0_BASELINE,ALLOW,B1_BASELINE,ALLOW,DEFAULT_ALLOW,ALLOW,DEFAULT_ALLOW,ALLOW,DEFAULT_ALLOW,ALLOW,DEFAULT_ALLOW
TXN-1da4b03b7cbb,ALLOW,B0_BASELINE,ALLOW,B1_BASELINE,ALLOW,DEFAULT_ALLOW,ALLOW,DEFAULT_ALLOW,ALLOW,DEFAULT_ALLOW,ALLOW,DEFAULT_ALLOW
TXN-9a12b9bdba25,ALLOW,B0_BASELINE,ALLOW,B1_BASELINE,HOLD,EMERGENCY_UNLISTED,HOLD,EMERGENCY_UNLISTED,HOLD,EMERGENCY_UNLISTED,ALLOW,DEFAULT_ALLOW
TXN-4616eaa048ef,ALLOW,B0_BASELINE,ALLOW,B1_BASELINE,ALLOW,DEFAULT_ALLOW,ALLOW,DEFAULT_ALLOW,ALLOW,DEFAULT_ALLOW,ALLOW,DEFAULT_ALLOW
TXN-601e025f48c5,ALLOW,B0_BASELINE,ALLOW,B1_BASELINE,ALLOW,DEFAULT_ALLOW,ALLOW,DEFAULT_ALLOW,ALLOW,DEFAULT_ALLOW,ALLOW,DEFAULT_ALLOW
TXN-73f7da5d2a04,ALLOW,B0_BASELINE,HOLD,B1_RBI_RULE,HOLD,VAULT_FD_BROKEN,HOLD,VAULT_FD_BROKEN,ALLOW,DEFAULT_ALLOW,HOLD,VAULT_FD_BROKEN
TXN-c4641a6a3b01,ALLOW,B0_BASELINE,ALLOW,B1_BASELINE,ALLOW,DEFAULT_ALLOW,ALLOW,DEFAULT_ALLOW,ALLOW,DEFAULT_ALLOW,ALLOW,DEFAULT_ALLOW
TXN-a43c48bb5a0f,ALLOW,B0_BASELINE,ALLOW,B1_BASELINE,ALLOW,DEFAULT_ALLOW,ALLOW,DEFAULT_ALLOW,ALLOW,DEFAULT_ALLOW,ALLOW,DEFAULT_ALLOW
TXN-71a84f8226a8,ALLOW,B0_BASELINE,ALLOW,B1_BASELINE,ALLOW,DEFAULT_ALLOW,ALLOW,DEFAULT_ALLOW,ALLOW,DEFAULT_ALLOW,ALLOW,DEFAULT_ALLOW
TXN-104e8970e4e1,ALLOW,B0_BASELINE,HOLD,B1_RBI_RULE,HOLD,VAULT_RELEASE,HOLD,VAULT_RELEASE,ALLOW,DEFAULT_ALLOW,HOLD,VAULT_RELEASE
TXN-c0ba88ed4865,ALLOW,B0_BASELINE,ALLOW,B1_BASELINE,ALLOW,DEFAULT_ALLOW,ALLOW,DEFAULT_ALLOW,ALLOW,DEFAULT_ALLOW,ALLOW,DEFAULT_ALLOW
TXN-eb9cbcb7229e,ALLOW,B0_BASELINE,HOLD,B1_RBI_RULE,HOLD,VAULT_FD_BROKEN,HOLD,VAULT_FD_BROKEN,ALLOW,DEFAULT_ALLOW,HOLD,VAULT_FD_BROKEN
TXN-e3cb24b87dc8,ALLOW,B0_BASELINE,ALLOW,B1_BASELINE,ALLOW,DEFAULT_ALLOW,ALLOW,DEFAULT_ALLOW,ALLOW,DEFAULT_ALLOW,ALLOW,DEFAULT_ALLOW
TXN-32fae1cc9492,ALLOW,B0_BASELINE,ALLOW,B1_BASELINE,ALLOW,DEFAULT_ALLOW,ALLOW,DEFAULT_ALLOW,ALLOW,DEFAULT_ALLOW,ALLOW,DEFAULT_ALLOW
TXN-2a7356da4787,ALLOW,B0_BASELINE,ALLOW,B1_BASELINE,ALLOW,DEFAULT_ALLOW,ALLOW,DEFAULT_ALLOW,ALLOW,DEFAULT_ALLOW,ALLOW,DEFAULT_ALLOW
TXN-04d9c1c7e15d,ALLOW,B0_BASELINE,ALLOW,B1_BASELINE,ALLOW,DEFAULT_ALLOW,ALLOW,DEFAULT_ALLOW,ALLOW,DEFAULT_ALLOW,ALLOW,DEFAULT_ALLOW
TXN-3c4301802e82,ALLOW,B0_BASELINE,ALLOW,B1_BASELINE,ALLOW,DEFAULT_ALLOW,ALLOW,DEFAULT_ALLOW,ALLOW,DEFAULT_ALLOW,ALLOW,DEFAULT_ALLOW
TXN-b453e48974b6,ALLOW,B0_BASELINE,ALLOW,B1_BASELINE,ALLOW,DEFAULT_ALLOW,ALLOW,DEFAULT_ALLOW,ALLOW,DEFAULT_ALLOW,ALLOW,DEFAULT_ALLOW
TXN-2b23fb772d1e,ALLOW,B0_BASELINE,ALLOW,B1_BASELINE,ALLOW,DEFAULT_ALLOW,ALLOW,DEFAULT_ALLOW,ALLOW,DEFAULT_ALLOW,ALLOW,DEFAULT_ALLOW
TXN-8a5e555258ac,ALLOW,B0_BASELINE,ALLOW,B1_BASELINE,ALLOW,DEFAULT_ALLOW,ALLOW,DEFAULT_ALLOW,ALLOW,DEFAULT_ALLOW,ALLOW,DEFAULT_ALLOW
TXN-4182d545ce1b,ALLOW,B0_BASELINE,ALLOW,B1_BASELINE,ALLOW,DEFAULT_ALLOW,ALLOW,DEFAULT_ALLOW,ALLOW,DEFAULT_ALLOW,ALLOW,DEFAULT_ALLOW
TXN-547baa4705d7,ALLOW,B0_BASELINE,ALLOW,B1_BASELINE,ALLOW,DEFAULT_ALLOW,ALLOW,DEFAULT_ALLOW,ALLOW,DEFAULT_ALLOW,ALLOW,DEFAULT_ALLOW
TXN-3cf310ea63e5,ALLOW,B0_BASELINE,ALLOW,B1_BASELINE,ALLOW,DEFAULT_ALLOW,ALLOW,DEFAULT_ALLOW,ALLOW,DEFAULT_ALLOW,ALLOW,DEFAULT_ALLOW
TXN-a74e63c3cc7d,ALLOW,B0_BASELINE,ALLOW,B1_BASELINE,ALLOW,DEFAULT_ALLOW,ALLOW,DEFAULT_ALLOW,ALLOW,DEFAULT_ALLOW,ALLOW,DEFAULT_ALLOW
TXN-1a4f8472e8e9,ALLOW,B0_BASELINE,ALLOW,B1_BASELINE,ALLOW,DEFAULT_ALLOW,ALLOW,DEFAULT_ALLOW,ALLOW,DEFAULT_ALLOW,ALLOW,DEFAULT_ALLOW
TXN-2f6d78093967,ALLOW,B0_BASELINE,ALLOW,B1_BASELINE,ALLOW,DEFAULT_ALLOW,ALLOW,DEFAULT_ALLOW,ALLOW,DEFAULT_ALLOW,ALLOW,DEFAULT_ALLOW
TXN-528528ce5f22,ALLOW,B0_BASELINE,ALLOW,B1_BASELINE,ALLOW,DEFAULT_ALLOW,ALLOW,DEFAULT_ALLOW,ALLOW,DEFAULT_ALLOW,ALLOW,DEFAULT_ALLOW
TXN-686e7b335349,ALLOW,B0_BASELINE,ALLOW,B1_BASELINE,ALLOW,DEFAULT_ALLOW,ALLOW,DEFAULT_ALLOW,ALLOW,DEFAULT_ALLOW,ALLOW,DEFAULT_ALLOW
TXN-1dc9c4fe065f,ALLOW,B0_BASELINE,ALLOW,B1_BASELINE,ALLOW,DEFAULT_ALLOW,ALLOW,DEFAULT_ALLOW,ALLOW,DEFAULT_ALLOW,ALLOW,DEFAULT_ALLOW
TXN-2ae1071f19dd,ALLOW,B0_BASELINE,ALLOW,B1_BASELINE,ALLOW,DEFAULT_ALLOW,ALLOW,DEFAULT_ALLOW,ALLOW,DEFAULT_ALLOW,ALLOW,DEFAULT_ALLOW
TXN-d7bb9ad04a8e,ALLOW,B0_BASELINE,ALLOW,B1_BASELINE,ALLOW,DEFAULT_ALLOW,ALLOW,DEFAULT_ALLOW,ALLOW,DEFAULT_ALLOW,ALLOW,DEFAULT_ALLOW
TXN-cbe5ac34f1b4,ALLOW,B0_BASELINE,ALLOW,B1_BASELINE,ALLOW,DEFAULT_ALLOW,ALLOW,DEFAULT_ALLOW,ALLOW,DEFAULT_ALLOW,ALLOW,DEFAULT_ALLOW
TXN-c45fcad0c5ed,ALLOW,B0_BASELINE,HOLD,B1_RBI_RULE,HOLD,VAULT_FD_BROKEN,HOLD,VAULT_FD_BROKEN,ALLOW,DEFAULT_ALLOW,HOLD,VAULT_FD_BROKEN
TXN-2e40e4d007a9,ALLOW,B0_BASELINE,ALLOW,B1_BASELINE,ESCALATE,SAFETY_VELOCITY,ALLOW,DEFAULT_ALLOW,ESCALATE,SAFETY_VELOCITY,ESCALATE,SAFETY_VELOCITY
TXN-d5197861eb81,ALLOW,B0_BASELINE,HOLD,B1_RBI_RULE,HOLD,VAULT_RELEASE,HOLD,VAULT_RELEASE,HOLD,PAYMENT_NEW_INDIVIDUAL_LARGE,HOLD,VAULT_RELEASE
TXN-191f7a990a38,ALLOW,B0_BASELINE,ALLOW,B1_BASELINE,ALLOW,DEFAULT_ALLOW,ALLOW,DEFAULT_ALLOW,ALLOW,DEFAULT_ALLOW,ALLOW,DEFAULT_ALLOW
TXN-4e704d177c03,ALLOW,B0_BASELINE,ALLOW,B1_BASELINE,ALLOW,DEFAULT_ALLOW,ALLOW,DEFAULT_ALLOW,ALLOW,DEFAULT_ALLOW,ALLOW,DEFAULT_ALLOW
TXN-094d7e2ab64a,ALLOW,B0_BASELINE,ALLOW,B1_BASELINE,ALLOW,DEFAULT_ALLOW,ALLOW,DEFAULT_ALLOW,ALLOW,DEFAULT_ALLOW,ALLOW,DEFAULT_ALLOW
TXN-05ed4c1b475d,ALLOW,B0_BASELINE,ALLOW,B1_BASELINE,ALLOW,DEFAULT_ALLOW,ALLOW,DEFAULT_ALLOW,ALLOW,DEFAULT_ALLOW,ALLOW,DEFAULT_ALLOW
TXN-7000097753d6,ALLOW,B0_BASELINE,ALLOW,B1_BASELINE,ALLOW,DEFAULT_ALLOW,ALLOW,DEFAULT_ALLOW,ALLOW,DEFAULT_ALLOW,ALLOW,DEFAULT_ALLOW
TXN-8f8b58aecdc0,ALLOW,B0_BASELINE,ALLOW,B1_BASELINE,ALLOW,DEFAULT_ALLOW,ALLOW,DEFAULT_ALLOW,ALLOW,DEFAULT_ALLOW,ALLOW,DEFAULT_ALLOW
TXN-4b20c60f5088,ALLOW,B0_BASELINE,ALLOW,B1_BASELINE,ALLOW,DEFAULT_ALLOW,ALLOW,DEFAULT_ALLOW,ALLOW,DEFAULT_ALLOW,ALLOW,DEFAULT_ALLOW
TXN-71652b78de25,ALLOW,B0_BASELINE,ALLOW,B1_BASELINE,ALLOW,DEFAULT_ALLOW,ALLOW,DEFAULT_ALLOW,ALLOW,DEFAULT_ALLOW,ALLOW,DEFAULT_ALLOW
TXN-be2337b77c44,ALLOW,B0_BASELINE,ALLOW,B1_BASELINE,ALLOW,DEFAULT_ALLOW,ALLOW,DEFAULT_ALLOW,ALLOW,DEFAULT_ALLOW,ALLOW,DEFAULT_ALLOW
TXN-9aec19de81b6,ALLOW,B0_BASELINE,ALLOW,B1_BASELINE,ALLOW,DEFAULT_ALLOW,ALLOW,DEFAULT_ALLOW,ALLOW,DEFAULT_ALLOW,ALLOW,DEFAULT_ALLOW
TXN-522b494954ec,ALLOW,B0_BASELINE,ALLOW,B1_BASELINE,ALLOW,DEFAULT_ALLOW,ALLOW,DEFAULT_ALLOW,ALLOW,DEFAULT_ALLOW,ALLOW,DEFAULT_ALLOW
TXN-6691f48df069,ALLOW,B0_BASELINE,ALLOW,B1_BASELINE,ALLOW,DEFAULT_ALLOW,ALLOW,DEFAULT_ALLOW,ALLOW,DEFAULT_ALLOW,ALLOW,DEFAULT_ALLOW
TXN-41e050e2dc08,ALLOW,B0_BASELINE,ALLOW,B1_BASELINE,ALLOW,DEFAULT_ALLOW,ALLOW,DEFAULT_ALLOW,ALLOW,DEFAULT_ALLOW,ALLOW,DEFAULT_ALLOW
TXN-a0b6af3c6783,ALLOW,B0_BASELINE,ALLOW,B1_BASELINE,ALLOW,DEFAULT_ALLOW,ALLOW,DEFAULT_ALLOW,ALLOW,DEFAULT_ALLOW,ALLOW,DEFAULT_ALLOW
TXN-aa6a21093ce8,ALLOW,B0_BASELINE,ALLOW,B1_BASELINE,ALLOW,DEFAULT_ALLOW,ALLOW,DEFAULT_ALLOW,ALLOW,DEFAULT_ALLOW,ALLOW,DEFAULT_ALLOW
TXN-94f2640c99b3,ALLOW,B0_BASELINE,ALLOW,B1_BASELINE,REJECT,SAFETY_CALL_DETECTED,ALLOW,DEFAULT_ALLOW,REJECT,SAFETY_CALL_DETECTED,REJECT,SAFETY_CALL_DETECTED
TXN-9168ffe5e609,ALLOW,B0_BASELINE,ALLOW,B1_BASELINE,ALLOW,DEFAULT_ALLOW,ALLOW,DEFAULT_ALLOW,ALLOW,DEFAULT_ALLOW,ALLOW,DEFAULT_ALLOW
TXN-c0673fb4289d,ALLOW,B0_BASELINE,ALLOW,B1_BASELINE,REJECT,SAFETY_CALL_DETECTED,ALLOW,DEFAULT_ALLOW,REJECT,SAFETY_CALL_DETECTED,REJECT,SAFETY_CALL_DETECTED
TXN-17db8b95fedc,ALLOW,B0_BASELINE,ALLOW,B1_BASELINE,ALLOW,DEFAULT_ALLOW,ALLOW,DEFAULT_ALLOW,ALLOW,DEFAULT_ALLOW,ALLOW,DEFAULT_ALLOW
TXN-a14476ad41b9,ALLOW,B0_BASELINE,ALLOW,B1_BASELINE,ALLOW,DEFAULT_ALLOW,ALLOW,DEFAULT_ALLOW,ALLOW,DEFAULT_ALLOW,ALLOW,DEFAULT_ALLOW
TXN-a495d035a53d,ALLOW,B0_BASELINE,ALLOW,B1_BASELINE,ALLOW,DEFAULT_ALLOW,ALLOW,DEFAULT_ALLOW,ALLOW,DEFAULT_ALLOW,ALLOW,DEFAULT_ALLOW
TXN-f113bfe511b3,ALLOW,B0_BASELINE,ALLOW,B1_BASELINE,REJECT,SAFETY_CALL_DETECTED,ALLOW,DEFAULT_ALLOW,REJECT,SAFETY_CALL_DETECTED,REJECT,SAFETY_CALL_DETECTED
TXN-1da31ed4c531,ALLOW,B0_BASELINE,ALLOW,B1_BASELINE,ALLOW,DEFAULT_ALLOW,ALLOW,DEFAULT_ALLOW,ALLOW,DEFAULT_ALLOW,ALLOW,DEFAULT_ALLOW
TXN-076f8d7db33a,ALLOW,B0_BASELINE,ALLOW,B1_BASELINE,ALLOW,DEFAULT_ALLOW,ALLOW,DEFAULT_ALLOW,ALLOW,DEFAULT_ALLOW,ALLOW,DEFAULT_ALLOW
TXN-94b59ab12ae7,ALLOW,B0_BASELINE,ALLOW,B1_BASELINE,ESCALATE,SAFETY_VELOCITY,ALLOW,DEFAULT_ALLOW,ESCALATE,SAFETY_VELOCITY,ESCALATE,SAFETY_VELOCITY
TXN-8072d07c176f,ALLOW,B0_BASELINE,ALLOW,B1_BASELINE,ALLOW,DEFAULT_ALLOW,ALLOW,DEFAULT_ALLOW,ALLOW,DEFAULT_ALLOW,ALLOW,DEFAULT_ALLOW
TXN-1008d95b908b,ALLOW,B0_BASELINE,ALLOW,B1_BASELINE,ALLOW,DEFAULT_ALLOW,ALLOW,DEFAULT_ALLOW,ALLOW,DEFAULT_ALLOW,ALLOW,DEFAULT_ALLOW
TXN-8af21c4a9a44,ALLOW,B0_BASELINE,ALLOW,B1_BASELINE,REJECT,SAFETY_CALL_DETECTED,ALLOW,DEFAULT_ALLOW,REJECT,SAFETY_CALL_DETECTED,REJECT,SAFETY_CALL_DETECTED
TXN-9c71b510d4c8,ALLOW,B0_BASELINE,ALLOW,B1_BASELINE,ALLOW,DEFAULT_ALLOW,ALLOW,DEFAULT_ALLOW,ALLOW,DEFAULT_ALLOW,ALLOW,DEFAULT_ALLOW
TXN-c07b2905a246,ALLOW,B0_BASELINE,ALLOW,B1_BASELINE,ALLOW,DEFAULT_ALLOW,ALLOW,DEFAULT_ALLOW,ALLOW,DEFAULT_ALLOW,ALLOW,DEFAULT_ALLOW
TXN-19eec82b724c,ALLOW,B0_BASELINE,ALLOW,B1_BASELINE,ALLOW,DEFAULT_ALLOW,ALLOW,DEFAULT_ALLOW,ALLOW,DEFAULT_ALLOW,ALLOW,DEFAULT_ALLOW
TXN-2c6a4d2c4419,ALLOW,B0_BASELINE,ALLOW,B1_BASELINE,ALLOW,DEFAULT_ALLOW,ALLOW,DEFAULT_ALLOW,ALLOW,DEFAULT_ALLOW,ALLOW,DEFAULT_ALLOW
TXN-224f2205f986,ALLOW,B0_BASELINE,ALLOW,B1_BASELINE,ALLOW,DEFAULT_ALLOW,ALLOW,DEFAULT_ALLOW,ALLOW,DEFAULT_ALLOW,ALLOW,DEFAULT_ALLOW
TXN-1b9b4f157ef4,ALLOW,B0_BASELINE,ALLOW,B1_BASELINE,ALLOW,DEFAULT_ALLOW,ALLOW,DEFAULT_ALLOW,ALLOW,DEFAULT_ALLOW,ALLOW,DEFAULT_ALLOW
TXN-007b7485ab0f,ALLOW,B0_BASELINE,ALLOW,B1_BASELINE,ALLOW,DEFAULT_ALLOW,ALLOW,DEFAULT_ALLOW,ALLOW,DEFAULT_ALLOW,ALLOW,DEFAULT_ALLOW
TXN-3c112c2041c8,ALLOW,B0_BASELINE,ALLOW,B1_BASELINE,ALLOW,DEFAULT_ALLOW,ALLOW,DEFAULT_ALLOW,ALLOW,DEFAULT_ALLOW,ALLOW,DEFAULT_ALLOW
TXN-8cce86936422,ALLOW,B0_BASELINE,ALLOW,B1_BASELINE,ALLOW,DEFAULT_ALLOW,ALLOW,DEFAULT_ALLOW,ALLOW,DEFAULT_ALLOW,ALLOW,DEFAULT_ALLOW
TXN-84d3b7e7bf7f,ALLOW,B0_BASELINE,ALLOW,B1_BASELINE,ALLOW,DEFAULT_ALLOW,ALLOW,DEFAULT_ALLOW,ALLOW,DEFAULT_ALLOW,ALLOW,DEFAULT_ALLOW
TXN-fd66f645b3e3,ALLOW,B0_BASELINE,ALLOW,B1_BASELINE,ALLOW,DEFAULT_ALLOW,ALLOW,DEFAULT_ALLOW,ALLOW,DEFAULT_ALLOW,ALLOW,DEFAULT_ALLOW
TXN-6a50c28254e4,ALLOW,B0_BASELINE,ALLOW,B1_BASELINE,ALLOW,DEFAULT_ALLOW,ALLOW,DEFAULT_ALLOW,ALLOW,DEFAULT_ALLOW,ALLOW,DEFAULT_ALLOW
TXN-51d22a400bd2,ALLOW,B0_BASELINE,ALLOW,B1_BASELINE,ALLOW,DEFAULT_ALLOW,ALLOW,DEFAULT_ALLOW,ALLOW,DEFAULT_ALLOW,ALLOW,DEFAULT_ALLOW
TXN-d19857c02952,ALLOW,B0_BASELINE,ALLOW,B1_BASELINE,ALLOW,DEFAULT_ALLOW,ALLOW,DEFAULT_ALLOW,ALLOW,DEFAULT_ALLOW,ALLOW,DEFAULT_ALLOW
TXN-8bb17e2a41ca,ALLOW,B0_BASELINE,ALLOW,B1_BASELINE,ALLOW,DEFAULT_ALLOW,ALLOW,DEFAULT_ALLOW,ALLOW,DEFAULT_ALLOW,ALLOW,DEFAULT_ALLOW
TXN-e9f2b41cf85b,ALLOW,B0_BASELINE,ALLOW,B1_BASELINE,ALLOW,DEFAULT_ALLOW,ALLOW,DEFAULT_ALLOW,ALLOW,DEFAULT_ALLOW,ALLOW,DEFAULT_ALLOW
TXN-eff4adfe3fd9,ALLOW,B0_BASELINE,ALLOW,B1_BASELINE,ALLOW,DEFAULT_ALLOW,ALLOW,DEFAULT_ALLOW,ALLOW,DEFAULT_ALLOW,ALLOW,DEFAULT_ALLOW
TXN-c3acf223aff1,ALLOW,B0_BASELINE,ALLOW,B1_BASELINE,HOLD,EMERGENCY_UNLISTED,HOLD,EMERGENCY_UNLISTED,HOLD,EMERGENCY_UNLISTED,ALLOW,DEFAULT_ALLOW
TXN-6f6f735032d6,ALLOW,B0_BASELINE,ALLOW,B1_BASELINE,ALLOW,DEFAULT_ALLOW,ALLOW,DEFAULT_ALLOW,ALLOW,DEFAULT_ALLOW,ALLOW,DEFAULT_ALLOW
TXN-17e74295f01c,ALLOW,B0_BASELINE,ALLOW,B1_BASELINE,ALLOW,DEFAULT_ALLOW,ALLOW,DEFAULT_ALLOW,ALLOW,DEFAULT_ALLOW,ALLOW,DEFAULT_ALLOW
TXN-81af19cb2ec4,ALLOW,B0_BASELINE,ALLOW,B1_BASELINE,ALLOW,DEFAULT_ALLOW,ALLOW,DEFAULT_ALLOW,ALLOW,DEFAULT_ALLOW,ALLOW,DEFAULT_ALLOW
TXN-47dbe4d018d5,ALLOW,B0_BASELINE,ALLOW,B1_BASELINE,ALLOW,DEFAULT_ALLOW,ALLOW,DEFAULT_ALLOW,ALLOW,DEFAULT_ALLOW,ALLOW,DEFAULT_ALLOW
TXN-9391918eeae6,ALLOW,B0_BASELINE,ALLOW,B1_BASELINE,ALLOW,DEFAULT_ALLOW,ALLOW,DEFAULT_ALLOW,ALLOW,DEFAULT_ALLOW,ALLOW,DEFAULT_ALLOW
TXN-c89344af5b31,ALLOW,B0_BASELINE,ALLOW,B1_BASELINE,ALLOW,DEFAULT_ALLOW,ALLOW,DEFAULT_ALLOW,ALLOW,DEFAULT_ALLOW,ALLOW,DEFAULT_ALLOW
TXN-676a57e575d2,ALLOW,B0_BASELINE,ALLOW,B1_BASELINE,ALLOW,DEFAULT_ALLOW,ALLOW,DEFAULT_ALLOW,ALLOW,DEFAULT_ALLOW,ALLOW,DEFAULT_ALLOW
TXN-ae8825709d38,ALLOW,B0_BASELINE,ALLOW,B1_BASELINE,ALLOW,DEFAULT_ALLOW,ALLOW,DEFAULT_ALLOW,ALLOW,DEFAULT_ALLOW,ALLOW,DEFAULT_ALLOW
TXN-51434314419d,ALLOW,B0_BASELINE,ALLOW,B1_BASELINE,ALLOW,DEFAULT_ALLOW,ALLOW,DEFAULT_ALLOW,ALLOW,DEFAULT_ALLOW,ALLOW,DEFAULT_ALLOW
TXN-8e73821bd695,ALLOW,B0_BASELINE,ALLOW,B1_BASELINE,ALLOW,DEFAULT_ALLOW,ALLOW,DEFAULT_ALLOW,ALLOW,DEFAULT_ALLOW,ALLOW,DEFAULT_ALLOW
TXN-e805eac43492,ALLOW,B0_BASELINE,ALLOW,B1_BASELINE,ALLOW,DEFAULT_ALLOW,ALLOW,DEFAULT_ALLOW,ALLOW,DEFAULT_ALLOW,ALLOW,DEFAULT_ALLOW
TXN-446816b50e6e,ALLOW,B0_BASELINE,ALLOW,B1_BASELINE,ALLOW,DEFAULT_ALLOW,ALLOW,DEFAULT_ALLOW,ALLOW,DEFAULT_ALLOW,ALLOW,DEFAULT_ALLOW
TXN-adbd944e4925,ALLOW,B0_BASELINE,ALLOW,B1_BASELINE,ALLOW,DEFAULT_ALLOW,ALLOW,DEFAULT_ALLOW,ALLOW,DEFAULT_ALLOW,ALLOW,DEFAULT_ALLOW
TXN-571e12dc7621,ALLOW,B0_BASELINE,ALLOW,B1_BASELINE,ALLOW,DEFAULT_ALLOW,ALLOW,DEFAULT_ALLOW,ALLOW,DEFAULT_ALLOW,ALLOW,DEFAULT_ALLOW
TXN-cd45f0335de1,ALLOW,B0_BASELINE,ALLOW,B1_BASELINE,ALLOW,DEFAULT_ALLOW,ALLOW,DEFAULT_ALLOW,ALLOW,DEFAULT_ALLOW,ALLOW,DEFAULT_ALLOW
TXN-625627087e0a,ALLOW,B0_BASELINE,ALLOW,B1_BASELINE,ALLOW,DEFAULT_ALLOW,ALLOW,DEFAULT_ALLOW,ALLOW,DEFAULT_ALLOW,ALLOW,DEFAULT_ALLOW
TXN-0b364d83b416,ALLOW,B0_BASELINE,ALLOW,B1_BASELINE,ALLOW,DEFAULT_ALLOW,ALLOW,DEFAULT_ALLOW,ALLOW,DEFAULT_ALLOW,ALLOW,DEFAULT_ALLOW
TXN-072183bd77b8,ALLOW,B0_BASELINE,ALLOW,B1_BASELINE,ALLOW,DEFAULT_ALLOW,ALLOW,DEFAULT_ALLOW,ALLOW,DEFAULT_ALLOW,ALLOW,DEFAULT_ALLOW
TXN-a492f21410a6,ALLOW,B0_BASELINE,ALLOW,B1_BASELINE,ALLOW,DEFAULT_ALLOW,ALLOW,DEFAULT_ALLOW,ALLOW,DEFAULT_ALLOW,ALLOW,DEFAULT_ALLOW
TXN-74e11849550b,ALLOW,B0_BASELINE,ALLOW,B1_BASELINE,ALLOW,DEFAULT_ALLOW,ALLOW,DEFAULT_ALLOW,ALLOW,DEFAULT_ALLOW,ALLOW,DEFAULT_ALLOW
TXN-12f7958c88bd,ALLOW,B0_BASELINE,ALLOW,B1_BASELINE,ALLOW,DEFAULT_ALLOW,ALLOW,DEFAULT_ALLOW,ALLOW,DEFAULT_ALLOW,ALLOW,DEFAULT_ALLOW
TXN-dd4683c8e7a2,ALLOW,B0_BASELINE,ALLOW,B1_BASELINE,ALLOW,DEFAULT_ALLOW,ALLOW,DEFAULT_ALLOW,ALLOW,DEFAULT_ALLOW,ALLOW,DEFAULT_ALLOW
TXN-38a769c0bd22,ALLOW,B0_BASELINE,ALLOW,B1_BASELINE,ALLOW,DEFAULT_ALLOW,ALLOW,DEFAULT_ALLOW,ALLOW,DEFAULT_ALLOW,ALLOW,DEFAULT_ALLOW
TXN-ca5f4c202c9b,ALLOW,B0_BASELINE,ALLOW,B1_BASELINE,ALLOW,DEFAULT_ALLOW,ALLOW,DEFAULT_ALLOW,ALLOW,DEFAULT_ALLOW,ALLOW,DEFAULT_ALLOW
TXN-6f9d353d0b29,ALLOW,B0_BASELINE,ALLOW,B1_BASELINE,ALLOW,DEFAULT_ALLOW,ALLOW,DEFAULT_ALLOW,ALLOW,DEFAULT_ALLOW,ALLOW,DEFAULT_ALLOW
TXN-3a2d85d6b50e,ALLOW,B0_BASELINE,ALLOW,B1_BASELINE,ALLOW,DEFAULT_ALLOW,ALLOW,DEFAULT_ALLOW,ALLOW,DEFAULT_ALLOW,ALLOW,DEFAULT_ALLOW
TXN-2319eac759dd,ALLOW,B0_BASELINE,ALLOW,B1_BASELINE,ALLOW,DEFAULT_ALLOW,ALLOW,DEFAULT_ALLOW,ALLOW,DEFAULT_ALLOW,ALLOW,DEFAULT_ALLOW
TXN-1f68c3e41808,ALLOW,B0_BASELINE,ALLOW,B1_BASELINE,ALLOW,DEFAULT_ALLOW,ALLOW,DEFAULT_ALLOW,ALLOW,DEFAULT_ALLOW,ALLOW,DEFAULT_ALLOW
TXN-4221921a5aab,ALLOW,B0_BASELINE,ALLOW,B1_BASELINE,ALLOW,DEFAULT_ALLOW,ALLOW,DEFAULT_ALLOW,ALLOW,DEFAULT_ALLOW,ALLOW,DEFAULT_ALLOW
TXN-d4e5ce7f1f4e,ALLOW,B0_BASELINE,ALLOW,B1_BASELINE,ALLOW,DEFAULT_ALLOW,ALLOW,DEFAULT_ALLOW,ALLOW,DEFAULT_ALLOW,ALLOW,DEFAULT_ALLOW
TXN-d8e1c0215f2a,ALLOW,B0_BASELINE,ALLOW,B1_BASELINE,ALLOW,DEFAULT_ALLOW,ALLOW,DEFAULT_ALLOW,ALLOW,DEFAULT_ALLOW,ALLOW,DEFAULT_ALLOW
TXN-3202e1205486,ALLOW,B0_BASELINE,ALLOW,B1_BASELINE,ALLOW,DEFAULT_ALLOW,ALLOW,DEFAULT_ALLOW,ALLOW,DEFAULT_ALLOW,ALLOW,DEFAULT_ALLOW
TXN-917d01fc8f83,ALLOW,B0_BASELINE,ALLOW,B1_BASELINE,ALLOW,DEFAULT_ALLOW,ALLOW,DEFAULT_ALLOW,ALLOW,DEFAULT_ALLOW,ALLOW,DEFAULT_ALLOW
TXN-9159f9eb3664,ALLOW,B0_BASELINE,ALLOW,B1_BASELINE,ALLOW,DEFAULT_ALLOW,ALLOW,DEFAULT_ALLOW,ALLOW,DEFAULT_ALLOW,ALLOW,DEFAULT_ALLOW
TXN-ff24ad9230b9,ALLOW,B0_BASELINE,ALLOW,B1_BASELINE,ALLOW,DEFAULT_ALLOW,ALLOW,DEFAULT_ALLOW,ALLOW,DEFAULT_ALLOW,ALLOW,DEFAULT_ALLOW
TXN-2ea4142a1fe6,ALLOW,B0_BASELINE,ALLOW,B1_BASELINE,ALLOW,DEFAULT_ALLOW,ALLOW,DEFAULT_ALLOW,ALLOW,DEFAULT_ALLOW,ALLOW,DEFAULT_ALLOW
TXN-3a6a6748bb29,ALLOW,B0_BASELINE,ALLOW,B1_BASELINE,ALLOW,DEFAULT_ALLOW,ALLOW,DEFAULT_ALLOW,ALLOW,DEFAULT_ALLOW,ALLOW,DEFAULT_ALLOW
TXN-db2c0c7571c5,ALLOW,B0_BASELINE,ALLOW,B1_BASELINE,ALLOW,DEFAULT_ALLOW,ALLOW,DEFAULT_ALLOW,ALLOW,DEFAULT_ALLOW,ALLOW,DEFAULT_ALLOW
TXN-b1460fedfc4e,ALLOW,B0_BASELINE,ALLOW,B1_BASELINE,ALLOW,DEFAULT_ALLOW,ALLOW,DEFAULT_ALLOW,ALLOW,DEFAULT_ALLOW,ALLOW,DEFAULT_ALLOW
TXN-2ebd5e811125,ALLOW,B0_BASELINE,ALLOW,B1_BASELINE,ALLOW,DEFAULT_ALLOW,ALLOW,DEFAULT_ALLOW,ALLOW,DEFAULT_ALLOW,ALLOW,DEFAULT_ALLOW
TXN-d545db7a2b93,ALLOW,B0_BASELINE,ALLOW,B1_BASELINE,ALLOW,DEFAULT_ALLOW,ALLOW,DEFAULT_ALLOW,ALLOW,DEFAULT_ALLOW,ALLOW,DEFAULT_ALLOW
TXN-2132c057c643,ALLOW,B0_BASELINE,ALLOW,B1_BASELINE,ALLOW,DEFAULT_ALLOW,ALLOW,DEFAULT_ALLOW,ALLOW,DEFAULT_ALLOW,ALLOW,DEFAULT_ALLOW
TXN-960597d0ab33,ALLOW,B0_BASELINE,ALLOW,B1_BASELINE,ALLOW,DEFAULT_ALLOW,ALLOW,DEFAULT_ALLOW,ALLOW,DEFAULT_ALLOW,ALLOW,DEFAULT_ALLOW
TXN-6df7a2bc234b,ALLOW,B0_BASELINE,ALLOW,B1_BASELINE,ALLOW,DEFAULT_ALLOW,ALLOW,DEFAULT_ALLOW,ALLOW,DEFAULT_ALLOW,ALLOW,DEFAULT_ALLOW
TXN-c7e76ff246d3,ALLOW,B0_BASELINE,ALLOW,B1_BASELINE,ALLOW,DEFAULT_ALLOW,ALLOW,DEFAULT_ALLOW,ALLOW,DEFAULT_ALLOW,ALLOW,DEFAULT_ALLOW
TXN-a5419a87710b,ALLOW,B0_BASELINE,ALLOW,B1_BASELINE,ALLOW,DEFAULT_ALLOW,ALLOW,DEFAULT_ALLOW,ALLOW,DEFAULT_ALLOW,ALLOW,DEFAULT_ALLOW
TXN-ca01dc2c43e6,ALLOW,B0_BASELINE,ALLOW,B1_BASELINE,ALLOW,DEFAULT_ALLOW,ALLOW,DEFAULT_ALLOW,ALLOW,DEFAULT_ALLOW,ALLOW,DEFAULT_ALLOW
TXN-7de074d37876,ALLOW,B0_BASELINE,ALLOW,B1_BASELINE,ALLOW,DEFAULT_ALLOW,ALLOW,DEFAULT_ALLOW,ALLOW,DEFAULT_ALLOW,ALLOW,DEFAULT_ALLOW
TXN-e2f2cb844649,ALLOW,B0_BASELINE,ALLOW,B1_BASELINE,ALLOW,DEFAULT_ALLOW,ALLOW,DEFAULT_ALLOW,ALLOW,DEFAULT_ALLOW,ALLOW,DEFAULT_ALLOW
TXN-44f4bdae6d81,ALLOW,B0_BASELINE,ALLOW,B1_BASELINE,ALLOW,DEFAULT_ALLOW,ALLOW,DEFAULT_ALLOW,ALLOW,DEFAULT_ALLOW,ALLOW,DEFAULT_ALLOW
TXN-667ea8c746d3,ALLOW,B0_BASELINE,ALLOW,B1_BASELINE,ALLOW,DEFAULT_ALLOW,ALLOW,DEFAULT_ALLOW,ALLOW,DEFAULT_ALLOW,ALLOW,DEFAULT_ALLOW
TXN-997fb1e67bd8,ALLOW,B0_BASELINE,ALLOW,B1_BASELINE,ALLOW,DEFAULT_ALLOW,ALLOW,DEFAULT_ALLOW,ALLOW,DEFAULT_ALLOW,ALLOW,DEFAULT_ALLOW
TXN-31cd20ed8094,ALLOW,B0_BASELINE,ALLOW,B1_BASELINE,ALLOW,DEFAULT_ALLOW,ALLOW,DEFAULT_ALLOW,ALLOW,DEFAULT_ALLOW,ALLOW,DEFAULT_ALLOW
TXN-684593fb1b0e,ALLOW,B0_BASELINE,ALLOW,B1_BASELINE,ALLOW,DEFAULT_ALLOW,ALLOW,DEFAULT_ALLOW,ALLOW,DEFAULT_ALLOW,ALLOW,DEFAULT_ALLOW
TXN-77fc00189402,ALLOW,B0_BASELINE,ALLOW,B1_BASELINE,ALLOW,DEFAULT_ALLOW,ALLOW,DEFAULT_ALLOW,ALLOW,DEFAULT_ALLOW,ALLOW,DEFAULT_ALLOW
TXN-6d8e30332f61,ALLOW,B0_BASELINE,ALLOW,B1_BASELINE,ALLOW,DEFAULT_ALLOW,ALLOW,DEFAULT_ALLOW,ALLOW,DEFAULT_ALLOW,ALLOW,DEFAULT_ALLOW
TXN-cac5552a998e,ALLOW,B0_BASELINE,ALLOW,B1_BASELINE,ALLOW,DEFAULT_ALLOW,ALLOW,DEFAULT_ALLOW,ALLOW,DEFAULT_ALLOW,ALLOW,DEFAULT_ALLOW
TXN-ef9a78135719,ALLOW,B0_BASELINE,ALLOW,B1_BASELINE,ALLOW,DEFAULT_ALLOW,ALLOW,DEFAULT_ALLOW,ALLOW,DEFAULT_ALLOW,ALLOW,DEFAULT_ALLOW
TXN-ee0c196d9410,ALLOW,B0_BASELINE,ALLOW,B1_BASELINE,ALLOW,DEFAULT_ALLOW,ALLOW,DEFAULT_ALLOW,ALLOW,DEFAULT_ALLOW,ALLOW,DEFAULT_ALLOW
TXN-3f643fd6474e,ALLOW,B0_BASELINE,ALLOW,B1_BASELINE,ALLOW,DEFAULT_ALLOW,ALLOW,DEFAULT_ALLOW,ALLOW,DEFAULT_ALLOW,ALLOW,DEFAULT_ALLOW
TXN-b69eec8e2339,ALLOW,B0_BASELINE,ALLOW,B1_BASELINE,ALLOW,DEFAULT_ALLOW,ALLOW,DEFAULT_ALLOW,ALLOW,DEFAULT_ALLOW,ALLOW,DEFAULT_ALLOW
TXN-259260566ba6,ALLOW,B0_BASELINE,HOLD,B1_RBI_RULE,ALLOW,EMERGENCY_PREAPPROVED,ALLOW,EMERGENCY_PREAPPROVED,ALLOW,EMERGENCY_PREAPPROVED,ALLOW,DEFAULT_ALLOW
TXN-a08bcf657bb8,ALLOW,B0_BASELINE,ALLOW,B1_BASELINE,ALLOW,DEFAULT_ALLOW,ALLOW,DEFAULT_ALLOW,ALLOW,DEFAULT_ALLOW,ALLOW,DEFAULT_ALLOW
TXN-cc6d0f5ad242,ALLOW,B0_BASELINE,ALLOW,B1_BASELINE,ALLOW,DEFAULT_ALLOW,ALLOW,DEFAULT_ALLOW,ALLOW,DEFAULT_ALLOW,ALLOW,DEFAULT_ALLOW
TXN-9d4e56fd61b8,ALLOW,B0_BASELINE,ALLOW,B1_BASELINE,ALLOW,DEFAULT_ALLOW,ALLOW,DEFAULT_ALLOW,ALLOW,DEFAULT_ALLOW,ALLOW,DEFAULT_ALLOW
TXN-f1f06df81c58,ALLOW,B0_BASELINE,ALLOW,B1_BASELINE,ALLOW,DEFAULT_ALLOW,ALLOW,DEFAULT_ALLOW,ALLOW,DEFAULT_ALLOW,ALLOW,DEFAULT_ALLOW
TXN-c52da96149c7,ALLOW,B0_BASELINE,HOLD,B1_RBI_RULE,ALLOW,DEFAULT_ALLOW,ALLOW,DEFAULT_ALLOW,ALLOW,DEFAULT_ALLOW,ALLOW,DEFAULT_ALLOW
TXN-d7e817bd794e,ALLOW,B0_BASELINE,HOLD,B1_RBI_RULE,HOLD,VAULT_FD_BROKEN,HOLD,VAULT_FD_BROKEN,ALLOW,DEFAULT_ALLOW,HOLD,VAULT_FD_BROKEN
TXN-4c2d875f3588,ALLOW,B0_BASELINE,ALLOW,B1_BASELINE,ALLOW,DEFAULT_ALLOW,ALLOW,DEFAULT_ALLOW,ALLOW,DEFAULT_ALLOW,ALLOW,DEFAULT_ALLOW
TXN-7def7526a06b,ALLOW,B0_BASELINE,ALLOW,B1_BASELINE,ALLOW,DEFAULT_ALLOW,ALLOW,DEFAULT_ALLOW,ALLOW,DEFAULT_ALLOW,ALLOW,DEFAULT_ALLOW
TXN-0d2511b4f033,ALLOW,B0_BASELINE,ALLOW,B1_BASELINE,ALLOW,DEFAULT_ALLOW,ALLOW,DEFAULT_ALLOW,ALLOW,DEFAULT_ALLOW,ALLOW,DEFAULT_ALLOW
TXN-d59cea1c665f,ALLOW,B0_BASELINE,ALLOW,B1_BASELINE,ALLOW,DEFAULT_ALLOW,ALLOW,DEFAULT_ALLOW,ALLOW,DEFAULT_ALLOW,ALLOW,DEFAULT_ALLOW
TXN-8125aeb274e4,ALLOW,B0_BASELINE,ALLOW,B1_BASELINE,ALLOW,DEFAULT_ALLOW,ALLOW,DEFAULT_ALLOW,ALLOW,DEFAULT_ALLOW,ALLOW,DEFAULT_ALLOW
TXN-531bc8b10fc5,ALLOW,B0_BASELINE,ALLOW,B1_BASELINE,ALLOW,DEFAULT_ALLOW,ALLOW,DEFAULT_ALLOW,ALLOW,DEFAULT_ALLOW,ALLOW,DEFAULT_ALLOW
TXN-690e83526900,ALLOW,B0_BASELINE,ALLOW,B1_BASELINE,ALLOW,DEFAULT_ALLOW,ALLOW,DEFAULT_ALLOW,ALLOW,DEFAULT_ALLOW,ALLOW,DEFAULT_ALLOW
TXN-e8a819490483,ALLOW,B0_BASELINE,ALLOW,B1_BASELINE,ALLOW,DEFAULT_ALLOW,ALLOW,DEFAULT_ALLOW,ALLOW,DEFAULT_ALLOW,ALLOW,DEFAULT_ALLOW
TXN-45593086a70c,ALLOW,B0_BASELINE,ALLOW,B1_BASELINE,ALLOW,DEFAULT_ALLOW,ALLOW,DEFAULT_ALLOW,ALLOW,DEFAULT_ALLOW,ALLOW,DEFAULT_ALLOW
TXN-54319445d258,ALLOW,B0_BASELINE,ALLOW,B1_BASELINE,ALLOW,DEFAULT_ALLOW,ALLOW,DEFAULT_ALLOW,ALLOW,DEFAULT_ALLOW,ALLOW,DEFAULT_ALLOW
TXN-034688a10f10,ALLOW,B0_BASELINE,ALLOW,B1_BASELINE,ALLOW,DEFAULT_ALLOW,ALLOW,DEFAULT_ALLOW,ALLOW,DEFAULT_ALLOW,ALLOW,DEFAULT_ALLOW
TXN-218df926d085,ALLOW,B0_BASELINE,ALLOW,B1_BASELINE,ALLOW,DEFAULT_ALLOW,ALLOW,DEFAULT_ALLOW,ALLOW,DEFAULT_ALLOW,ALLOW,DEFAULT_ALLOW
TXN-f8f51eaf991b,ALLOW,B0_BASELINE,ALLOW,B1_BASELINE,ALLOW,DEFAULT_ALLOW,ALLOW,DEFAULT_ALLOW,ALLOW,DEFAULT_ALLOW,ALLOW,DEFAULT_ALLOW
TXN-e11a82dd44be,ALLOW,B0_BASELINE,ALLOW,B1_BASELINE,ALLOW,DEFAULT_ALLOW,ALLOW,DEFAULT_ALLOW,ALLOW,DEFAULT_ALLOW,ALLOW,DEFAULT_ALLOW
TXN-e189c4ddeb1f,ALLOW,B0_BASELINE,ALLOW,B1_BASELINE,ALLOW,DEFAULT_ALLOW,ALLOW,DEFAULT_ALLOW,ALLOW,DEFAULT_ALLOW,ALLOW,DEFAULT_ALLOW
TXN-ff2e5b2fe309,ALLOW,B0_BASELINE,ALLOW,B1_BASELINE,ALLOW,DEFAULT_ALLOW,ALLOW,DEFAULT_ALLOW,ALLOW,DEFAULT_ALLOW,ALLOW,DEFAULT_ALLOW
TXN-facfb5096193,ALLOW,B0_BASELINE,ALLOW,B1_BASELINE,ALLOW,DEFAULT_ALLOW,ALLOW,DEFAULT_ALLOW,ALLOW,DEFAULT_ALLOW,ALLOW,DEFAULT_ALLOW
TXN-35a858f4f270,ALLOW,B0_BASELINE,ALLOW,B1_BASELINE,ALLOW,DEFAULT_ALLOW,ALLOW,DEFAULT_ALLOW,ALLOW,DEFAULT_ALLOW,ALLOW,DEFAULT_ALLOW
TXN-644b3ca555e8,ALLOW,B0_BASELINE,ALLOW,B1_BASELINE,ALLOW,DEFAULT_ALLOW,ALLOW,DEFAULT_ALLOW,ALLOW,DEFAULT_ALLOW,ALLOW,DEFAULT_ALLOW
TXN-e263b1ab2866,ALLOW,B0_BASELINE,ALLOW,B1_BASELINE,ALLOW,DEFAULT_ALLOW,ALLOW,DEFAULT_ALLOW,ALLOW,DEFAULT_ALLOW,ALLOW,DEFAULT_ALLOW
TXN-1342cf87e9aa,ALLOW,B0_BASELINE,ALLOW,B1_BASELINE,ALLOW,DEFAULT_ALLOW,ALLOW,DEFAULT_ALLOW,ALLOW,DEFAULT_ALLOW,ALLOW,DEFAULT_ALLOW
TXN-65ea2242dbcd,ALLOW,B0_BASELINE,ALLOW,B1_BASELINE,ALLOW,DEFAULT_ALLOW,ALLOW,DEFAULT_ALLOW,ALLOW,DEFAULT_ALLOW,ALLOW,DEFAULT_ALLOW
TXN-af48f77b3657,ALLOW,B0_BASELINE,ALLOW,B1_BASELINE,ALLOW,DEFAULT_ALLOW,ALLOW,DEFAULT_ALLOW,ALLOW,DEFAULT_ALLOW,ALLOW,DEFAULT_ALLOW
TXN-4332e05f84c4,ALLOW,B0_BASELINE,ALLOW,B1_BASELINE,ALLOW,DEFAULT_ALLOW,ALLOW,DEFAULT_ALLOW,ALLOW,DEFAULT_ALLOW,ALLOW,DEFAULT_ALLOW
TXN-d28752d0e013,ALLOW,B0_BASELINE,ALLOW,B1_BASELINE,ALLOW,DEFAULT_ALLOW,ALLOW,DEFAULT_ALLOW,ALLOW,DEFAULT_ALLOW,ALLOW,DEFAULT_ALLOW
TXN-8f91605e0899,ALLOW,B0_BASELINE,ALLOW,B1_BASELINE,ALLOW,DEFAULT_ALLOW,ALLOW,DEFAULT_ALLOW,ALLOW,DEFAULT_ALLOW,ALLOW,DEFAULT_ALLOW
TXN-bd0e83348088,ALLOW,B0_BASELINE,ALLOW,B1_BASELINE,ALLOW,DEFAULT_ALLOW,ALLOW,DEFAULT_ALLOW,ALLOW,DEFAULT_ALLOW,ALLOW,DEFAULT_ALLOW
TXN-7226aab0e861,ALLOW,B0_BASELINE,ALLOW,B1_BASELINE,ALLOW,DEFAULT_ALLOW,ALLOW,DEFAULT_ALLOW,ALLOW,DEFAULT_ALLOW,ALLOW,DEFAULT_ALLOW
TXN-72e87d0d03bd,ALLOW,B0_BASELINE,ALLOW,B1_BASELINE,ALLOW,DEFAULT_ALLOW,ALLOW,DEFAULT_ALLOW,ALLOW,DEFAULT_ALLOW,ALLOW,DEFAULT_ALLOW
TXN-8159b0265242,ALLOW,B0_BASELINE,HOLD,B1_RBI_RULE,ALLOW,DEFAULT_ALLOW,ALLOW,DEFAULT_ALLOW,ALLOW,DEFAULT_ALLOW,ALLOW,DEFAULT_ALLOW
TXN-d4525966aee4,ALLOW,B0_BASELINE,ALLOW,B1_BASELINE,ALLOW,DEFAULT_ALLOW,ALLOW,DEFAULT_ALLOW,ALLOW,DEFAULT_ALLOW,ALLOW,DEFAULT_ALLOW
TXN-038edbac744d,ALLOW,B0_BASELINE,ALLOW,B1_BASELINE,ALLOW,DEFAULT_ALLOW,ALLOW,DEFAULT_ALLOW,ALLOW,DEFAULT_ALLOW,ALLOW,DEFAULT_ALLOW
TXN-f27eaf2d1c85,ALLOW,B0_BASELINE,ALLOW,B1_BASELINE,HOLD,EMERGENCY_UNLISTED,HOLD,EMERGENCY_UNLISTED,HOLD,EMERGENCY_UNLISTED,ALLOW,DEFAULT_ALLOW
TXN-7326882c3815,ALLOW,B0_BASELINE,ALLOW,B1_BASELINE,ALLOW,DEFAULT_ALLOW,ALLOW,DEFAULT_ALLOW,ALLOW,DEFAULT_ALLOW,ALLOW,DEFAULT_ALLOW
TXN-cf8ba04ffc74,ALLOW,B0_BASELINE,ALLOW,B1_BASELINE,ALLOW,DEFAULT_ALLOW,ALLOW,DEFAULT_ALLOW,ALLOW,DEFAULT_ALLOW,ALLOW,DEFAULT_ALLOW
TXN-57c971a117e6,ALLOW,B0_BASELINE,ALLOW,B1_BASELINE,ALLOW,DEFAULT_ALLOW,ALLOW,DEFAULT_ALLOW,ALLOW,DEFAULT_ALLOW,ALLOW,DEFAULT_ALLOW
TXN-dbf0ccdb5f94,ALLOW,B0_BASELINE,ALLOW,B1_BASELINE,ALLOW,DEFAULT_ALLOW,ALLOW,DEFAULT_ALLOW,ALLOW,DEFAULT_ALLOW,ALLOW,DEFAULT_ALLOW
TXN-dc694de2e682,ALLOW,B0_BASELINE,ALLOW,B1_BASELINE,ALLOW,DEFAULT_ALLOW,ALLOW,DEFAULT_ALLOW,ALLOW,DEFAULT_ALLOW,ALLOW,DEFAULT_ALLOW
TXN-cdd1e14822b2,ALLOW,B0_BASELINE,ALLOW,B1_BASELINE,ALLOW,DEFAULT_ALLOW,ALLOW,DEFAULT_ALLOW,ALLOW,DEFAULT_ALLOW,ALLOW,DEFAULT_ALLOW
TXN-e3690c33cb40,ALLOW,B0_BASELINE,ALLOW,B1_BASELINE,ALLOW,DEFAULT_ALLOW,ALLOW,DEFAULT_ALLOW,ALLOW,DEFAULT_ALLOW,ALLOW,DEFAULT_ALLOW
TXN-1e802bd19cd7,ALLOW,B0_BASELINE,ALLOW,B1_BASELINE,ALLOW,DEFAULT_ALLOW,ALLOW,DEFAULT_ALLOW,ALLOW,DEFAULT_ALLOW,ALLOW,DEFAULT_ALLOW
TXN-771117d3b225,ALLOW,B0_BASELINE,ALLOW,B1_BASELINE,ALLOW,DEFAULT_ALLOW,ALLOW,DEFAULT_ALLOW,ALLOW,DEFAULT_ALLOW,ALLOW,DEFAULT_ALLOW
TXN-b71517925109,ALLOW,B0_BASELINE,ALLOW,B1_BASELINE,ALLOW,DEFAULT_ALLOW,ALLOW,DEFAULT_ALLOW,ALLOW,DEFAULT_ALLOW,ALLOW,DEFAULT_ALLOW
TXN-d660b25f5b84,ALLOW,B0_BASELINE,ALLOW,B1_BASELINE,ALLOW,DEFAULT_ALLOW,ALLOW,DEFAULT_ALLOW,ALLOW,DEFAULT_ALLOW,ALLOW,DEFAULT_ALLOW
TXN-baf82550c573,ALLOW,B0_BASELINE,ALLOW,B1_BASELINE,ALLOW,DEFAULT_ALLOW,ALLOW,DEFAULT_ALLOW,ALLOW,DEFAULT_ALLOW,ALLOW,DEFAULT_ALLOW
TXN-baa77915e96a,ALLOW,B0_BASELINE,ALLOW,B1_BASELINE,ALLOW,DEFAULT_ALLOW,ALLOW,DEFAULT_ALLOW,ALLOW,DEFAULT_ALLOW,ALLOW,DEFAULT_ALLOW
TXN-5f472e3d52f1,ALLOW,B0_BASELINE,ALLOW,B1_BASELINE,ALLOW,DEFAULT_ALLOW,ALLOW,DEFAULT_ALLOW,ALLOW,DEFAULT_ALLOW,ALLOW,DEFAULT_ALLOW
TXN-427c099a4dd7,ALLOW,B0_BASELINE,ALLOW,B1_BASELINE,ALLOW,DEFAULT_ALLOW,ALLOW,DEFAULT_ALLOW,ALLOW,DEFAULT_ALLOW,ALLOW,DEFAULT_ALLOW
TXN-60af8018453f,ALLOW,B0_BASELINE,ALLOW,B1_BASELINE,ALLOW,DEFAULT_ALLOW,ALLOW,DEFAULT_ALLOW,ALLOW,DEFAULT_ALLOW,ALLOW,DEFAULT_ALLOW
TXN-4192412674e1,ALLOW,B0_BASELINE,ALLOW,B1_BASELINE,ALLOW,DEFAULT_ALLOW,ALLOW,DEFAULT_ALLOW,ALLOW,DEFAULT_ALLOW,ALLOW,DEFAULT_ALLOW
TXN-63012ca7d98d,ALLOW,B0_BASELINE,ALLOW,B1_BASELINE,ALLOW,DEFAULT_ALLOW,ALLOW,DEFAULT_ALLOW,ALLOW,DEFAULT_ALLOW,ALLOW,DEFAULT_ALLOW
TXN-418313c99492,ALLOW,B0_BASELINE,ALLOW,B1_BASELINE,ALLOW,DEFAULT_ALLOW,ALLOW,DEFAULT_ALLOW,ALLOW,DEFAULT_ALLOW,ALLOW,DEFAULT_ALLOW
TXN-07775ebdc54e,ALLOW,B0_BASELINE,ALLOW,B1_BASELINE,ALLOW,DEFAULT_ALLOW,ALLOW,DEFAULT_ALLOW,ALLOW,DEFAULT_ALLOW,ALLOW,DEFAULT_ALLOW
TXN-a6481c4fc63e,ALLOW,B0_BASELINE,ALLOW,B1_BASELINE,ALLOW,DEFAULT_ALLOW,ALLOW,DEFAULT_ALLOW,ALLOW,DEFAULT_ALLOW,ALLOW,DEFAULT_ALLOW
TXN-addc423cc401,ALLOW,B0_BASELINE,ALLOW,B1_BASELINE,ALLOW,DEFAULT_ALLOW,ALLOW,DEFAULT_ALLOW,ALLOW,DEFAULT_ALLOW,ALLOW,DEFAULT_ALLOW
TXN-00d28ffe83cc,ALLOW,B0_BASELINE,ALLOW,B1_BASELINE,ALLOW,DEFAULT_ALLOW,ALLOW,DEFAULT_ALLOW,ALLOW,DEFAULT_ALLOW,ALLOW,DEFAULT_ALLOW
TXN-7ce3347bb10e,ALLOW,B0_BASELINE,ALLOW,B1_BASELINE,ALLOW,DEFAULT_ALLOW,ALLOW,DEFAULT_ALLOW,ALLOW,DEFAULT_ALLOW,ALLOW,DEFAULT_ALLOW
TXN-074673cf5e8c,ALLOW,B0_BASELINE,ALLOW,B1_BASELINE,ALLOW,DEFAULT_ALLOW,ALLOW,DEFAULT_ALLOW,ALLOW,DEFAULT_ALLOW,ALLOW,DEFAULT_ALLOW
TXN-3f72af20ec50,ALLOW,B0_BASELINE,ALLOW,B1_BASELINE,ALLOW,DEFAULT_ALLOW,ALLOW,DEFAULT_ALLOW,ALLOW,DEFAULT_ALLOW,ALLOW,DEFAULT_ALLOW
TXN-fbe19f417a56,ALLOW,B0_BASELINE,ALLOW,B1_BASELINE,ALLOW,DEFAULT_ALLOW,ALLOW,DEFAULT_ALLOW,ALLOW,DEFAULT_ALLOW,ALLOW,DEFAULT_ALLOW
TXN-e16c145fa6b2,ALLOW,B0_BASELINE,ALLOW,B1_BASELINE,ALLOW,DEFAULT_ALLOW,ALLOW,DEFAULT_ALLOW,ALLOW,DEFAULT_ALLOW,ALLOW,DEFAULT_ALLOW
TXN-b72186f31f7c,ALLOW,B0_BASELINE,ALLOW,B1_BASELINE,ALLOW,DEFAULT_ALLOW,ALLOW,DEFAULT_ALLOW,ALLOW,DEFAULT_ALLOW,ALLOW,DEFAULT_ALLOW
TXN-bc52e961b35b,ALLOW,B0_BASELINE,ALLOW,B1_BASELINE,ALLOW,DEFAULT_ALLOW,ALLOW,DEFAULT_ALLOW,ALLOW,DEFAULT_ALLOW,ALLOW,DEFAULT_ALLOW
TXN-362f28f578bb,ALLOW,B0_BASELINE,HOLD,B1_RBI_RULE,ALLOW,DEFAULT_ALLOW,ALLOW,DEFAULT_ALLOW,ALLOW,DEFAULT_ALLOW,ALLOW,DEFAULT_ALLOW
TXN-661766a4a2f8,ALLOW,B0_BASELINE,ALLOW,B1_BASELINE,ALLOW,DEFAULT_ALLOW,ALLOW,DEFAULT_ALLOW,ALLOW,DEFAULT_ALLOW,ALLOW,DEFAULT_ALLOW
TXN-6626b433fa38,ALLOW,B0_BASELINE,ALLOW,B1_BASELINE,ALLOW,DEFAULT_ALLOW,ALLOW,DEFAULT_ALLOW,ALLOW,DEFAULT_ALLOW,ALLOW,DEFAULT_ALLOW
TXN-200b1b9dc1f5,ALLOW,B0_BASELINE,ALLOW,B1_BASELINE,ALLOW,DEFAULT_ALLOW,ALLOW,DEFAULT_ALLOW,ALLOW,DEFAULT_ALLOW,ALLOW,DEFAULT_ALLOW
TXN-3607d8472243,ALLOW,B0_BASELINE,ALLOW,B1_BASELINE,ALLOW,DEFAULT_ALLOW,ALLOW,DEFAULT_ALLOW,ALLOW,DEFAULT_ALLOW,ALLOW,DEFAULT_ALLOW
TXN-a76cb38c5025,ALLOW,B0_BASELINE,HOLD,B1_RBI_RULE,ALLOW,DEFAULT_ALLOW,ALLOW,DEFAULT_ALLOW,ALLOW,DEFAULT_ALLOW,ALLOW,DEFAULT_ALLOW
TXN-738fdf6bf99b,ALLOW,B0_BASELINE,HOLD,B1_RBI_RULE,HOLD,VAULT_RELEASE,HOLD,VAULT_RELEASE,ALLOW,DEFAULT_ALLOW,HOLD,VAULT_RELEASE
TXN-c4881acfde9b,ALLOW,B0_BASELINE,ALLOW,B1_BASELINE,ALLOW,DEFAULT_ALLOW,ALLOW,DEFAULT_ALLOW,ALLOW,DEFAULT_ALLOW,ALLOW,DEFAULT_ALLOW
TXN-5764d67520d4,ALLOW,B0_BASELINE,ALLOW,B1_BASELINE,ALLOW,DEFAULT_ALLOW,ALLOW,DEFAULT_ALLOW,ALLOW,DEFAULT_ALLOW,ALLOW,DEFAULT_ALLOW
TXN-853344e0b1b6,ALLOW,B0_BASELINE,ALLOW,B1_BASELINE,ALLOW,DEFAULT_ALLOW,ALLOW,DEFAULT_ALLOW,ALLOW,DEFAULT_ALLOW,ALLOW,DEFAULT_ALLOW
TXN-5fc41f7359f5,ALLOW,B0_BASELINE,ALLOW,B1_BASELINE,ALLOW,DEFAULT_ALLOW,ALLOW,DEFAULT_ALLOW,ALLOW,DEFAULT_ALLOW,ALLOW,DEFAULT_ALLOW
TXN-fe1ea2f933cd,ALLOW,B0_BASELINE,ALLOW,B1_BASELINE,ALLOW,DEFAULT_ALLOW,ALLOW,DEFAULT_ALLOW,ALLOW,DEFAULT_ALLOW,ALLOW,DEFAULT_ALLOW
TXN-c1a242a11b83,ALLOW,B0_BASELINE,ALLOW,B1_BASELINE,ALLOW,DEFAULT_ALLOW,ALLOW,DEFAULT_ALLOW,ALLOW,DEFAULT_ALLOW,ALLOW,DEFAULT_ALLOW
TXN-f24520a8fdd0,ALLOW,B0_BASELINE,ALLOW,B1_BASELINE,ALLOW,DEFAULT_ALLOW,ALLOW,DEFAULT_ALLOW,ALLOW,DEFAULT_ALLOW,ALLOW,DEFAULT_ALLOW
TXN-2f2684ef753b,ALLOW,B0_BASELINE,ALLOW,B1_BASELINE,ALLOW,DEFAULT_ALLOW,ALLOW,DEFAULT_ALLOW,ALLOW,DEFAULT_ALLOW,ALLOW,DEFAULT_ALLOW
TXN-329d1743d5e8,ALLOW,B0_BASELINE,ALLOW,B1_BASELINE,ALLOW,DEFAULT_ALLOW,ALLOW,DEFAULT_ALLOW,ALLOW,DEFAULT_ALLOW,ALLOW,DEFAULT_ALLOW
TXN-213647ba4c3a,ALLOW,B0_BASELINE,ALLOW,B1_BASELINE,ALLOW,DEFAULT_ALLOW,ALLOW,DEFAULT_ALLOW,ALLOW,DEFAULT_ALLOW,ALLOW,DEFAULT_ALLOW
TXN-5bf947b3d8e6,ALLOW,B0_BASELINE,ALLOW,B1_BASELINE,ALLOW,DEFAULT_ALLOW,ALLOW,DEFAULT_ALLOW,ALLOW,DEFAULT_ALLOW,ALLOW,DEFAULT_ALLOW
TXN-e93b1a76c176,ALLOW,B0_BASELINE,ALLOW,B1_BASELINE,ALLOW,DEFAULT_ALLOW,ALLOW,DEFAULT_ALLOW,ALLOW,DEFAULT_ALLOW,ALLOW,DEFAULT_ALLOW
TXN-215ffa216c5a,ALLOW,B0_BASELINE,ALLOW,B1_BASELINE,ALLOW,DEFAULT_ALLOW,ALLOW,DEFAULT_ALLOW,ALLOW,DEFAULT_ALLOW,ALLOW,DEFAULT_ALLOW
TXN-2abcf91b1788,ALLOW,B0_BASELINE,ALLOW,B1_BASELINE,ALLOW,DEFAULT_ALLOW,ALLOW,DEFAULT_ALLOW,ALLOW,DEFAULT_ALLOW,ALLOW,DEFAULT_ALLOW
TXN-e094022ee5c5,ALLOW,B0_BASELINE,ALLOW,B1_BASELINE,ALLOW,DEFAULT_ALLOW,ALLOW,DEFAULT_ALLOW,ALLOW,DEFAULT_ALLOW,ALLOW,DEFAULT_ALLOW
TXN-d711b8d35a82,ALLOW,B0_BASELINE,ALLOW,B1_BASELINE,ALLOW,DEFAULT_ALLOW,ALLOW,DEFAULT_ALLOW,ALLOW,DEFAULT_ALLOW,ALLOW,DEFAULT_ALLOW
TXN-5e04444d3744,ALLOW,B0_BASELINE,ALLOW,B1_BASELINE,ALLOW,DEFAULT_ALLOW,ALLOW,DEFAULT_ALLOW,ALLOW,DEFAULT_ALLOW,ALLOW,DEFAULT_ALLOW
TXN-db707c151c75,ALLOW,B0_BASELINE,ALLOW,B1_BASELINE,ALLOW,DEFAULT_ALLOW,ALLOW,DEFAULT_ALLOW,ALLOW,DEFAULT_ALLOW,ALLOW,DEFAULT_ALLOW
TXN-056abb02404f,ALLOW,B0_BASELINE,ALLOW,B1_BASELINE,ALLOW,DEFAULT_ALLOW,ALLOW,DEFAULT_ALLOW,ALLOW,DEFAULT_ALLOW,ALLOW,DEFAULT_ALLOW
TXN-3cbbbd673238,ALLOW,B0_BASELINE,ALLOW,B1_BASELINE,ALLOW,DEFAULT_ALLOW,ALLOW,DEFAULT_ALLOW,ALLOW,DEFAULT_ALLOW,ALLOW,DEFAULT_ALLOW
TXN-ed70ff9a60f5,ALLOW,B0_BASELINE,ALLOW,B1_BASELINE,ALLOW,DEFAULT_ALLOW,ALLOW,DEFAULT_ALLOW,ALLOW,DEFAULT_ALLOW,ALLOW,DEFAULT_ALLOW
TXN-682eaab99f2a,ALLOW,B0_BASELINE,ALLOW,B1_BASELINE,ALLOW,DEFAULT_ALLOW,ALLOW,DEFAULT_ALLOW,ALLOW,DEFAULT_ALLOW,ALLOW,DEFAULT_ALLOW
TXN-08717a399c8b,ALLOW,B0_BASELINE,HOLD,B1_RBI_RULE,HOLD,VAULT_RELEASE,HOLD,VAULT_RELEASE,HOLD,PAYMENT_NEW_INDIVIDUAL_LARGE,HOLD,VAULT_RELEASE
TXN-bbe8177a77df,ALLOW,B0_BASELINE,ALLOW,B1_BASELINE,ALLOW,DEFAULT_ALLOW,ALLOW,DEFAULT_ALLOW,ALLOW,DEFAULT_ALLOW,ALLOW,DEFAULT_ALLOW
TXN-de5024ba89b0,ALLOW,B0_BASELINE,HOLD,B1_RBI_RULE,ALLOW,DEFAULT_ALLOW,ALLOW,DEFAULT_ALLOW,ALLOW,DEFAULT_ALLOW,ALLOW,DEFAULT_ALLOW
TXN-de808e7973b0,ALLOW,B0_BASELINE,ALLOW,B1_BASELINE,ALLOW,DEFAULT_ALLOW,ALLOW,DEFAULT_ALLOW,ALLOW,DEFAULT_ALLOW,ALLOW,DEFAULT_ALLOW
TXN-cbfd6b882b6f,ALLOW,B0_BASELINE,ALLOW,B1_BASELINE,ALLOW,DEFAULT_ALLOW,ALLOW,DEFAULT_ALLOW,ALLOW,DEFAULT_ALLOW,ALLOW,DEFAULT_ALLOW
TXN-643fa8c997da,ALLOW,B0_BASELINE,ALLOW,B1_BASELINE,ALLOW,DEFAULT_ALLOW,ALLOW,DEFAULT_ALLOW,ALLOW,DEFAULT_ALLOW,ALLOW,DEFAULT_ALLOW
TXN-05d664cfa361,ALLOW,B0_BASELINE,ALLOW,B1_BASELINE,ALLOW,DEFAULT_ALLOW,ALLOW,DEFAULT_ALLOW,ALLOW,DEFAULT_ALLOW,ALLOW,DEFAULT_ALLOW
TXN-0052122b0bfa,ALLOW,B0_BASELINE,ALLOW,B1_BASELINE,ALLOW,DEFAULT_ALLOW,ALLOW,DEFAULT_ALLOW,ALLOW,DEFAULT_ALLOW,ALLOW,DEFAULT_ALLOW
TXN-b7aec097c3ec,ALLOW,B0_BASELINE,ALLOW,B1_BASELINE,ALLOW,DEFAULT_ALLOW,ALLOW,DEFAULT_ALLOW,ALLOW,DEFAULT_ALLOW,ALLOW,DEFAULT_ALLOW
TXN-d2478d4b94f5,ALLOW,B0_BASELINE,ALLOW,B1_BASELINE,ALLOW,DEFAULT_ALLOW,ALLOW,DEFAULT_ALLOW,ALLOW,DEFAULT_ALLOW,ALLOW,DEFAULT_ALLOW
TXN-a8a56b735015,ALLOW,B0_BASELINE,ALLOW,B1_BASELINE,ALLOW,DEFAULT_ALLOW,ALLOW,DEFAULT_ALLOW,ALLOW,DEFAULT_ALLOW,ALLOW,DEFAULT_ALLOW
TXN-957b48a5e04a,ALLOW,B0_BASELINE,ALLOW,B1_BASELINE,ALLOW,DEFAULT_ALLOW,ALLOW,DEFAULT_ALLOW,ALLOW,DEFAULT_ALLOW,ALLOW,DEFAULT_ALLOW
TXN-2b75a855565c,ALLOW,B0_BASELINE,ALLOW,B1_BASELINE,ALLOW,DEFAULT_ALLOW,ALLOW,DEFAULT_ALLOW,ALLOW,DEFAULT_ALLOW,ALLOW,DEFAULT_ALLOW
TXN-5f2417033ca7,ALLOW,B0_BASELINE,ALLOW,B1_BASELINE,ALLOW,DEFAULT_ALLOW,ALLOW,DEFAULT_ALLOW,ALLOW,DEFAULT_ALLOW,ALLOW,DEFAULT_ALLOW
TXN-b905645f69d5,ALLOW,B0_BASELINE,ALLOW,B1_BASELINE,ALLOW,DEFAULT_ALLOW,ALLOW,DEFAULT_ALLOW,ALLOW,DEFAULT_ALLOW,ALLOW,DEFAULT_ALLOW
TXN-d35dee28e495,ALLOW,B0_BASELINE,ALLOW,B1_BASELINE,ALLOW,DEFAULT_ALLOW,ALLOW,DEFAULT_ALLOW,ALLOW,DEFAULT_ALLOW,ALLOW,DEFAULT_ALLOW
TXN-2a33e196ae26,ALLOW,B0_BASELINE,ALLOW,B1_BASELINE,ALLOW,DEFAULT_ALLOW,ALLOW,DEFAULT_ALLOW,ALLOW,DEFAULT_ALLOW,ALLOW,DEFAULT_ALLOW
TXN-76081c95d6a0,ALLOW,B0_BASELINE,ALLOW,B1_BASELINE,ALLOW,DEFAULT_ALLOW,ALLOW,DEFAULT_ALLOW,ALLOW,DEFAULT_ALLOW,ALLOW,DEFAULT_ALLOW
TXN-b8cb16bcba70,ALLOW,B0_BASELINE,ALLOW,B1_BASELINE,ALLOW,DEFAULT_ALLOW,ALLOW,DEFAULT_ALLOW,ALLOW,DEFAULT_ALLOW,ALLOW,DEFAULT_ALLOW
TXN-48b7a3b9a0f2,ALLOW,B0_BASELINE,ALLOW,B1_BASELINE,ALLOW,DEFAULT_ALLOW,ALLOW,DEFAULT_ALLOW,ALLOW,DEFAULT_ALLOW,ALLOW,DEFAULT_ALLOW
TXN-505b11704f3e,ALLOW,B0_BASELINE,ALLOW,B1_BASELINE,ALLOW,DEFAULT_ALLOW,ALLOW,DEFAULT_ALLOW,ALLOW,DEFAULT_ALLOW,ALLOW,DEFAULT_ALLOW
TXN-768bbb08d037,ALLOW,B0_BASELINE,ALLOW,B1_BASELINE,ALLOW,DEFAULT_ALLOW,ALLOW,DEFAULT_ALLOW,ALLOW,DEFAULT_ALLOW,ALLOW,DEFAULT_ALLOW
TXN-54d40a4b055d,ALLOW,B0_BASELINE,ALLOW,B1_BASELINE,ALLOW,DEFAULT_ALLOW,ALLOW,DEFAULT_ALLOW,ALLOW,DEFAULT_ALLOW,ALLOW,DEFAULT_ALLOW
TXN-079fcc0a4edc,ALLOW,B0_BASELINE,ALLOW,B1_BASELINE,ALLOW,DEFAULT_ALLOW,ALLOW,DEFAULT_ALLOW,ALLOW,DEFAULT_ALLOW,ALLOW,DEFAULT_ALLOW
TXN-0a6109cb484f,ALLOW,B0_BASELINE,ALLOW,B1_BASELINE,ALLOW,DEFAULT_ALLOW,ALLOW,DEFAULT_ALLOW,ALLOW,DEFAULT_ALLOW,ALLOW,DEFAULT_ALLOW
TXN-5921b8755a01,ALLOW,B0_BASELINE,ALLOW,B1_BASELINE,ALLOW,DEFAULT_ALLOW,ALLOW,DEFAULT_ALLOW,ALLOW,DEFAULT_ALLOW,ALLOW,DEFAULT_ALLOW
TXN-9a732fa48c01,ALLOW,B0_BASELINE,ALLOW,B1_BASELINE,ALLOW,DEFAULT_ALLOW,ALLOW,DEFAULT_ALLOW,ALLOW,DEFAULT_ALLOW,ALLOW,DEFAULT_ALLOW
TXN-c6c780d070de,ALLOW,B0_BASELINE,ALLOW,B1_BASELINE,ALLOW,DEFAULT_ALLOW,ALLOW,DEFAULT_ALLOW,ALLOW,DEFAULT_ALLOW,ALLOW,DEFAULT_ALLOW
TXN-a65d45f26c04,ALLOW,B0_BASELINE,ALLOW,B1_BASELINE,ESCALATE,SAFETY_VELOCITY,ALLOW,DEFAULT_ALLOW,ESCALATE,SAFETY_VELOCITY,ESCALATE,SAFETY_VELOCITY
TXN-98dcdd60cf38,ALLOW,B0_BASELINE,ALLOW,B1_BASELINE,ALLOW,DEFAULT_ALLOW,ALLOW,DEFAULT_ALLOW,ALLOW,DEFAULT_ALLOW,ALLOW,DEFAULT_ALLOW
TXN-c5bfc0ad6bae,ALLOW,B0_BASELINE,ALLOW,B1_BASELINE,ALLOW,DEFAULT_ALLOW,ALLOW,DEFAULT_ALLOW,ALLOW,DEFAULT_ALLOW,ALLOW,DEFAULT_ALLOW
TXN-7f69c9aa20b5,ALLOW,B0_BASELINE,ALLOW,B1_BASELINE,ALLOW,DEFAULT_ALLOW,ALLOW,DEFAULT_ALLOW,ALLOW,DEFAULT_ALLOW,ALLOW,DEFAULT_ALLOW
TXN-e2ab9daa2455,ALLOW,B0_BASELINE,ALLOW,B1_BASELINE,ALLOW,DEFAULT_ALLOW,ALLOW,DEFAULT_ALLOW,ALLOW,DEFAULT_ALLOW,ALLOW,DEFAULT_ALLOW
TXN-adb29c8569f4,ALLOW,B0_BASELINE,ALLOW,B1_BASELINE,ALLOW,DEFAULT_ALLOW,ALLOW,DEFAULT_ALLOW,ALLOW,DEFAULT_ALLOW,ALLOW,DEFAULT_ALLOW
TXN-8d44b38b7b6e,ALLOW,B0_BASELINE,ALLOW,B1_BASELINE,ALLOW,DEFAULT_ALLOW,ALLOW,DEFAULT_ALLOW,ALLOW,DEFAULT_ALLOW,ALLOW,DEFAULT_ALLOW
TXN-6e2530f16505,ALLOW,B0_BASELINE,ALLOW,B1_BASELINE,ALLOW,DEFAULT_ALLOW,ALLOW,DEFAULT_ALLOW,ALLOW,DEFAULT_ALLOW,ALLOW,DEFAULT_ALLOW
TXN-f725fe6569e7,ALLOW,B0_BASELINE,ALLOW,B1_BASELINE,ALLOW,DEFAULT_ALLOW,ALLOW,DEFAULT_ALLOW,ALLOW,DEFAULT_ALLOW,ALLOW,DEFAULT_ALLOW
TXN-85db0b6ac3a4,ALLOW,B0_BASELINE,ALLOW,B1_BASELINE,ALLOW,DEFAULT_ALLOW,ALLOW,DEFAULT_ALLOW,ALLOW,DEFAULT_ALLOW,ALLOW,DEFAULT_ALLOW
TXN-de2fd0d07f9d,ALLOW,B0_BASELINE,ALLOW,B1_BASELINE,ALLOW,DEFAULT_ALLOW,ALLOW,DEFAULT_ALLOW,ALLOW,DEFAULT_ALLOW,ALLOW,DEFAULT_ALLOW
TXN-bfc7968fd6c4,ALLOW,B0_BASELINE,ALLOW,B1_BASELINE,ALLOW,DEFAULT_ALLOW,ALLOW,DEFAULT_ALLOW,ALLOW,DEFAULT_ALLOW,ALLOW,DEFAULT_ALLOW
TXN-c0aa90c98071,ALLOW,B0_BASELINE,ALLOW,B1_BASELINE,ALLOW,DEFAULT_ALLOW,ALLOW,DEFAULT_ALLOW,ALLOW,DEFAULT_ALLOW,ALLOW,DEFAULT_ALLOW
TXN-fafe0b30194b,ALLOW,B0_BASELINE,ALLOW,B1_BASELINE,ALLOW,DEFAULT_ALLOW,ALLOW,DEFAULT_ALLOW,ALLOW,DEFAULT_ALLOW,ALLOW,DEFAULT_ALLOW
TXN-6ff8ca1801ee,ALLOW,B0_BASELINE,ALLOW,B1_BASELINE,ALLOW,DEFAULT_ALLOW,ALLOW,DEFAULT_ALLOW,ALLOW,DEFAULT_ALLOW,ALLOW,DEFAULT_ALLOW
TXN-49a12032c369,ALLOW,B0_BASELINE,ALLOW,B1_BASELINE,ALLOW,DEFAULT_ALLOW,ALLOW,DEFAULT_ALLOW,ALLOW,DEFAULT_ALLOW,ALLOW,DEFAULT_ALLOW
TXN-d0aff3907a03,ALLOW,B0_BASELINE,ALLOW,B1_BASELINE,ALLOW,DEFAULT_ALLOW,ALLOW,DEFAULT_ALLOW,ALLOW,DEFAULT_ALLOW,ALLOW,DEFAULT_ALLOW
TXN-7b162759a8dc,ALLOW,B0_BASELINE,ALLOW,B1_BASELINE,ALLOW,DEFAULT_ALLOW,ALLOW,DEFAULT_ALLOW,ALLOW,DEFAULT_ALLOW,ALLOW,DEFAULT_ALLOW
TXN-a3433eca688c,ALLOW,B0_BASELINE,ALLOW,B1_BASELINE,ALLOW,DEFAULT_ALLOW,ALLOW,DEFAULT_ALLOW,ALLOW,DEFAULT_ALLOW,ALLOW,DEFAULT_ALLOW
TXN-412620f7f84f,ALLOW,B0_BASELINE,HOLD,B1_RBI_RULE,HOLD,VAULT_RELEASE,HOLD,VAULT_RELEASE,ALLOW,DEFAULT_ALLOW,HOLD,VAULT_RELEASE
TXN-3eff6a02f3e0,ALLOW,B0_BASELINE,ALLOW,B1_BASELINE,ALLOW,DEFAULT_ALLOW,ALLOW,DEFAULT_ALLOW,ALLOW,DEFAULT_ALLOW,ALLOW,DEFAULT_ALLOW
TXN-c21a68d718a7,ALLOW,B0_BASELINE,ALLOW,B1_BASELINE,ALLOW,DEFAULT_ALLOW,ALLOW,DEFAULT_ALLOW,ALLOW,DEFAULT_ALLOW,ALLOW,DEFAULT_ALLOW
TXN-be7adcbcb48f,ALLOW,B0_BASELINE,ALLOW,B1_BASELINE,ALLOW,DEFAULT_ALLOW,ALLOW,DEFAULT_ALLOW,ALLOW,DEFAULT_ALLOW,ALLOW,DEFAULT_ALLOW
TXN-35fdaa3795ba,ALLOW,B0_BASELINE,ALLOW,B1_BASELINE,ALLOW,DEFAULT_ALLOW,ALLOW,DEFAULT_ALLOW,ALLOW,DEFAULT_ALLOW,ALLOW,DEFAULT_ALLOW
TXN-a2855790c56c,ALLOW,B0_BASELINE,ALLOW,B1_BASELINE,ALLOW,DEFAULT_ALLOW,ALLOW,DEFAULT_ALLOW,ALLOW,DEFAULT_ALLOW,ALLOW,DEFAULT_ALLOW
TXN-fe684d02859e,ALLOW,B0_BASELINE,ALLOW,B1_BASELINE,ALLOW,DEFAULT_ALLOW,ALLOW,DEFAULT_ALLOW,ALLOW,DEFAULT_ALLOW,ALLOW,DEFAULT_ALLOW
TXN-14b7912eccd0,ALLOW,B0_BASELINE,ALLOW,B1_BASELINE,HOLD,EMERGENCY_UNLISTED,HOLD,EMERGENCY_UNLISTED,HOLD,EMERGENCY_UNLISTED,ALLOW,DEFAULT_ALLOW
TXN-aa50739ef430,ALLOW,B0_BASELINE,ALLOW,B1_BASELINE,ALLOW,DEFAULT_ALLOW,ALLOW,DEFAULT_ALLOW,ALLOW,DEFAULT_ALLOW,ALLOW,DEFAULT_ALLOW
TXN-f6ccec399e4a,ALLOW,B0_BASELINE,ALLOW,B1_BASELINE,ALLOW,DEFAULT_ALLOW,ALLOW,DEFAULT_ALLOW,ALLOW,DEFAULT_ALLOW,ALLOW,DEFAULT_ALLOW
TXN-17ac878d09ae,ALLOW,B0_BASELINE,ALLOW,B1_BASELINE,ALLOW,DEFAULT_ALLOW,ALLOW,DEFAULT_ALLOW,ALLOW,DEFAULT_ALLOW,ALLOW,DEFAULT_ALLOW
TXN-7ca01bc2da0f,ALLOW,B0_BASELINE,ALLOW,B1_BASELINE,ALLOW,DEFAULT_ALLOW,ALLOW,DEFAULT_ALLOW,ALLOW,DEFAULT_ALLOW,ALLOW,DEFAULT_ALLOW
TXN-8efb89e26897,ALLOW,B0_BASELINE,ALLOW,B1_BASELINE,ALLOW,DEFAULT_ALLOW,ALLOW,DEFAULT_ALLOW,ALLOW,DEFAULT_ALLOW,ALLOW,DEFAULT_ALLOW
TXN-0fad3e0dbf9a,ALLOW,B0_BASELINE,ALLOW,B1_BASELINE,ALLOW,DEFAULT_ALLOW,ALLOW,DEFAULT_ALLOW,ALLOW,DEFAULT_ALLOW,ALLOW,DEFAULT_ALLOW
TXN-433eb9f56ac0,ALLOW,B0_BASELINE,HOLD,B1_RBI_RULE,ALLOW,DEFAULT_ALLOW,ALLOW,DEFAULT_ALLOW,ALLOW,DEFAULT_ALLOW,ALLOW,DEFAULT_ALLOW
TXN-30a3718472c4,ALLOW,B0_BASELINE,ALLOW,B1_BASELINE,ALLOW,DEFAULT_ALLOW,ALLOW,DEFAULT_ALLOW,ALLOW,DEFAULT_ALLOW,ALLOW,DEFAULT_ALLOW
TXN-8c914af8d760,ALLOW,B0_BASELINE,ALLOW,B1_BASELINE,ALLOW,DEFAULT_ALLOW,ALLOW,DEFAULT_ALLOW,ALLOW,DEFAULT_ALLOW,ALLOW,DEFAULT_ALLOW
TXN-5f4d5df64403,ALLOW,B0_BASELINE,ALLOW,B1_BASELINE,ESCALATE,SAFETY_VELOCITY,ALLOW,DEFAULT_ALLOW,ESCALATE,SAFETY_VELOCITY,ESCALATE,SAFETY_VELOCITY
TXN-d82522a31f3a,ALLOW,B0_BASELINE,HOLD,B1_RBI_RULE,HOLD,VAULT_RELEASE,HOLD,VAULT_RELEASE,ALLOW,DEFAULT_ALLOW,HOLD,VAULT_RELEASE
TXN-8b4ab08bee63,ALLOW,B0_BASELINE,ALLOW,B1_BASELINE,ALLOW,DEFAULT_ALLOW,ALLOW,DEFAULT_ALLOW,ALLOW,DEFAULT_ALLOW,ALLOW,DEFAULT_ALLOW
TXN-c8efbb8993ce,ALLOW,B0_BASELINE,ALLOW,B1_BASELINE,ALLOW,DEFAULT_ALLOW,ALLOW,DEFAULT_ALLOW,ALLOW,DEFAULT_ALLOW,ALLOW,DEFAULT_ALLOW
TXN-5b6aa862f800,ALLOW,B0_BASELINE,HOLD,B1_RBI_RULE,HOLD,VAULT_FD_BROKEN,HOLD,VAULT_FD_BROKEN,ALLOW,DEFAULT_ALLOW,HOLD,VAULT_FD_BROKEN
TXN-98af4576f374,ALLOW,B0_BASELINE,ALLOW,B1_BASELINE,ALLOW,DEFAULT_ALLOW,ALLOW,DEFAULT_ALLOW,ALLOW,DEFAULT_ALLOW,ALLOW,DEFAULT_ALLOW
TXN-3730f55ba091,ALLOW,B0_BASELINE,ALLOW,B1_BASELINE,ALLOW,DEFAULT_ALLOW,ALLOW,DEFAULT_ALLOW,ALLOW,DEFAULT_ALLOW,ALLOW,DEFAULT_ALLOW
TXN-3a75f3457104,ALLOW,B0_BASELINE,ALLOW,B1_BASELINE,ALLOW,DEFAULT_ALLOW,ALLOW,DEFAULT_ALLOW,ALLOW,DEFAULT_ALLOW,ALLOW,DEFAULT_ALLOW
TXN-3b93297790b3,ALLOW,B0_BASELINE,HOLD,B1_RBI_RULE,ESCALATE,SAFETY_VELOCITY,HOLD,VAULT_FD_BROKEN,ESCALATE,SAFETY_VELOCITY,ESCALATE,SAFETY_VELOCITY
TXN-b2f2147ebeed,ALLOW,B0_BASELINE,ALLOW,B1_BASELINE,REJECT,SAFETY_CALL_DETECTED,ALLOW,DEFAULT_ALLOW,REJECT,SAFETY_CALL_DETECTED,REJECT,SAFETY_CALL_DETECTED
TXN-90a668594c47,ALLOW,B0_BASELINE,ALLOW,B1_BASELINE,ALLOW,DEFAULT_ALLOW,ALLOW,DEFAULT_ALLOW,ALLOW,DEFAULT_ALLOW,ALLOW,DEFAULT_ALLOW
TXN-37061021f872,ALLOW,B0_BASELINE,ALLOW,B1_BASELINE,ALLOW,DEFAULT_ALLOW,ALLOW,DEFAULT_ALLOW,ALLOW,DEFAULT_ALLOW,ALLOW,DEFAULT_ALLOW
TXN-414d2e818ebb,ALLOW,B0_BASELINE,ALLOW,B1_BASELINE,ALLOW,DEFAULT_ALLOW,ALLOW,DEFAULT_ALLOW,ALLOW,DEFAULT_ALLOW,ALLOW,DEFAULT_ALLOW
TXN-81a72bd9c56d,ALLOW,B0_BASELINE,ALLOW,B1_BASELINE,REJECT,SAFETY_CALL_DETECTED,ALLOW,DEFAULT_ALLOW,REJECT,SAFETY_CALL_DETECTED,REJECT,SAFETY_CALL_DETECTED
TXN-e26c8337e506,ALLOW,B0_BASELINE,ALLOW,B1_BASELINE,ALLOW,DEFAULT_ALLOW,ALLOW,DEFAULT_ALLOW,ALLOW,DEFAULT_ALLOW,ALLOW,DEFAULT_ALLOW
TXN-61a83346c346,ALLOW,B0_BASELINE,ALLOW,B1_BASELINE,ALLOW,DEFAULT_ALLOW,ALLOW,DEFAULT_ALLOW,ALLOW,DEFAULT_ALLOW,ALLOW,DEFAULT_ALLOW
TXN-5dcbbe0907b8,ALLOW,B0_BASELINE,ALLOW,B1_BASELINE,ALLOW,DEFAULT_ALLOW,ALLOW,DEFAULT_ALLOW,ALLOW,DEFAULT_ALLOW,ALLOW,DEFAULT_ALLOW
TXN-34221bdbf61a,ALLOW,B0_BASELINE,ALLOW,B1_BASELINE,REJECT,SAFETY_CALL_DETECTED,ALLOW,DEFAULT_ALLOW,REJECT,SAFETY_CALL_DETECTED,REJECT,SAFETY_CALL_DETECTED
TXN-6a317ea44e23,ALLOW,B0_BASELINE,ALLOW,B1_BASELINE,ALLOW,DEFAULT_ALLOW,ALLOW,DEFAULT_ALLOW,ALLOW,DEFAULT_ALLOW,ALLOW,DEFAULT_ALLOW
TXN-ad0762b2bdb9,ALLOW,B0_BASELINE,ALLOW,B1_BASELINE,ALLOW,DEFAULT_ALLOW,ALLOW,DEFAULT_ALLOW,ALLOW,DEFAULT_ALLOW,ALLOW,DEFAULT_ALLOW
TXN-685f973eb4e0,ALLOW,B0_BASELINE,ALLOW,B1_BASELINE,REJECT,SAFETY_CALL_DETECTED,ALLOW,DEFAULT_ALLOW,REJECT,SAFETY_CALL_DETECTED,REJECT,SAFETY_CALL_DETECTED
TXN-5fadef9b3eee,ALLOW,B0_BASELINE,ALLOW,B1_BASELINE,ALLOW,DEFAULT_ALLOW,ALLOW,DEFAULT_ALLOW,ALLOW,DEFAULT_ALLOW,ALLOW,DEFAULT_ALLOW
TXN-d691b1f96168,ALLOW,B0_BASELINE,ALLOW,B1_BASELINE,ALLOW,DEFAULT_ALLOW,ALLOW,DEFAULT_ALLOW,ALLOW,DEFAULT_ALLOW,ALLOW,DEFAULT_ALLOW
TXN-c36d3b8ba533,ALLOW,B0_BASELINE,ALLOW,B1_BASELINE,ALLOW,DEFAULT_ALLOW,ALLOW,DEFAULT_ALLOW,ALLOW,DEFAULT_ALLOW,ALLOW,DEFAULT_ALLOW
TXN-5a34da758dd9,ALLOW,B0_BASELINE,ALLOW,B1_BASELINE,ALLOW,DEFAULT_ALLOW,ALLOW,DEFAULT_ALLOW,ALLOW,DEFAULT_ALLOW,ALLOW,DEFAULT_ALLOW
TXN-e696036b349e,ALLOW,B0_BASELINE,ALLOW,B1_BASELINE,ALLOW,DEFAULT_ALLOW,ALLOW,DEFAULT_ALLOW,ALLOW,DEFAULT_ALLOW,ALLOW,DEFAULT_ALLOW
TXN-9e5db9f6a8c8,ALLOW,B0_BASELINE,ALLOW,B1_BASELINE,ALLOW,DEFAULT_ALLOW,ALLOW,DEFAULT_ALLOW,ALLOW,DEFAULT_ALLOW,ALLOW,DEFAULT_ALLOW
TXN-ffe66bcc0568,ALLOW,B0_BASELINE,ALLOW,B1_BASELINE,ALLOW,DEFAULT_ALLOW,ALLOW,DEFAULT_ALLOW,ALLOW,DEFAULT_ALLOW,ALLOW,DEFAULT_ALLOW
TXN-508d941b7eca,ALLOW,B0_BASELINE,ALLOW,B1_BASELINE,ALLOW,DEFAULT_ALLOW,ALLOW,DEFAULT_ALLOW,ALLOW,DEFAULT_ALLOW,ALLOW,DEFAULT_ALLOW
TXN-f2d699bbd20c,ALLOW,B0_BASELINE,ALLOW,B1_BASELINE,ALLOW,DEFAULT_ALLOW,ALLOW,DEFAULT_ALLOW,ALLOW,DEFAULT_ALLOW,ALLOW,DEFAULT_ALLOW
TXN-c5200aca1477,ALLOW,B0_BASELINE,ALLOW,B1_BASELINE,ALLOW,DEFAULT_ALLOW,ALLOW,DEFAULT_ALLOW,ALLOW,DEFAULT_ALLOW,ALLOW,DEFAULT_ALLOW
TXN-61bc7ba1de48,ALLOW,B0_BASELINE,ALLOW,B1_BASELINE,ALLOW,DEFAULT_ALLOW,ALLOW,DEFAULT_ALLOW,ALLOW,DEFAULT_ALLOW,ALLOW,DEFAULT_ALLOW
TXN-c8e2fbe62df5,ALLOW,B0_BASELINE,ALLOW,B1_BASELINE,ALLOW,DEFAULT_ALLOW,ALLOW,DEFAULT_ALLOW,ALLOW,DEFAULT_ALLOW,ALLOW,DEFAULT_ALLOW
TXN-d66398ce800a,ALLOW,B0_BASELINE,ALLOW,B1_BASELINE,ALLOW,DEFAULT_ALLOW,ALLOW,DEFAULT_ALLOW,ALLOW,DEFAULT_ALLOW,ALLOW,DEFAULT_ALLOW
TXN-dbe961275a07,ALLOW,B0_BASELINE,ALLOW,B1_BASELINE,ALLOW,DEFAULT_ALLOW,ALLOW,DEFAULT_ALLOW,ALLOW,DEFAULT_ALLOW,ALLOW,DEFAULT_ALLOW
TXN-3e086926e2aa,ALLOW,B0_BASELINE,HOLD,B1_RBI_RULE,HOLD,VAULT_FD_BROKEN,HOLD,VAULT_FD_BROKEN,ALLOW,DEFAULT_ALLOW,HOLD,VAULT_FD_BROKEN
TXN-0565035c3c1e,ALLOW,B0_BASELINE,ALLOW,B1_BASELINE,ALLOW,DEFAULT_ALLOW,ALLOW,DEFAULT_ALLOW,ALLOW,DEFAULT_ALLOW,ALLOW,DEFAULT_ALLOW
TXN-afd8605e0b70,ALLOW,B0_BASELINE,ALLOW,B1_BASELINE,ALLOW,DEFAULT_ALLOW,ALLOW,DEFAULT_ALLOW,ALLOW,DEFAULT_ALLOW,ALLOW,DEFAULT_ALLOW
TXN-ec4c77bad1da,ALLOW,B0_BASELINE,ALLOW,B1_BASELINE,ALLOW,DEFAULT_ALLOW,ALLOW,DEFAULT_ALLOW,ALLOW,DEFAULT_ALLOW,ALLOW,DEFAULT_ALLOW
TXN-be518731b7d7,ALLOW,B0_BASELINE,ALLOW,B1_BASELINE,ALLOW,DEFAULT_ALLOW,ALLOW,DEFAULT_ALLOW,ALLOW,DEFAULT_ALLOW,ALLOW,DEFAULT_ALLOW
TXN-b0794f569b65,ALLOW,B0_BASELINE,ALLOW,B1_BASELINE,ALLOW,DEFAULT_ALLOW,ALLOW,DEFAULT_ALLOW,ALLOW,DEFAULT_ALLOW,ALLOW,DEFAULT_ALLOW
TXN-5f8084d62dfc,ALLOW,B0_BASELINE,ALLOW,B1_BASELINE,ALLOW,DEFAULT_ALLOW,ALLOW,DEFAULT_ALLOW,ALLOW,DEFAULT_ALLOW,ALLOW,DEFAULT_ALLOW
TXN-128adca34557,ALLOW,B0_BASELINE,ALLOW,B1_BASELINE,ESCALATE,SAFETY_VELOCITY,ALLOW,DEFAULT_ALLOW,ESCALATE,SAFETY_VELOCITY,ESCALATE,SAFETY_VELOCITY
TXN-38ae27ae766c,ALLOW,B0_BASELINE,ALLOW,B1_BASELINE,ALLOW,DEFAULT_ALLOW,ALLOW,DEFAULT_ALLOW,ALLOW,DEFAULT_ALLOW,ALLOW,DEFAULT_ALLOW
TXN-87c6565f6f03,ALLOW,B0_BASELINE,ALLOW,B1_BASELINE,ALLOW,DEFAULT_ALLOW,ALLOW,DEFAULT_ALLOW,ALLOW,DEFAULT_ALLOW,ALLOW,DEFAULT_ALLOW
TXN-b2126ba16b3f,ALLOW,B0_BASELINE,ALLOW,B1_BASELINE,ALLOW,DEFAULT_ALLOW,ALLOW,DEFAULT_ALLOW,ALLOW,DEFAULT_ALLOW,ALLOW,DEFAULT_ALLOW
TXN-9ba859295b6b,ALLOW,B0_BASELINE,ALLOW,B1_BASELINE,ALLOW,DEFAULT_ALLOW,ALLOW,DEFAULT_ALLOW,ALLOW,DEFAULT_ALLOW,ALLOW,DEFAULT_ALLOW
TXN-29e6951daacc,ALLOW,B0_BASELINE,ALLOW,B1_BASELINE,ALLOW,EMERGENCY_PREAPPROVED,ALLOW,EMERGENCY_PREAPPROVED,ALLOW,EMERGENCY_PREAPPROVED,ALLOW,DEFAULT_ALLOW
TXN-9864b48051d1,ALLOW,B0_BASELINE,ALLOW,B1_BASELINE,ALLOW,DEFAULT_ALLOW,ALLOW,DEFAULT_ALLOW,ALLOW,DEFAULT_ALLOW,ALLOW,DEFAULT_ALLOW
TXN-5b3315308a05,ALLOW,B0_BASELINE,ALLOW,B1_BASELINE,ALLOW,DEFAULT_ALLOW,ALLOW,DEFAULT_ALLOW,ALLOW,DEFAULT_ALLOW,ALLOW,DEFAULT_ALLOW
TXN-f74490cbd835,ALLOW,B0_BASELINE,ALLOW,B1_BASELINE,ALLOW,DEFAULT_ALLOW,ALLOW,DEFAULT_ALLOW,ALLOW,DEFAULT_ALLOW,ALLOW,DEFAULT_ALLOW
TXN-cbd6e53d979f,ALLOW,B0_BASELINE,ALLOW,B1_BASELINE,ALLOW,DEFAULT_ALLOW,ALLOW,DEFAULT_ALLOW,ALLOW,DEFAULT_ALLOW,ALLOW,DEFAULT_ALLOW
TXN-d2efaeddd2c9,ALLOW,B0_BASELINE,ALLOW,B1_BASELINE,ALLOW,DEFAULT_ALLOW,ALLOW,DEFAULT_ALLOW,ALLOW,DEFAULT_ALLOW,ALLOW,DEFAULT_ALLOW
TXN-e8ddf58dd7fc,ALLOW,B0_BASELINE,ALLOW,B1_BASELINE,ALLOW,DEFAULT_ALLOW,ALLOW,DEFAULT_ALLOW,ALLOW,DEFAULT_ALLOW,ALLOW,DEFAULT_ALLOW
TXN-861d9c14681c,ALLOW,B0_BASELINE,ALLOW,B1_BASELINE,ALLOW,DEFAULT_ALLOW,ALLOW,DEFAULT_ALLOW,ALLOW,DEFAULT_ALLOW,ALLOW,DEFAULT_ALLOW
TXN-f5d22cb8927b,ALLOW,B0_BASELINE,HOLD,B1_RBI_RULE,HOLD,VAULT_FD_BROKEN,HOLD,VAULT_FD_BROKEN,ALLOW,DEFAULT_ALLOW,HOLD,VAULT_FD_BROKEN
TXN-db9411d58b57,ALLOW,B0_BASELINE,ALLOW,B1_BASELINE,ALLOW,DEFAULT_ALLOW,ALLOW,DEFAULT_ALLOW,ALLOW,DEFAULT_ALLOW,ALLOW,DEFAULT_ALLOW
TXN-223d27170b43,ALLOW,B0_BASELINE,ALLOW,B1_BASELINE,ALLOW,DEFAULT_ALLOW,ALLOW,DEFAULT_ALLOW,ALLOW,DEFAULT_ALLOW,ALLOW,DEFAULT_ALLOW
TXN-a58f176ed31a,ALLOW,B0_BASELINE,ALLOW,B1_BASELINE,ALLOW,DEFAULT_ALLOW,ALLOW,DEFAULT_ALLOW,ALLOW,DEFAULT_ALLOW,ALLOW,DEFAULT_ALLOW
TXN-5d57c4bd8d6e,ALLOW,B0_BASELINE,ALLOW,B1_BASELINE,HOLD,EMERGENCY_UNLISTED,HOLD,EMERGENCY_UNLISTED,HOLD,EMERGENCY_UNLISTED,ALLOW,DEFAULT_ALLOW
TXN-41a7427e175c,ALLOW,B0_BASELINE,ALLOW,B1_BASELINE,ALLOW,DEFAULT_ALLOW,ALLOW,DEFAULT_ALLOW,ALLOW,DEFAULT_ALLOW,ALLOW,DEFAULT_ALLOW
TXN-4c8fd434ed40,ALLOW,B0_BASELINE,ALLOW,B1_BASELINE,ALLOW,DEFAULT_ALLOW,ALLOW,DEFAULT_ALLOW,ALLOW,DEFAULT_ALLOW,ALLOW,DEFAULT_ALLOW
TXN-346ac5cb4e6c,ALLOW,B0_BASELINE,ALLOW,B1_BASELINE,ALLOW,DEFAULT_ALLOW,ALLOW,DEFAULT_ALLOW,ALLOW,DEFAULT_ALLOW,ALLOW,DEFAULT_ALLOW
TXN-ae6f4353bcda,ALLOW,B0_BASELINE,ALLOW,B1_BASELINE,ALLOW,DEFAULT_ALLOW,ALLOW,DEFAULT_ALLOW,ALLOW,DEFAULT_ALLOW,ALLOW,DEFAULT_ALLOW
TXN-e450525da7d1,ALLOW,B0_BASELINE,ALLOW,B1_BASELINE,ALLOW,DEFAULT_ALLOW,ALLOW,DEFAULT_ALLOW,ALLOW,DEFAULT_ALLOW,ALLOW,DEFAULT_ALLOW
TXN-70e5279a55eb,ALLOW,B0_BASELINE,ALLOW,B1_BASELINE,ALLOW,DEFAULT_ALLOW,ALLOW,DEFAULT_ALLOW,ALLOW,DEFAULT_ALLOW,ALLOW,DEFAULT_ALLOW
TXN-292c4a5f0cd2,ALLOW,B0_BASELINE,ALLOW,B1_BASELINE,ALLOW,DEFAULT_ALLOW,ALLOW,DEFAULT_ALLOW,ALLOW,DEFAULT_ALLOW,ALLOW,DEFAULT_ALLOW
TXN-547ad7bccd0c,ALLOW,B0_BASELINE,ALLOW,B1_BASELINE,ALLOW,DEFAULT_ALLOW,ALLOW,DEFAULT_ALLOW,ALLOW,DEFAULT_ALLOW,ALLOW,DEFAULT_ALLOW
TXN-4db77698313d,ALLOW,B0_BASELINE,ALLOW,B1_BASELINE,ALLOW,DEFAULT_ALLOW,ALLOW,DEFAULT_ALLOW,ALLOW,DEFAULT_ALLOW,ALLOW,DEFAULT_ALLOW
TXN-a748f055492e,ALLOW,B0_BASELINE,ALLOW,B1_BASELINE,HOLD,EMERGENCY_UNLISTED,HOLD,EMERGENCY_UNLISTED,HOLD,EMERGENCY_UNLISTED,ALLOW,DEFAULT_ALLOW
TXN-115d5a1aeb37,ALLOW,B0_BASELINE,ALLOW,B1_BASELINE,ALLOW,DEFAULT_ALLOW,ALLOW,DEFAULT_ALLOW,ALLOW,DEFAULT_ALLOW,ALLOW,DEFAULT_ALLOW
TXN-6bf27b0c707f,ALLOW,B0_BASELINE,ALLOW,B1_BASELINE,ALLOW,DEFAULT_ALLOW,ALLOW,DEFAULT_ALLOW,ALLOW,DEFAULT_ALLOW,ALLOW,DEFAULT_ALLOW
TXN-3533d82bade6,ALLOW,B0_BASELINE,ALLOW,B1_BASELINE,ALLOW,DEFAULT_ALLOW,ALLOW,DEFAULT_ALLOW,ALLOW,DEFAULT_ALLOW,ALLOW,DEFAULT_ALLOW
TXN-74d109f65e3b,ALLOW,B0_BASELINE,HOLD,B1_RBI_RULE,HOLD,VAULT_RELEASE,HOLD,VAULT_RELEASE,ALLOW,DEFAULT_ALLOW,HOLD,VAULT_RELEASE
TXN-640a384e752c,ALLOW,B0_BASELINE,ALLOW,B1_BASELINE,ALLOW,DEFAULT_ALLOW,ALLOW,DEFAULT_ALLOW,ALLOW,DEFAULT_ALLOW,ALLOW,DEFAULT_ALLOW
TXN-d614aa16ddb2,ALLOW,B0_BASELINE,ALLOW,B1_BASELINE,ALLOW,DEFAULT_ALLOW,ALLOW,DEFAULT_ALLOW,ALLOW,DEFAULT_ALLOW,ALLOW,DEFAULT_ALLOW
TXN-52de8e583a62,ALLOW,B0_BASELINE,ALLOW,B1_BASELINE,ALLOW,DEFAULT_ALLOW,ALLOW,DEFAULT_ALLOW,ALLOW,DEFAULT_ALLOW,ALLOW,DEFAULT_ALLOW
TXN-04ca5343b3b1,ALLOW,B0_BASELINE,ALLOW,B1_BASELINE,ALLOW,DEFAULT_ALLOW,ALLOW,DEFAULT_ALLOW,ALLOW,DEFAULT_ALLOW,ALLOW,DEFAULT_ALLOW
TXN-a0d94861811d,ALLOW,B0_BASELINE,ALLOW,B1_BASELINE,ALLOW,DEFAULT_ALLOW,ALLOW,DEFAULT_ALLOW,ALLOW,DEFAULT_ALLOW,ALLOW,DEFAULT_ALLOW
TXN-d11d3b3cc376,ALLOW,B0_BASELINE,ALLOW,B1_BASELINE,ALLOW,DEFAULT_ALLOW,ALLOW,DEFAULT_ALLOW,ALLOW,DEFAULT_ALLOW,ALLOW,DEFAULT_ALLOW
TXN-33f8b5b7adbe,ALLOW,B0_BASELINE,ALLOW,B1_BASELINE,ALLOW,DEFAULT_ALLOW,ALLOW,DEFAULT_ALLOW,ALLOW,DEFAULT_ALLOW,ALLOW,DEFAULT_ALLOW
TXN-4989aa247884,ALLOW,B0_BASELINE,ALLOW,B1_BASELINE,ALLOW,DEFAULT_ALLOW,ALLOW,DEFAULT_ALLOW,ALLOW,DEFAULT_ALLOW,ALLOW,DEFAULT_ALLOW
TXN-6709972b2c4b,ALLOW,B0_BASELINE,ALLOW,B1_BASELINE,ALLOW,DEFAULT_ALLOW,ALLOW,DEFAULT_ALLOW,ALLOW,DEFAULT_ALLOW,ALLOW,DEFAULT_ALLOW
TXN-fd55b71b9478,ALLOW,B0_BASELINE,ALLOW,B1_BASELINE,ALLOW,DEFAULT_ALLOW,ALLOW,DEFAULT_ALLOW,ALLOW,DEFAULT_ALLOW,ALLOW,DEFAULT_ALLOW
TXN-fcdac2858e3f,ALLOW,B0_BASELINE,ALLOW,B1_BASELINE,ALLOW,DEFAULT_ALLOW,ALLOW,DEFAULT_ALLOW,ALLOW,DEFAULT_ALLOW,ALLOW,DEFAULT_ALLOW
TXN-30f527c8c17a,ALLOW,B0_BASELINE,ALLOW,B1_BASELINE,ALLOW,DEFAULT_ALLOW,ALLOW,DEFAULT_ALLOW,ALLOW,DEFAULT_ALLOW,ALLOW,DEFAULT_ALLOW
TXN-59804119ac8d,ALLOW,B0_BASELINE,ALLOW,B1_BASELINE,ALLOW,DEFAULT_ALLOW,ALLOW,DEFAULT_ALLOW,ALLOW,DEFAULT_ALLOW,ALLOW,DEFAULT_ALLOW
TXN-4a9ec26e4cbf,ALLOW,B0_BASELINE,ALLOW,B1_BASELINE,ALLOW,DEFAULT_ALLOW,ALLOW,DEFAULT_ALLOW,ALLOW,DEFAULT_ALLOW,ALLOW,DEFAULT_ALLOW
TXN-8bd034384f30,ALLOW,B0_BASELINE,ALLOW,B1_BASELINE,ALLOW,DEFAULT_ALLOW,ALLOW,DEFAULT_ALLOW,ALLOW,DEFAULT_ALLOW,ALLOW,DEFAULT_ALLOW
TXN-675f443c25fb,ALLOW,B0_BASELINE,ALLOW,B1_BASELINE,ALLOW,DEFAULT_ALLOW,ALLOW,DEFAULT_ALLOW,ALLOW,DEFAULT_ALLOW,ALLOW,DEFAULT_ALLOW
TXN-b99d01476641,ALLOW,B0_BASELINE,ALLOW,B1_BASELINE,ALLOW,DEFAULT_ALLOW,ALLOW,DEFAULT_ALLOW,ALLOW,DEFAULT_ALLOW,ALLOW,DEFAULT_ALLOW
TXN-d924901e2ab7,ALLOW,B0_BASELINE,ALLOW,B1_BASELINE,ALLOW,DEFAULT_ALLOW,ALLOW,DEFAULT_ALLOW,ALLOW,DEFAULT_ALLOW,ALLOW,DEFAULT_ALLOW
TXN-547074af25f7,ALLOW,B0_BASELINE,ALLOW,B1_BASELINE,ALLOW,DEFAULT_ALLOW,ALLOW,DEFAULT_ALLOW,ALLOW,DEFAULT_ALLOW,ALLOW,DEFAULT_ALLOW
TXN-10c16a415ef9,ALLOW,B0_BASELINE,ALLOW,B1_BASELINE,ALLOW,DEFAULT_ALLOW,ALLOW,DEFAULT_ALLOW,ALLOW,DEFAULT_ALLOW,ALLOW,DEFAULT_ALLOW
TXN-3b160526623c,ALLOW,B0_BASELINE,HOLD,B1_RBI_RULE,ALLOW,DEFAULT_ALLOW,ALLOW,DEFAULT_ALLOW,ALLOW,DEFAULT_ALLOW,ALLOW,DEFAULT_ALLOW
TXN-e8c715f54a28,ALLOW,B0_BASELINE,ALLOW,B1_BASELINE,ALLOW,DEFAULT_ALLOW,ALLOW,DEFAULT_ALLOW,ALLOW,DEFAULT_ALLOW,ALLOW,DEFAULT_ALLOW
TXN-4f2a9b64e98c,ALLOW,B0_BASELINE,ALLOW,B1_BASELINE,ALLOW,DEFAULT_ALLOW,ALLOW,DEFAULT_ALLOW,ALLOW,DEFAULT_ALLOW,ALLOW,DEFAULT_ALLOW
TXN-ac2129ab9e3d,ALLOW,B0_BASELINE,ALLOW,B1_BASELINE,ALLOW,DEFAULT_ALLOW,ALLOW,DEFAULT_ALLOW,ALLOW,DEFAULT_ALLOW,ALLOW,DEFAULT_ALLOW
TXN-c5d1d7951e64,ALLOW,B0_BASELINE,HOLD,B1_RBI_RULE,REJECT,SAFETY_CALL_DETECTED,HOLD,VAULT_RELEASE,REJECT,SAFETY_CALL_DETECTED,REJECT,SAFETY_CALL_DETECTED
TXN-4abe131d83bc,ALLOW,B0_BASELINE,ALLOW,B1_BASELINE,ALLOW,DEFAULT_ALLOW,ALLOW,DEFAULT_ALLOW,ALLOW,DEFAULT_ALLOW,ALLOW,DEFAULT_ALLOW
TXN-7d23c3b8cecd,ALLOW,B0_BASELINE,HOLD,B1_RBI_RULE,HOLD,VAULT_RELEASE,HOLD,VAULT_RELEASE,HOLD,PAYMENT_NEW_INDIVIDUAL_LARGE,HOLD,VAULT_RELEASE
TXN-b8932d748114,ALLOW,B0_BASELINE,ALLOW,B1_BASELINE,HOLD,EMERGENCY_UNLISTED,HOLD,EMERGENCY_UNLISTED,HOLD,EMERGENCY_UNLISTED,ALLOW,DEFAULT_ALLOW
TXN-c3058960d767,ALLOW,B0_BASELINE,ALLOW,B1_BASELINE,ALLOW,DEFAULT_ALLOW,ALLOW,DEFAULT_ALLOW,ALLOW,DEFAULT_ALLOW,ALLOW,DEFAULT_ALLOW
TXN-96f7a49bf8a4,ALLOW,B0_BASELINE,ALLOW,B1_BASELINE,ALLOW,DEFAULT_ALLOW,ALLOW,DEFAULT_ALLOW,ALLOW,DEFAULT_ALLOW,ALLOW,DEFAULT_ALLOW
TXN-e08e18ba07c8,ALLOW,B0_BASELINE,HOLD,B1_RBI_RULE,REJECT,SAFETY_CALL_DETECTED,HOLD,VAULT_RELEASE,REJECT,SAFETY_CALL_DETECTED,REJECT,SAFETY_CALL_DETECTED
TXN-b794e1b660ed,ALLOW,B0_BASELINE,ALLOW,B1_BASELINE,ALLOW,DEFAULT_ALLOW,ALLOW,DEFAULT_ALLOW,ALLOW,DEFAULT_ALLOW,ALLOW,DEFAULT_ALLOW
TXN-b5ea3a864c79,ALLOW,B0_BASELINE,HOLD,B1_RBI_RULE,ESCALATE,SAFETY_VELOCITY,HOLD,VAULT_RELEASE,ESCALATE,SAFETY_VELOCITY,ESCALATE,SAFETY_VELOCITY
TXN-6939324ed930,ALLOW,B0_BASELINE,ALLOW,B1_BASELINE,ALLOW,DEFAULT_ALLOW,ALLOW,DEFAULT_ALLOW,ALLOW,DEFAULT_ALLOW,ALLOW,DEFAULT_ALLOW
TXN-4f437cdf5e11,ALLOW,B0_BASELINE,ALLOW,B1_BASELINE,ALLOW,DEFAULT_ALLOW,ALLOW,DEFAULT_ALLOW,ALLOW,DEFAULT_ALLOW,ALLOW,DEFAULT_ALLOW
TXN-84898ca8a0ad,ALLOW,B0_BASELINE,ALLOW,B1_BASELINE,ALLOW,DEFAULT_ALLOW,ALLOW,DEFAULT_ALLOW,ALLOW,DEFAULT_ALLOW,ALLOW,DEFAULT_ALLOW
TXN-2c4a6a6c24db,ALLOW,B0_BASELINE,ALLOW,B1_BASELINE,ALLOW,DEFAULT_ALLOW,ALLOW,DEFAULT_ALLOW,ALLOW,DEFAULT_ALLOW,ALLOW,DEFAULT_ALLOW
TXN-c3df1fee79cd,ALLOW,B0_BASELINE,ALLOW,B1_BASELINE,ALLOW,DEFAULT_ALLOW,ALLOW,DEFAULT_ALLOW,ALLOW,DEFAULT_ALLOW,ALLOW,DEFAULT_ALLOW
TXN-31f187c2533b,ALLOW,B0_BASELINE,ALLOW,B1_BASELINE,ALLOW,DEFAULT_ALLOW,ALLOW,DEFAULT_ALLOW,ALLOW,DEFAULT_ALLOW,ALLOW,DEFAULT_ALLOW
TXN-f830cb6ae1d7,ALLOW,B0_BASELINE,ALLOW,B1_BASELINE,ALLOW,DEFAULT_ALLOW,ALLOW,DEFAULT_ALLOW,ALLOW,DEFAULT_ALLOW,ALLOW,DEFAULT_ALLOW
TXN-1aeadd108cb1,ALLOW,B0_BASELINE,ALLOW,B1_BASELINE,ALLOW,DEFAULT_ALLOW,ALLOW,DEFAULT_ALLOW,ALLOW,DEFAULT_ALLOW,ALLOW,DEFAULT_ALLOW
TXN-543e55e901c8,ALLOW,B0_BASELINE,ALLOW,B1_BASELINE,ALLOW,DEFAULT_ALLOW,ALLOW,DEFAULT_ALLOW,ALLOW,DEFAULT_ALLOW,ALLOW,DEFAULT_ALLOW
TXN-0840e9a92456,ALLOW,B0_BASELINE,ALLOW,B1_BASELINE,ALLOW,DEFAULT_ALLOW,ALLOW,DEFAULT_ALLOW,ALLOW,DEFAULT_ALLOW,ALLOW,DEFAULT_ALLOW
TXN-c7bfa04d25cf,ALLOW,B0_BASELINE,ALLOW,B1_BASELINE,ALLOW,DEFAULT_ALLOW,ALLOW,DEFAULT_ALLOW,ALLOW,DEFAULT_ALLOW,ALLOW,DEFAULT_ALLOW
TXN-c32c33f7d79b,ALLOW,B0_BASELINE,ALLOW,B1_BASELINE,ALLOW,DEFAULT_ALLOW,ALLOW,DEFAULT_ALLOW,ALLOW,DEFAULT_ALLOW,ALLOW,DEFAULT_ALLOW
TXN-6bfe12697bd3,ALLOW,B0_BASELINE,ALLOW,B1_BASELINE,ALLOW,DEFAULT_ALLOW,ALLOW,DEFAULT_ALLOW,ALLOW,DEFAULT_ALLOW,ALLOW,DEFAULT_ALLOW
TXN-5f37016fabc9,ALLOW,B0_BASELINE,ALLOW,B1_BASELINE,ALLOW,DEFAULT_ALLOW,ALLOW,DEFAULT_ALLOW,ALLOW,DEFAULT_ALLOW,ALLOW,DEFAULT_ALLOW
TXN-47c2427708d8,ALLOW,B0_BASELINE,ALLOW,B1_BASELINE,ALLOW,DEFAULT_ALLOW,ALLOW,DEFAULT_ALLOW,ALLOW,DEFAULT_ALLOW,ALLOW,DEFAULT_ALLOW
TXN-ed66e5c5b29d,ALLOW,B0_BASELINE,ALLOW,B1_BASELINE,ALLOW,DEFAULT_ALLOW,ALLOW,DEFAULT_ALLOW,ALLOW,DEFAULT_ALLOW,ALLOW,DEFAULT_ALLOW
TXN-d7fde6d64f2f,ALLOW,B0_BASELINE,ALLOW,B1_BASELINE,ALLOW,DEFAULT_ALLOW,ALLOW,DEFAULT_ALLOW,ALLOW,DEFAULT_ALLOW,ALLOW,DEFAULT_ALLOW
TXN-6a681fc282d6,ALLOW,B0_BASELINE,ALLOW,B1_BASELINE,ALLOW,DEFAULT_ALLOW,ALLOW,DEFAULT_ALLOW,ALLOW,DEFAULT_ALLOW,ALLOW,DEFAULT_ALLOW
TXN-e2fba36ca5a8,ALLOW,B0_BASELINE,ALLOW,B1_BASELINE,ALLOW,DEFAULT_ALLOW,ALLOW,DEFAULT_ALLOW,ALLOW,DEFAULT_ALLOW,ALLOW,DEFAULT_ALLOW
TXN-6721fd20318f,ALLOW,B0_BASELINE,ALLOW,B1_BASELINE,ALLOW,DEFAULT_ALLOW,ALLOW,DEFAULT_ALLOW,ALLOW,DEFAULT_ALLOW,ALLOW,DEFAULT_ALLOW
TXN-1c18afead2bf,ALLOW,B0_BASELINE,ALLOW,B1_BASELINE,ALLOW,DEFAULT_ALLOW,ALLOW,DEFAULT_ALLOW,ALLOW,DEFAULT_ALLOW,ALLOW,DEFAULT_ALLOW
TXN-b9bf636c317b,ALLOW,B0_BASELINE,ALLOW,B1_BASELINE,ALLOW,DEFAULT_ALLOW,ALLOW,DEFAULT_ALLOW,ALLOW,DEFAULT_ALLOW,ALLOW,DEFAULT_ALLOW
TXN-8c9e0e3465ee,ALLOW,B0_BASELINE,ALLOW,B1_BASELINE,ALLOW,DEFAULT_ALLOW,ALLOW,DEFAULT_ALLOW,ALLOW,DEFAULT_ALLOW,ALLOW,DEFAULT_ALLOW
TXN-c251f975ad91,ALLOW,B0_BASELINE,ALLOW,B1_BASELINE,ALLOW,DEFAULT_ALLOW,ALLOW,DEFAULT_ALLOW,ALLOW,DEFAULT_ALLOW,ALLOW,DEFAULT_ALLOW
TXN-d7d729c05aac,ALLOW,B0_BASELINE,ALLOW,B1_BASELINE,ALLOW,DEFAULT_ALLOW,ALLOW,DEFAULT_ALLOW,ALLOW,DEFAULT_ALLOW,ALLOW,DEFAULT_ALLOW
TXN-917b80f31375,ALLOW,B0_BASELINE,ALLOW,B1_BASELINE,ALLOW,DEFAULT_ALLOW,ALLOW,DEFAULT_ALLOW,ALLOW,DEFAULT_ALLOW,ALLOW,DEFAULT_ALLOW
TXN-c9afae4525ce,ALLOW,B0_BASELINE,ALLOW,B1_BASELINE,ALLOW,DEFAULT_ALLOW,ALLOW,DEFAULT_ALLOW,ALLOW,DEFAULT_ALLOW,ALLOW,DEFAULT_ALLOW
TXN-9f99f1dce153,ALLOW,B0_BASELINE,ALLOW,B1_BASELINE,ALLOW,DEFAULT_ALLOW,ALLOW,DEFAULT_ALLOW,ALLOW,DEFAULT_ALLOW,ALLOW,DEFAULT_ALLOW
TXN-bef3eeea7852,ALLOW,B0_BASELINE,ALLOW,B1_BASELINE,ALLOW,DEFAULT_ALLOW,ALLOW,DEFAULT_ALLOW,ALLOW,DEFAULT_ALLOW,ALLOW,DEFAULT_ALLOW
TXN-02a35195e8c7,ALLOW,B0_BASELINE,ALLOW,B1_BASELINE,ALLOW,DEFAULT_ALLOW,ALLOW,DEFAULT_ALLOW,ALLOW,DEFAULT_ALLOW,ALLOW,DEFAULT_ALLOW
TXN-b2bad7906a77,ALLOW,B0_BASELINE,ALLOW,B1_BASELINE,ALLOW,DEFAULT_ALLOW,ALLOW,DEFAULT_ALLOW,ALLOW,DEFAULT_ALLOW,ALLOW,DEFAULT_ALLOW
TXN-d2ba6e6a6f43,ALLOW,B0_BASELINE,ALLOW,B1_BASELINE,ALLOW,DEFAULT_ALLOW,ALLOW,DEFAULT_ALLOW,ALLOW,DEFAULT_ALLOW,ALLOW,DEFAULT_ALLOW
TXN-bee9dcf88719,ALLOW,B0_BASELINE,ALLOW,B1_BASELINE,ALLOW,DEFAULT_ALLOW,ALLOW,DEFAULT_ALLOW,ALLOW,DEFAULT_ALLOW,ALLOW,DEFAULT_ALLOW
TXN-72d9554ed12c,ALLOW,B0_BASELINE,ALLOW,B1_BASELINE,ALLOW,DEFAULT_ALLOW,ALLOW,DEFAULT_ALLOW,ALLOW,DEFAULT_ALLOW,ALLOW,DEFAULT_ALLOW
TXN-180dcf105389,ALLOW,B0_BASELINE,ALLOW,B1_BASELINE,ALLOW,DEFAULT_ALLOW,ALLOW,DEFAULT_ALLOW,ALLOW,DEFAULT_ALLOW,ALLOW,DEFAULT_ALLOW
TXN-ddff8187d3ae,ALLOW,B0_BASELINE,HOLD,B1_RBI_RULE,ALLOW,DEFAULT_ALLOW,ALLOW,DEFAULT_ALLOW,ALLOW,DEFAULT_ALLOW,ALLOW,DEFAULT_ALLOW
TXN-34c91be82f97,ALLOW,B0_BASELINE,HOLD,B1_RBI_RULE,ALLOW,DEFAULT_ALLOW,ALLOW,DEFAULT_ALLOW,ALLOW,DEFAULT_ALLOW,ALLOW,DEFAULT_ALLOW
TXN-9d540fed4ee2,ALLOW,B0_BASELINE,ALLOW,B1_BASELINE,ALLOW,DEFAULT_ALLOW,ALLOW,DEFAULT_ALLOW,ALLOW,DEFAULT_ALLOW,ALLOW,DEFAULT_ALLOW
TXN-94c0063fedf8,ALLOW,B0_BASELINE,HOLD,B1_RBI_RULE,ALLOW,DEFAULT_ALLOW,ALLOW,DEFAULT_ALLOW,ALLOW,DEFAULT_ALLOW,ALLOW,DEFAULT_ALLOW
TXN-1b795f09a09f,ALLOW,B0_BASELINE,ALLOW,B1_BASELINE,ALLOW,DEFAULT_ALLOW,ALLOW,DEFAULT_ALLOW,ALLOW,DEFAULT_ALLOW,ALLOW,DEFAULT_ALLOW
TXN-e592f860a111,ALLOW,B0_BASELINE,ALLOW,B1_BASELINE,ALLOW,DEFAULT_ALLOW,ALLOW,DEFAULT_ALLOW,ALLOW,DEFAULT_ALLOW,ALLOW,DEFAULT_ALLOW
TXN-39d40cf667d3,ALLOW,B0_BASELINE,ALLOW,B1_BASELINE,ALLOW,DEFAULT_ALLOW,ALLOW,DEFAULT_ALLOW,ALLOW,DEFAULT_ALLOW,ALLOW,DEFAULT_ALLOW
TXN-e4b7680c0635,ALLOW,B0_BASELINE,ALLOW,B1_BASELINE,ALLOW,DEFAULT_ALLOW,ALLOW,DEFAULT_ALLOW,ALLOW,DEFAULT_ALLOW,ALLOW,DEFAULT_ALLOW
TXN-1189afa20716,ALLOW,B0_BASELINE,ALLOW,B1_BASELINE,ALLOW,DEFAULT_ALLOW,ALLOW,DEFAULT_ALLOW,ALLOW,DEFAULT_ALLOW,ALLOW,DEFAULT_ALLOW
TXN-b585809d0f0d,ALLOW,B0_BASELINE,ALLOW,B1_BASELINE,ALLOW,DEFAULT_ALLOW,ALLOW,DEFAULT_ALLOW,ALLOW,DEFAULT_ALLOW,ALLOW,DEFAULT_ALLOW
TXN-69bc344f7692,ALLOW,B0_BASELINE,ALLOW,B1_BASELINE,ALLOW,DEFAULT_ALLOW,ALLOW,DEFAULT_ALLOW,ALLOW,DEFAULT_ALLOW,ALLOW,DEFAULT_ALLOW
TXN-d67dd6165d85,ALLOW,B0_BASELINE,ALLOW,B1_BASELINE,ALLOW,DEFAULT_ALLOW,ALLOW,DEFAULT_ALLOW,ALLOW,DEFAULT_ALLOW,ALLOW,DEFAULT_ALLOW
TXN-1b65b24078c0,ALLOW,B0_BASELINE,ALLOW,B1_BASELINE,ALLOW,DEFAULT_ALLOW,ALLOW,DEFAULT_ALLOW,ALLOW,DEFAULT_ALLOW,ALLOW,DEFAULT_ALLOW
TXN-1d51a52f0e62,ALLOW,B0_BASELINE,ALLOW,B1_BASELINE,ALLOW,DEFAULT_ALLOW,ALLOW,DEFAULT_ALLOW,ALLOW,DEFAULT_ALLOW,ALLOW,DEFAULT_ALLOW
TXN-172d2e2ed962,ALLOW,B0_BASELINE,ALLOW,B1_BASELINE,ALLOW,DEFAULT_ALLOW,ALLOW,DEFAULT_ALLOW,ALLOW,DEFAULT_ALLOW,ALLOW,DEFAULT_ALLOW
TXN-964a71276611,ALLOW,B0_BASELINE,ALLOW,B1_BASELINE,ALLOW,DEFAULT_ALLOW,ALLOW,DEFAULT_ALLOW,ALLOW,DEFAULT_ALLOW,ALLOW,DEFAULT_ALLOW
TXN-cbb9c4e26b83,ALLOW,B0_BASELINE,ALLOW,B1_BASELINE,ALLOW,DEFAULT_ALLOW,ALLOW,DEFAULT_ALLOW,ALLOW,DEFAULT_ALLOW,ALLOW,DEFAULT_ALLOW
TXN-d90183568ee1,ALLOW,B0_BASELINE,ALLOW,B1_BASELINE,ALLOW,DEFAULT_ALLOW,ALLOW,DEFAULT_ALLOW,ALLOW,DEFAULT_ALLOW,ALLOW,DEFAULT_ALLOW
TXN-9cb98b2be314,ALLOW,B0_BASELINE,ALLOW,B1_BASELINE,ALLOW,DEFAULT_ALLOW,ALLOW,DEFAULT_ALLOW,ALLOW,DEFAULT_ALLOW,ALLOW,DEFAULT_ALLOW
TXN-5dd501fe4f13,ALLOW,B0_BASELINE,ALLOW,B1_BASELINE,ALLOW,DEFAULT_ALLOW,ALLOW,DEFAULT_ALLOW,ALLOW,DEFAULT_ALLOW,ALLOW,DEFAULT_ALLOW
TXN-177427aa8883,ALLOW,B0_BASELINE,ALLOW,B1_BASELINE,ALLOW,DEFAULT_ALLOW,ALLOW,DEFAULT_ALLOW,ALLOW,DEFAULT_ALLOW,ALLOW,DEFAULT_ALLOW
TXN-3be25f15a288,ALLOW,B0_BASELINE,ALLOW,B1_BASELINE,ALLOW,DEFAULT_ALLOW,ALLOW,DEFAULT_ALLOW,ALLOW,DEFAULT_ALLOW,ALLOW,DEFAULT_ALLOW
TXN-bd04425bc004,ALLOW,B0_BASELINE,ALLOW,B1_BASELINE,ALLOW,DEFAULT_ALLOW,ALLOW,DEFAULT_ALLOW,ALLOW,DEFAULT_ALLOW,ALLOW,DEFAULT_ALLOW
TXN-413ae9b5fab1,ALLOW,B0_BASELINE,ALLOW,B1_BASELINE,ALLOW,DEFAULT_ALLOW,ALLOW,DEFAULT_ALLOW,ALLOW,DEFAULT_ALLOW,ALLOW,DEFAULT_ALLOW
TXN-89aa94d9448f,ALLOW,B0_BASELINE,ALLOW,B1_BASELINE,ALLOW,DEFAULT_ALLOW,ALLOW,DEFAULT_ALLOW,ALLOW,DEFAULT_ALLOW,ALLOW,DEFAULT_ALLOW
TXN-b85104a904cb,ALLOW,B0_BASELINE,ALLOW,B1_BASELINE,ALLOW,DEFAULT_ALLOW,ALLOW,DEFAULT_ALLOW,ALLOW,DEFAULT_ALLOW,ALLOW,DEFAULT_ALLOW
TXN-a9396c599157,ALLOW,B0_BASELINE,ALLOW,B1_BASELINE,ALLOW,DEFAULT_ALLOW,ALLOW,DEFAULT_ALLOW,ALLOW,DEFAULT_ALLOW,ALLOW,DEFAULT_ALLOW
TXN-1c49c587bcb4,ALLOW,B0_BASELINE,ALLOW,B1_BASELINE,ALLOW,DEFAULT_ALLOW,ALLOW,DEFAULT_ALLOW,ALLOW,DEFAULT_ALLOW,ALLOW,DEFAULT_ALLOW
TXN-b420d35e8f4e,ALLOW,B0_BASELINE,ALLOW,B1_BASELINE,ALLOW,DEFAULT_ALLOW,ALLOW,DEFAULT_ALLOW,ALLOW,DEFAULT_ALLOW,ALLOW,DEFAULT_ALLOW
TXN-6bde57ca9f68,ALLOW,B0_BASELINE,ALLOW,B1_BASELINE,ALLOW,DEFAULT_ALLOW,ALLOW,DEFAULT_ALLOW,ALLOW,DEFAULT_ALLOW,ALLOW,DEFAULT_ALLOW
TXN-4eafe5a84830,ALLOW,B0_BASELINE,ALLOW,B1_BASELINE,ALLOW,DEFAULT_ALLOW,ALLOW,DEFAULT_ALLOW,ALLOW,DEFAULT_ALLOW,ALLOW,DEFAULT_ALLOW
TXN-ae6bf1360e52,ALLOW,B0_BASELINE,ALLOW,B1_BASELINE,ALLOW,DEFAULT_ALLOW,ALLOW,DEFAULT_ALLOW,ALLOW,DEFAULT_ALLOW,ALLOW,DEFAULT_ALLOW
TXN-9f19921c0de7,ALLOW,B0_BASELINE,ALLOW,B1_BASELINE,ALLOW,DEFAULT_ALLOW,ALLOW,DEFAULT_ALLOW,ALLOW,DEFAULT_ALLOW,ALLOW,DEFAULT_ALLOW
TXN-daf416ec0710,ALLOW,B0_BASELINE,ALLOW,B1_BASELINE,ALLOW,DEFAULT_ALLOW,ALLOW,DEFAULT_ALLOW,ALLOW,DEFAULT_ALLOW,ALLOW,DEFAULT_ALLOW
TXN-1582acb64d7f,ALLOW,B0_BASELINE,ALLOW,B1_BASELINE,ALLOW,DEFAULT_ALLOW,ALLOW,DEFAULT_ALLOW,ALLOW,DEFAULT_ALLOW,ALLOW,DEFAULT_ALLOW
TXN-662cc4c4ad4e,ALLOW,B0_BASELINE,ALLOW,B1_BASELINE,HOLD,EMERGENCY_UNLISTED,HOLD,EMERGENCY_UNLISTED,HOLD,EMERGENCY_UNLISTED,ALLOW,DEFAULT_ALLOW
TXN-8a9c2ee50523,ALLOW,B0_BASELINE,ALLOW,B1_BASELINE,ALLOW,DEFAULT_ALLOW,ALLOW,DEFAULT_ALLOW,ALLOW,DEFAULT_ALLOW,ALLOW,DEFAULT_ALLOW
TXN-60e9dbe027ee,ALLOW,B0_BASELINE,ALLOW,B1_BASELINE,ALLOW,DEFAULT_ALLOW,ALLOW,DEFAULT_ALLOW,ALLOW,DEFAULT_ALLOW,ALLOW,DEFAULT_ALLOW
TXN-d217e0543430,ALLOW,B0_BASELINE,ALLOW,B1_BASELINE,ALLOW,DEFAULT_ALLOW,ALLOW,DEFAULT_ALLOW,ALLOW,DEFAULT_ALLOW,ALLOW,DEFAULT_ALLOW
TXN-751ffb29f0c4,ALLOW,B0_BASELINE,ALLOW,B1_BASELINE,ALLOW,DEFAULT_ALLOW,ALLOW,DEFAULT_ALLOW,ALLOW,DEFAULT_ALLOW,ALLOW,DEFAULT_ALLOW
TXN-8d6f479cc6d8,ALLOW,B0_BASELINE,HOLD,B1_RBI_RULE,ALLOW,DEFAULT_ALLOW,ALLOW,DEFAULT_ALLOW,ALLOW,DEFAULT_ALLOW,ALLOW,DEFAULT_ALLOW
TXN-f4b734c3a371,ALLOW,B0_BASELINE,ALLOW,B1_BASELINE,ALLOW,DEFAULT_ALLOW,ALLOW,DEFAULT_ALLOW,ALLOW,DEFAULT_ALLOW,ALLOW,DEFAULT_ALLOW
TXN-1113f0888a0b,ALLOW,B0_BASELINE,ALLOW,B1_BASELINE,ALLOW,DEFAULT_ALLOW,ALLOW,DEFAULT_ALLOW,ALLOW,DEFAULT_ALLOW,ALLOW,DEFAULT_ALLOW
TXN-352aa5c5133e,ALLOW,B0_BASELINE,ALLOW,B1_BASELINE,ALLOW,DEFAULT_ALLOW,ALLOW,DEFAULT_ALLOW,ALLOW,DEFAULT_ALLOW,ALLOW,DEFAULT_ALLOW
TXN-a6de4d89c7cd,ALLOW,B0_BASELINE,ALLOW,B1_BASELINE,ALLOW,DEFAULT_ALLOW,ALLOW,DEFAULT_ALLOW,ALLOW,DEFAULT_ALLOW,ALLOW,DEFAULT_ALLOW
TXN-238d623e8774,ALLOW,B0_BASELINE,ALLOW,B1_BASELINE,ALLOW,DEFAULT_ALLOW,ALLOW,DEFAULT_ALLOW,ALLOW,DEFAULT_ALLOW,ALLOW,DEFAULT_ALLOW
TXN-97d7bfe65e87,ALLOW,B0_BASELINE,ALLOW,B1_BASELINE,ALLOW,DEFAULT_ALLOW,ALLOW,DEFAULT_ALLOW,ALLOW,DEFAULT_ALLOW,ALLOW,DEFAULT_ALLOW
TXN-b122b89313a0,ALLOW,B0_BASELINE,ALLOW,B1_BASELINE,ALLOW,DEFAULT_ALLOW,ALLOW,DEFAULT_ALLOW,ALLOW,DEFAULT_ALLOW,ALLOW,DEFAULT_ALLOW
TXN-8f39b236f76e,ALLOW,B0_BASELINE,ALLOW,B1_BASELINE,ALLOW,DEFAULT_ALLOW,ALLOW,DEFAULT_ALLOW,ALLOW,DEFAULT_ALLOW,ALLOW,DEFAULT_ALLOW
TXN-df6503c101c8,ALLOW,B0_BASELINE,ALLOW,B1_BASELINE,ALLOW,EMERGENCY_PREAPPROVED,ALLOW,EMERGENCY_PREAPPROVED,ALLOW,EMERGENCY_PREAPPROVED,ALLOW,DEFAULT_ALLOW
TXN-9284a12389c3,ALLOW,B0_BASELINE,ALLOW,B1_BASELINE,ALLOW,DEFAULT_ALLOW,ALLOW,DEFAULT_ALLOW,ALLOW,DEFAULT_ALLOW,ALLOW,DEFAULT_ALLOW
TXN-e186bd82f506,ALLOW,B0_BASELINE,ALLOW,B1_BASELINE,ALLOW,DEFAULT_ALLOW,ALLOW,DEFAULT_ALLOW,ALLOW,DEFAULT_ALLOW,ALLOW,DEFAULT_ALLOW
TXN-e48013178aff,ALLOW,B0_BASELINE,ALLOW,B1_BASELINE,ALLOW,DEFAULT_ALLOW,ALLOW,DEFAULT_ALLOW,ALLOW,DEFAULT_ALLOW,ALLOW,DEFAULT_ALLOW
TXN-4e90dec9fc2f,ALLOW,B0_BASELINE,ALLOW,B1_BASELINE,ALLOW,DEFAULT_ALLOW,ALLOW,DEFAULT_ALLOW,ALLOW,DEFAULT_ALLOW,ALLOW,DEFAULT_ALLOW
TXN-20d18375c776,ALLOW,B0_BASELINE,HOLD,B1_RBI_RULE,HOLD,VAULT_RELEASE,HOLD,VAULT_RELEASE,ALLOW,DEFAULT_ALLOW,HOLD,VAULT_RELEASE
TXN-44cb2f050bb6,ALLOW,B0_BASELINE,ALLOW,B1_BASELINE,ALLOW,DEFAULT_ALLOW,ALLOW,DEFAULT_ALLOW,ALLOW,DEFAULT_ALLOW,ALLOW,DEFAULT_ALLOW
TXN-b5eba64871ce,ALLOW,B0_BASELINE,ALLOW,B1_BASELINE,ALLOW,DEFAULT_ALLOW,ALLOW,DEFAULT_ALLOW,ALLOW,DEFAULT_ALLOW,ALLOW,DEFAULT_ALLOW
TXN-62dba8c6ec8c,ALLOW,B0_BASELINE,ALLOW,B1_BASELINE,ALLOW,DEFAULT_ALLOW,ALLOW,DEFAULT_ALLOW,ALLOW,DEFAULT_ALLOW,ALLOW,DEFAULT_ALLOW
TXN-4218d70950de,ALLOW,B0_BASELINE,ALLOW,B1_BASELINE,ALLOW,DEFAULT_ALLOW,ALLOW,DEFAULT_ALLOW,ALLOW,DEFAULT_ALLOW,ALLOW,DEFAULT_ALLOW
TXN-0429cab73c9c,ALLOW,B0_BASELINE,ALLOW,B1_BASELINE,ESCALATE,SAFETY_VELOCITY,ALLOW,DEFAULT_ALLOW,ESCALATE,SAFETY_VELOCITY,ESCALATE,SAFETY_VELOCITY
TXN-44e25e73cade,ALLOW,B0_BASELINE,ALLOW,B1_BASELINE,ALLOW,DEFAULT_ALLOW,ALLOW,DEFAULT_ALLOW,ALLOW,DEFAULT_ALLOW,ALLOW,DEFAULT_ALLOW
TXN-2f038282e976,ALLOW,B0_BASELINE,ALLOW,B1_BASELINE,ALLOW,DEFAULT_ALLOW,ALLOW,DEFAULT_ALLOW,ALLOW,DEFAULT_ALLOW,ALLOW,DEFAULT_ALLOW
TXN-a524e9168619,ALLOW,B0_BASELINE,ALLOW,B1_BASELINE,ALLOW,DEFAULT_ALLOW,ALLOW,DEFAULT_ALLOW,ALLOW,DEFAULT_ALLOW,ALLOW,DEFAULT_ALLOW
TXN-9e7a094f6412,ALLOW,B0_BASELINE,ALLOW,B1_BASELINE,ALLOW,DEFAULT_ALLOW,ALLOW,DEFAULT_ALLOW,ALLOW,DEFAULT_ALLOW,ALLOW,DEFAULT_ALLOW
TXN-d140bea8dd10,ALLOW,B0_BASELINE,ALLOW,B1_BASELINE,ALLOW,DEFAULT_ALLOW,ALLOW,DEFAULT_ALLOW,ALLOW,DEFAULT_ALLOW,ALLOW,DEFAULT_ALLOW
TXN-462a4d084537,ALLOW,B0_BASELINE,ALLOW,B1_BASELINE,ALLOW,DEFAULT_ALLOW,ALLOW,DEFAULT_ALLOW,ALLOW,DEFAULT_ALLOW,ALLOW,DEFAULT_ALLOW
TXN-4ff56075a6f4,ALLOW,B0_BASELINE,ALLOW,B1_BASELINE,ALLOW,DEFAULT_ALLOW,ALLOW,DEFAULT_ALLOW,ALLOW,DEFAULT_ALLOW,ALLOW,DEFAULT_ALLOW
TXN-29991f24d8f4,ALLOW,B0_BASELINE,ALLOW,B1_BASELINE,ALLOW,DEFAULT_ALLOW,ALLOW,DEFAULT_ALLOW,ALLOW,DEFAULT_ALLOW,ALLOW,DEFAULT_ALLOW
TXN-6d5ce8735643,ALLOW,B0_BASELINE,ALLOW,B1_BASELINE,ALLOW,DEFAULT_ALLOW,ALLOW,DEFAULT_ALLOW,ALLOW,DEFAULT_ALLOW,ALLOW,DEFAULT_ALLOW
TXN-11c801de1982,ALLOW,B0_BASELINE,ALLOW,B1_BASELINE,ALLOW,DEFAULT_ALLOW,ALLOW,DEFAULT_ALLOW,ALLOW,DEFAULT_ALLOW,ALLOW,DEFAULT_ALLOW
TXN-33a88969b86c,ALLOW,B0_BASELINE,ALLOW,B1_BASELINE,ALLOW,DEFAULT_ALLOW,ALLOW,DEFAULT_ALLOW,ALLOW,DEFAULT_ALLOW,ALLOW,DEFAULT_ALLOW
TXN-99d30ce11194,ALLOW,B0_BASELINE,ALLOW,B1_BASELINE,ALLOW,DEFAULT_ALLOW,ALLOW,DEFAULT_ALLOW,ALLOW,DEFAULT_ALLOW,ALLOW,DEFAULT_ALLOW
TXN-faf05e576aaa,ALLOW,B0_BASELINE,ALLOW,B1_BASELINE,ALLOW,DEFAULT_ALLOW,ALLOW,DEFAULT_ALLOW,ALLOW,DEFAULT_ALLOW,ALLOW,DEFAULT_ALLOW
TXN-510a1520daed,ALLOW,B0_BASELINE,ALLOW,B1_BASELINE,ALLOW,DEFAULT_ALLOW,ALLOW,DEFAULT_ALLOW,ALLOW,DEFAULT_ALLOW,ALLOW,DEFAULT_ALLOW
TXN-3ddf866546ca,ALLOW,B0_BASELINE,ALLOW,B1_BASELINE,ALLOW,DEFAULT_ALLOW,ALLOW,DEFAULT_ALLOW,ALLOW,DEFAULT_ALLOW,ALLOW,DEFAULT_ALLOW
TXN-bf0185abf802,ALLOW,B0_BASELINE,ALLOW,B1_BASELINE,ALLOW,DEFAULT_ALLOW,ALLOW,DEFAULT_ALLOW,ALLOW,DEFAULT_ALLOW,ALLOW,DEFAULT_ALLOW
TXN-ef0d6226d35f,ALLOW,B0_BASELINE,ALLOW,B1_BASELINE,ALLOW,DEFAULT_ALLOW,ALLOW,DEFAULT_ALLOW,ALLOW,DEFAULT_ALLOW,ALLOW,DEFAULT_ALLOW
TXN-99ec560cee90,ALLOW,B0_BASELINE,ALLOW,B1_BASELINE,ALLOW,DEFAULT_ALLOW,ALLOW,DEFAULT_ALLOW,ALLOW,DEFAULT_ALLOW,ALLOW,DEFAULT_ALLOW
TXN-babe160dc976,ALLOW,B0_BASELINE,ALLOW,B1_BASELINE,ALLOW,DEFAULT_ALLOW,ALLOW,DEFAULT_ALLOW,ALLOW,DEFAULT_ALLOW,ALLOW,DEFAULT_ALLOW
TXN-6fe7c567bdb0,ALLOW,B0_BASELINE,ALLOW,B1_BASELINE,ALLOW,DEFAULT_ALLOW,ALLOW,DEFAULT_ALLOW,ALLOW,DEFAULT_ALLOW,ALLOW,DEFAULT_ALLOW
TXN-4391492ba5ee,ALLOW,B0_BASELINE,ALLOW,B1_BASELINE,ALLOW,DEFAULT_ALLOW,ALLOW,DEFAULT_ALLOW,ALLOW,DEFAULT_ALLOW,ALLOW,DEFAULT_ALLOW
TXN-f593eb8e092c,ALLOW,B0_BASELINE,ALLOW,B1_BASELINE,ALLOW,DEFAULT_ALLOW,ALLOW,DEFAULT_ALLOW,ALLOW,DEFAULT_ALLOW,ALLOW,DEFAULT_ALLOW
TXN-f732f258cbda,ALLOW,B0_BASELINE,ALLOW,B1_BASELINE,ALLOW,DEFAULT_ALLOW,ALLOW,DEFAULT_ALLOW,ALLOW,DEFAULT_ALLOW,ALLOW,DEFAULT_ALLOW
TXN-134b7ea9b083,ALLOW,B0_BASELINE,ALLOW,B1_BASELINE,ALLOW,DEFAULT_ALLOW,ALLOW,DEFAULT_ALLOW,ALLOW,DEFAULT_ALLOW,ALLOW,DEFAULT_ALLOW
TXN-2f20b195e101,ALLOW,B0_BASELINE,ALLOW,B1_BASELINE,ALLOW,DEFAULT_ALLOW,ALLOW,DEFAULT_ALLOW,ALLOW,DEFAULT_ALLOW,ALLOW,DEFAULT_ALLOW
TXN-211681401d49,ALLOW,B0_BASELINE,ALLOW,B1_BASELINE,ALLOW,DEFAULT_ALLOW,ALLOW,DEFAULT_ALLOW,ALLOW,DEFAULT_ALLOW,ALLOW,DEFAULT_ALLOW
TXN-459f262b2d07,ALLOW,B0_BASELINE,ALLOW,B1_BASELINE,ALLOW,DEFAULT_ALLOW,ALLOW,DEFAULT_ALLOW,ALLOW,DEFAULT_ALLOW,ALLOW,DEFAULT_ALLOW
TXN-da121c7ce9de,ALLOW,B0_BASELINE,ALLOW,B1_BASELINE,ALLOW,DEFAULT_ALLOW,ALLOW,DEFAULT_ALLOW,ALLOW,DEFAULT_ALLOW,ALLOW,DEFAULT_ALLOW
TXN-445e7656f9c7,ALLOW,B0_BASELINE,ALLOW,B1_BASELINE,ALLOW,DEFAULT_ALLOW,ALLOW,DEFAULT_ALLOW,ALLOW,DEFAULT_ALLOW,ALLOW,DEFAULT_ALLOW
TXN-e3b11dd98c67,ALLOW,B0_BASELINE,ALLOW,B1_BASELINE,ALLOW,DEFAULT_ALLOW,ALLOW,DEFAULT_ALLOW,ALLOW,DEFAULT_ALLOW,ALLOW,DEFAULT_ALLOW
TXN-b23f41039d73,ALLOW,B0_BASELINE,ALLOW,B1_BASELINE,ALLOW,DEFAULT_ALLOW,ALLOW,DEFAULT_ALLOW,ALLOW,DEFAULT_ALLOW,ALLOW,DEFAULT_ALLOW
TXN-53a71e0c5093,ALLOW,B0_BASELINE,ALLOW,B1_BASELINE,ALLOW,DEFAULT_ALLOW,ALLOW,DEFAULT_ALLOW,ALLOW,DEFAULT_ALLOW,ALLOW,DEFAULT_ALLOW
TXN-9c608d27c1e4,ALLOW,B0_BASELINE,ALLOW,B1_BASELINE,ALLOW,DEFAULT_ALLOW,ALLOW,DEFAULT_ALLOW,ALLOW,DEFAULT_ALLOW,ALLOW,DEFAULT_ALLOW
TXN-31c77e6988e8,ALLOW,B0_BASELINE,ALLOW,B1_BASELINE,ALLOW,DEFAULT_ALLOW,ALLOW,DEFAULT_ALLOW,ALLOW,DEFAULT_ALLOW,ALLOW,DEFAULT_ALLOW
TXN-4585c78d0052,ALLOW,B0_BASELINE,ALLOW,B1_BASELINE,ALLOW,DEFAULT_ALLOW,ALLOW,DEFAULT_ALLOW,ALLOW,DEFAULT_ALLOW,ALLOW,DEFAULT_ALLOW
TXN-c37c3e6d9d8e,ALLOW,B0_BASELINE,ALLOW,B1_BASELINE,ALLOW,DEFAULT_ALLOW,ALLOW,DEFAULT_ALLOW,ALLOW,DEFAULT_ALLOW,ALLOW,DEFAULT_ALLOW
TXN-c3eee3f55077,ALLOW,B0_BASELINE,ALLOW,B1_BASELINE,ALLOW,DEFAULT_ALLOW,ALLOW,DEFAULT_ALLOW,ALLOW,DEFAULT_ALLOW,ALLOW,DEFAULT_ALLOW
TXN-7f22086cd441,ALLOW,B0_BASELINE,ALLOW,B1_BASELINE,ALLOW,DEFAULT_ALLOW,ALLOW,DEFAULT_ALLOW,ALLOW,DEFAULT_ALLOW,ALLOW,DEFAULT_ALLOW
TXN-73928caa18c2,ALLOW,B0_BASELINE,ALLOW,B1_BASELINE,ALLOW,DEFAULT_ALLOW,ALLOW,DEFAULT_ALLOW,ALLOW,DEFAULT_ALLOW,ALLOW,DEFAULT_ALLOW
TXN-7d31b238089f,ALLOW,B0_BASELINE,HOLD,B1_RBI_RULE,ALLOW,DEFAULT_ALLOW,ALLOW,DEFAULT_ALLOW,ALLOW,DEFAULT_ALLOW,ALLOW,DEFAULT_ALLOW
TXN-c7e994af415f,ALLOW,B0_BASELINE,ALLOW,B1_BASELINE,ALLOW,DEFAULT_ALLOW,ALLOW,DEFAULT_ALLOW,ALLOW,DEFAULT_ALLOW,ALLOW,DEFAULT_ALLOW
TXN-96bf5488c27c,ALLOW,B0_BASELINE,ALLOW,B1_BASELINE,ALLOW,DEFAULT_ALLOW,ALLOW,DEFAULT_ALLOW,ALLOW,DEFAULT_ALLOW,ALLOW,DEFAULT_ALLOW
TXN-e822448023ee,ALLOW,B0_BASELINE,ALLOW,B1_BASELINE,ALLOW,DEFAULT_ALLOW,ALLOW,DEFAULT_ALLOW,ALLOW,DEFAULT_ALLOW,ALLOW,DEFAULT_ALLOW
TXN-7c2abdbf9747,ALLOW,B0_BASELINE,ALLOW,B1_BASELINE,ALLOW,DEFAULT_ALLOW,ALLOW,DEFAULT_ALLOW,ALLOW,DEFAULT_ALLOW,ALLOW,DEFAULT_ALLOW
TXN-da8d1aa83266,ALLOW,B0_BASELINE,ALLOW,B1_BASELINE,ALLOW,DEFAULT_ALLOW,ALLOW,DEFAULT_ALLOW,ALLOW,DEFAULT_ALLOW,ALLOW,DEFAULT_ALLOW
TXN-41e415b85679,ALLOW,B0_BASELINE,ALLOW,B1_BASELINE,ALLOW,DEFAULT_ALLOW,ALLOW,DEFAULT_ALLOW,ALLOW,DEFAULT_ALLOW,ALLOW,DEFAULT_ALLOW
TXN-5323647fb244,ALLOW,B0_BASELINE,ALLOW,B1_BASELINE,ALLOW,DEFAULT_ALLOW,ALLOW,DEFAULT_ALLOW,ALLOW,DEFAULT_ALLOW,ALLOW,DEFAULT_ALLOW
TXN-2e7d7c207138,ALLOW,B0_BASELINE,ALLOW,B1_BASELINE,ALLOW,DEFAULT_ALLOW,ALLOW,DEFAULT_ALLOW,ALLOW,DEFAULT_ALLOW,ALLOW,DEFAULT_ALLOW
TXN-3d9f914d10d6,ALLOW,B0_BASELINE,ALLOW,B1_BASELINE,ALLOW,DEFAULT_ALLOW,ALLOW,DEFAULT_ALLOW,ALLOW,DEFAULT_ALLOW,ALLOW,DEFAULT_ALLOW
TXN-118519b4ae20,ALLOW,B0_BASELINE,ALLOW,B1_BASELINE,ALLOW,DEFAULT_ALLOW,ALLOW,DEFAULT_ALLOW,ALLOW,DEFAULT_ALLOW,ALLOW,DEFAULT_ALLOW
TXN-10dfaf3073df,ALLOW,B0_BASELINE,ALLOW,B1_BASELINE,ALLOW,DEFAULT_ALLOW,ALLOW,DEFAULT_ALLOW,ALLOW,DEFAULT_ALLOW,ALLOW,DEFAULT_ALLOW
TXN-125019db444d,ALLOW,B0_BASELINE,ALLOW,B1_BASELINE,ALLOW,DEFAULT_ALLOW,ALLOW,DEFAULT_ALLOW,ALLOW,DEFAULT_ALLOW,ALLOW,DEFAULT_ALLOW
TXN-fb4304ae5828,ALLOW,B0_BASELINE,ALLOW,B1_BASELINE,ALLOW,DEFAULT_ALLOW,ALLOW,DEFAULT_ALLOW,ALLOW,DEFAULT_ALLOW,ALLOW,DEFAULT_ALLOW
TXN-d77314775b46,ALLOW,B0_BASELINE,ALLOW,B1_BASELINE,ALLOW,DEFAULT_ALLOW,ALLOW,DEFAULT_ALLOW,ALLOW,DEFAULT_ALLOW,ALLOW,DEFAULT_ALLOW
TXN-82711afc58f9,ALLOW,B0_BASELINE,ALLOW,B1_BASELINE,ALLOW,DEFAULT_ALLOW,ALLOW,DEFAULT_ALLOW,ALLOW,DEFAULT_ALLOW,ALLOW,DEFAULT_ALLOW
TXN-8e1cff249b75,ALLOW,B0_BASELINE,ALLOW,B1_BASELINE,ALLOW,DEFAULT_ALLOW,ALLOW,DEFAULT_ALLOW,ALLOW,DEFAULT_ALLOW,ALLOW,DEFAULT_ALLOW
TXN-14cf5b1d467a,ALLOW,B0_BASELINE,HOLD,B1_RBI_RULE,ESCALATE,SAFETY_VELOCITY,HOLD,VAULT_RELEASE,ESCALATE,SAFETY_VELOCITY,ESCALATE,SAFETY_VELOCITY
TXN-f0baf0d9ebd2,ALLOW,B0_BASELINE,ALLOW,B1_BASELINE,ALLOW,DEFAULT_ALLOW,ALLOW,DEFAULT_ALLOW,ALLOW,DEFAULT_ALLOW,ALLOW,DEFAULT_ALLOW
TXN-a7b5aabcf85b,ALLOW,B0_BASELINE,HOLD,B1_RBI_RULE,ESCALATE,SAFETY_VELOCITY,HOLD,VAULT_FD_BROKEN,ESCALATE,SAFETY_VELOCITY,ESCALATE,SAFETY_VELOCITY
TXN-d9cb442c9d87,ALLOW,B0_BASELINE,ALLOW,B1_BASELINE,ALLOW,DEFAULT_ALLOW,ALLOW,DEFAULT_ALLOW,ALLOW,DEFAULT_ALLOW,ALLOW,DEFAULT_ALLOW
TXN-72afea5f7f39,ALLOW,B0_BASELINE,ALLOW,B1_BASELINE,ALLOW,DEFAULT_ALLOW,ALLOW,DEFAULT_ALLOW,ALLOW,DEFAULT_ALLOW,ALLOW,DEFAULT_ALLOW
TXN-830c710ed07b,ALLOW,B0_BASELINE,ALLOW,B1_BASELINE,ALLOW,DEFAULT_ALLOW,ALLOW,DEFAULT_ALLOW,ALLOW,DEFAULT_ALLOW,ALLOW,DEFAULT_ALLOW
TXN-3d2ad9a768de,ALLOW,B0_BASELINE,ALLOW,B1_BASELINE,ALLOW,DEFAULT_ALLOW,ALLOW,DEFAULT_ALLOW,ALLOW,DEFAULT_ALLOW,ALLOW,DEFAULT_ALLOW
TXN-f7258fe19612,ALLOW,B0_BASELINE,ALLOW,B1_BASELINE,HOLD,EMERGENCY_UNLISTED,HOLD,EMERGENCY_UNLISTED,HOLD,EMERGENCY_UNLISTED,ALLOW,DEFAULT_ALLOW
TXN-b697d3b62252,ALLOW,B0_BASELINE,ALLOW,B1_BASELINE,ALLOW,DEFAULT_ALLOW,ALLOW,DEFAULT_ALLOW,ALLOW,DEFAULT_ALLOW,ALLOW,DEFAULT_ALLOW
TXN-d379a9810f50,ALLOW,B0_BASELINE,ALLOW,B1_BASELINE,ALLOW,DEFAULT_ALLOW,ALLOW,DEFAULT_ALLOW,ALLOW,DEFAULT_ALLOW,ALLOW,DEFAULT_ALLOW
TXN-a5fa66f729cd,ALLOW,B0_BASELINE,ALLOW,B1_BASELINE,ALLOW,DEFAULT_ALLOW,ALLOW,DEFAULT_ALLOW,ALLOW,DEFAULT_ALLOW,ALLOW,DEFAULT_ALLOW
TXN-569a561e84d0,ALLOW,B0_BASELINE,ALLOW,B1_BASELINE,ALLOW,DEFAULT_ALLOW,ALLOW,DEFAULT_ALLOW,ALLOW,DEFAULT_ALLOW,ALLOW,DEFAULT_ALLOW
TXN-4d07a52599ad,ALLOW,B0_BASELINE,ALLOW,B1_BASELINE,ALLOW,DEFAULT_ALLOW,ALLOW,DEFAULT_ALLOW,ALLOW,DEFAULT_ALLOW,ALLOW,DEFAULT_ALLOW
TXN-29a0e89b0c73,ALLOW,B0_BASELINE,ALLOW,B1_BASELINE,ALLOW,DEFAULT_ALLOW,ALLOW,DEFAULT_ALLOW,ALLOW,DEFAULT_ALLOW,ALLOW,DEFAULT_ALLOW
TXN-01480b4d402a,ALLOW,B0_BASELINE,ALLOW,B1_BASELINE,ALLOW,DEFAULT_ALLOW,ALLOW,DEFAULT_ALLOW,ALLOW,DEFAULT_ALLOW,ALLOW,DEFAULT_ALLOW
TXN-5672be2a18f9,ALLOW,B0_BASELINE,ALLOW,B1_BASELINE,ALLOW,DEFAULT_ALLOW,ALLOW,DEFAULT_ALLOW,ALLOW,DEFAULT_ALLOW,ALLOW,DEFAULT_ALLOW
TXN-592915a5256d,ALLOW,B0_BASELINE,ALLOW,B1_BASELINE,ALLOW,DEFAULT_ALLOW,ALLOW,DEFAULT_ALLOW,ALLOW,DEFAULT_ALLOW,ALLOW,DEFAULT_ALLOW
TXN-82cfa6055908,ALLOW,B0_BASELINE,ALLOW,B1_BASELINE,ALLOW,DEFAULT_ALLOW,ALLOW,DEFAULT_ALLOW,ALLOW,DEFAULT_ALLOW,ALLOW,DEFAULT_ALLOW
TXN-f9f7c35f09bc,ALLOW,B0_BASELINE,ALLOW,B1_BASELINE,ALLOW,DEFAULT_ALLOW,ALLOW,DEFAULT_ALLOW,ALLOW,DEFAULT_ALLOW,ALLOW,DEFAULT_ALLOW
TXN-d32d9a84079a,ALLOW,B0_BASELINE,ALLOW,B1_BASELINE,ALLOW,DEFAULT_ALLOW,ALLOW,DEFAULT_ALLOW,ALLOW,DEFAULT_ALLOW,ALLOW,DEFAULT_ALLOW
TXN-1891340b5ec3,ALLOW,B0_BASELINE,ALLOW,B1_BASELINE,ALLOW,DEFAULT_ALLOW,ALLOW,DEFAULT_ALLOW,ALLOW,DEFAULT_ALLOW,ALLOW,DEFAULT_ALLOW
TXN-0a7faf0ca51e,ALLOW,B0_BASELINE,ALLOW,B1_BASELINE,ALLOW,DEFAULT_ALLOW,ALLOW,DEFAULT_ALLOW,ALLOW,DEFAULT_ALLOW,ALLOW,DEFAULT_ALLOW
TXN-ab7bd691cdf8,ALLOW,B0_BASELINE,ALLOW,B1_BASELINE,ALLOW,DEFAULT_ALLOW,ALLOW,DEFAULT_ALLOW,ALLOW,DEFAULT_ALLOW,ALLOW,DEFAULT_ALLOW
TXN-c6a19ab94ec1,ALLOW,B0_BASELINE,ALLOW,B1_BASELINE,ALLOW,DEFAULT_ALLOW,ALLOW,DEFAULT_ALLOW,ALLOW,DEFAULT_ALLOW,ALLOW,DEFAULT_ALLOW
TXN-debdc36332be,ALLOW,B0_BASELINE,ALLOW,B1_BASELINE,ALLOW,DEFAULT_ALLOW,ALLOW,DEFAULT_ALLOW,ALLOW,DEFAULT_ALLOW,ALLOW,DEFAULT_ALLOW
TXN-a52dfc679f8c,ALLOW,B0_BASELINE,HOLD,B1_RBI_RULE,ALLOW,DEFAULT_ALLOW,ALLOW,DEFAULT_ALLOW,ALLOW,DEFAULT_ALLOW,ALLOW,DEFAULT_ALLOW
TXN-6d6f7a4954d6,ALLOW,B0_BASELINE,ALLOW,B1_BASELINE,ALLOW,DEFAULT_ALLOW,ALLOW,DEFAULT_ALLOW,ALLOW,DEFAULT_ALLOW,ALLOW,DEFAULT_ALLOW
TXN-a3f0ccc57f87,ALLOW,B0_BASELINE,ALLOW,B1_BASELINE,ALLOW,DEFAULT_ALLOW,ALLOW,DEFAULT_ALLOW,ALLOW,DEFAULT_ALLOW,ALLOW,DEFAULT_ALLOW
TXN-3ab0031c2215,ALLOW,B0_BASELINE,ALLOW,B1_BASELINE,ALLOW,DEFAULT_ALLOW,ALLOW,DEFAULT_ALLOW,ALLOW,DEFAULT_ALLOW,ALLOW,DEFAULT_ALLOW
TXN-29ad8645195e,ALLOW,B0_BASELINE,ALLOW,B1_BASELINE,ALLOW,DEFAULT_ALLOW,ALLOW,DEFAULT_ALLOW,ALLOW,DEFAULT_ALLOW,ALLOW,DEFAULT_ALLOW
TXN-d12e2fa2a997,ALLOW,B0_BASELINE,ALLOW,B1_BASELINE,ALLOW,DEFAULT_ALLOW,ALLOW,DEFAULT_ALLOW,ALLOW,DEFAULT_ALLOW,ALLOW,DEFAULT_ALLOW
TXN-25ea70d0c8b1,ALLOW,B0_BASELINE,ALLOW,B1_BASELINE,ALLOW,DEFAULT_ALLOW,ALLOW,DEFAULT_ALLOW,ALLOW,DEFAULT_ALLOW,ALLOW,DEFAULT_ALLOW
TXN-12cdb0b50af2,ALLOW,B0_BASELINE,ALLOW,B1_BASELINE,ALLOW,DEFAULT_ALLOW,ALLOW,DEFAULT_ALLOW,ALLOW,DEFAULT_ALLOW,ALLOW,DEFAULT_ALLOW
TXN-13c4774085c4,ALLOW,B0_BASELINE,ALLOW,B1_BASELINE,ALLOW,DEFAULT_ALLOW,ALLOW,DEFAULT_ALLOW,ALLOW,DEFAULT_ALLOW,ALLOW,DEFAULT_ALLOW
TXN-d3b05b8ffcd5,ALLOW,B0_BASELINE,ALLOW,B1_BASELINE,ALLOW,DEFAULT_ALLOW,ALLOW,DEFAULT_ALLOW,ALLOW,DEFAULT_ALLOW,ALLOW,DEFAULT_ALLOW
TXN-541b963a9013,ALLOW,B0_BASELINE,ALLOW,B1_BASELINE,ALLOW,DEFAULT_ALLOW,ALLOW,DEFAULT_ALLOW,ALLOW,DEFAULT_ALLOW,ALLOW,DEFAULT_ALLOW
TXN-61a72f4f06e8,ALLOW,B0_BASELINE,ALLOW,B1_BASELINE,ALLOW,DEFAULT_ALLOW,ALLOW,DEFAULT_ALLOW,ALLOW,DEFAULT_ALLOW,ALLOW,DEFAULT_ALLOW
TXN-343d28eb0a09,ALLOW,B0_BASELINE,ALLOW,B1_BASELINE,ALLOW,DEFAULT_ALLOW,ALLOW,DEFAULT_ALLOW,ALLOW,DEFAULT_ALLOW,ALLOW,DEFAULT_ALLOW
TXN-7a3dcb74ddb5,ALLOW,B0_BASELINE,ALLOW,B1_BASELINE,ALLOW,DEFAULT_ALLOW,ALLOW,DEFAULT_ALLOW,ALLOW,DEFAULT_ALLOW,ALLOW,DEFAULT_ALLOW
TXN-1e67f9c40515,ALLOW,B0_BASELINE,ALLOW,B1_BASELINE,ALLOW,DEFAULT_ALLOW,ALLOW,DEFAULT_ALLOW,ALLOW,DEFAULT_ALLOW,ALLOW,DEFAULT_ALLOW
TXN-d1249e01e6e0,ALLOW,B0_BASELINE,ALLOW,B1_BASELINE,ALLOW,DEFAULT_ALLOW,ALLOW,DEFAULT_ALLOW,ALLOW,DEFAULT_ALLOW,ALLOW,DEFAULT_ALLOW
TXN-c2a40dbf7d8f,ALLOW,B0_BASELINE,ALLOW,B1_BASELINE,ALLOW,DEFAULT_ALLOW,ALLOW,DEFAULT_ALLOW,ALLOW,DEFAULT_ALLOW,ALLOW,DEFAULT_ALLOW
TXN-65e5a8820720,ALLOW,B0_BASELINE,ALLOW,B1_BASELINE,ALLOW,DEFAULT_ALLOW,ALLOW,DEFAULT_ALLOW,ALLOW,DEFAULT_ALLOW,ALLOW,DEFAULT_ALLOW
TXN-8cf13003a08e,ALLOW,B0_BASELINE,ALLOW,B1_BASELINE,ALLOW,DEFAULT_ALLOW,ALLOW,DEFAULT_ALLOW,ALLOW,DEFAULT_ALLOW,ALLOW,DEFAULT_ALLOW
TXN-ec6ff445c8f2,ALLOW,B0_BASELINE,ALLOW,B1_BASELINE,ALLOW,DEFAULT_ALLOW,ALLOW,DEFAULT_ALLOW,ALLOW,DEFAULT_ALLOW,ALLOW,DEFAULT_ALLOW
TXN-ca1589c7a0e5,ALLOW,B0_BASELINE,ALLOW,B1_BASELINE,ALLOW,DEFAULT_ALLOW,ALLOW,DEFAULT_ALLOW,ALLOW,DEFAULT_ALLOW,ALLOW,DEFAULT_ALLOW
TXN-c407ba17c63f,ALLOW,B0_BASELINE,ALLOW,B1_BASELINE,ALLOW,DEFAULT_ALLOW,ALLOW,DEFAULT_ALLOW,ALLOW,DEFAULT_ALLOW,ALLOW,DEFAULT_ALLOW
TXN-ae70cdf2ba47,ALLOW,B0_BASELINE,ALLOW,B1_BASELINE,ALLOW,DEFAULT_ALLOW,ALLOW,DEFAULT_ALLOW,ALLOW,DEFAULT_ALLOW,ALLOW,DEFAULT_ALLOW
TXN-4a0b4a14d63a,ALLOW,B0_BASELINE,ALLOW,B1_BASELINE,ALLOW,DEFAULT_ALLOW,ALLOW,DEFAULT_ALLOW,ALLOW,DEFAULT_ALLOW,ALLOW,DEFAULT_ALLOW
TXN-b968bb415e87,ALLOW,B0_BASELINE,ALLOW,B1_BASELINE,ALLOW,DEFAULT_ALLOW,ALLOW,DEFAULT_ALLOW,ALLOW,DEFAULT_ALLOW,ALLOW,DEFAULT_ALLOW
TXN-ecd9fe207dea,ALLOW,B0_BASELINE,ALLOW,B1_BASELINE,ALLOW,DEFAULT_ALLOW,ALLOW,DEFAULT_ALLOW,ALLOW,DEFAULT_ALLOW,ALLOW,DEFAULT_ALLOW
TXN-4c83108c26f5,ALLOW,B0_BASELINE,ALLOW,B1_BASELINE,ALLOW,DEFAULT_ALLOW,ALLOW,DEFAULT_ALLOW,ALLOW,DEFAULT_ALLOW,ALLOW,DEFAULT_ALLOW
TXN-717587cd7420,ALLOW,B0_BASELINE,ALLOW,B1_BASELINE,ALLOW,DEFAULT_ALLOW,ALLOW,DEFAULT_ALLOW,ALLOW,DEFAULT_ALLOW,ALLOW,DEFAULT_ALLOW
TXN-2da505e6e513,ALLOW,B0_BASELINE,ALLOW,B1_BASELINE,ALLOW,DEFAULT_ALLOW,ALLOW,DEFAULT_ALLOW,ALLOW,DEFAULT_ALLOW,ALLOW,DEFAULT_ALLOW
TXN-ee6d16f5c3ef,ALLOW,B0_BASELINE,ALLOW,B1_BASELINE,ALLOW,DEFAULT_ALLOW,ALLOW,DEFAULT_ALLOW,ALLOW,DEFAULT_ALLOW,ALLOW,DEFAULT_ALLOW
TXN-eff9841084af,ALLOW,B0_BASELINE,ALLOW,B1_BASELINE,ALLOW,DEFAULT_ALLOW,ALLOW,DEFAULT_ALLOW,ALLOW,DEFAULT_ALLOW,ALLOW,DEFAULT_ALLOW
TXN-27fa40d310f8,ALLOW,B0_BASELINE,ALLOW,B1_BASELINE,ALLOW,DEFAULT_ALLOW,ALLOW,DEFAULT_ALLOW,ALLOW,DEFAULT_ALLOW,ALLOW,DEFAULT_ALLOW
TXN-10525bc2d0c6,ALLOW,B0_BASELINE,ALLOW,B1_BASELINE,ALLOW,DEFAULT_ALLOW,ALLOW,DEFAULT_ALLOW,ALLOW,DEFAULT_ALLOW,ALLOW,DEFAULT_ALLOW
TXN-333ed0294684,ALLOW,B0_BASELINE,ALLOW,B1_BASELINE,ALLOW,DEFAULT_ALLOW,ALLOW,DEFAULT_ALLOW,ALLOW,DEFAULT_ALLOW,ALLOW,DEFAULT_ALLOW
TXN-dd3b52c96af7,ALLOW,B0_BASELINE,ALLOW,B1_BASELINE,ALLOW,DEFAULT_ALLOW,ALLOW,DEFAULT_ALLOW,ALLOW,DEFAULT_ALLOW,ALLOW,DEFAULT_ALLOW
TXN-cc7a88b53ff1,ALLOW,B0_BASELINE,ALLOW,B1_BASELINE,ALLOW,DEFAULT_ALLOW,ALLOW,DEFAULT_ALLOW,ALLOW,DEFAULT_ALLOW,ALLOW,DEFAULT_ALLOW
TXN-1a3ba6a658ec,ALLOW,B0_BASELINE,ALLOW,B1_BASELINE,ALLOW,DEFAULT_ALLOW,ALLOW,DEFAULT_ALLOW,ALLOW,DEFAULT_ALLOW,ALLOW,DEFAULT_ALLOW
TXN-9cd7fc82c6e0,ALLOW,B0_BASELINE,ALLOW,B1_BASELINE,ALLOW,DEFAULT_ALLOW,ALLOW,DEFAULT_ALLOW,ALLOW,DEFAULT_ALLOW,ALLOW,DEFAULT_ALLOW
TXN-24222de61354,ALLOW,B0_BASELINE,ALLOW,B1_BASELINE,ALLOW,DEFAULT_ALLOW,ALLOW,DEFAULT_ALLOW,ALLOW,DEFAULT_ALLOW,ALLOW,DEFAULT_ALLOW
TXN-7d3cba720e10,ALLOW,B0_BASELINE,ALLOW,B1_BASELINE,ALLOW,DEFAULT_ALLOW,ALLOW,DEFAULT_ALLOW,ALLOW,DEFAULT_ALLOW,ALLOW,DEFAULT_ALLOW
TXN-65ba753238fb,ALLOW,B0_BASELINE,ALLOW,B1_BASELINE,ALLOW,DEFAULT_ALLOW,ALLOW,DEFAULT_ALLOW,ALLOW,DEFAULT_ALLOW,ALLOW,DEFAULT_ALLOW
TXN-cce8240929a3,ALLOW,B0_BASELINE,ALLOW,B1_BASELINE,ALLOW,DEFAULT_ALLOW,ALLOW,DEFAULT_ALLOW,ALLOW,DEFAULT_ALLOW,ALLOW,DEFAULT_ALLOW
TXN-2a49dd040e8e,ALLOW,B0_BASELINE,ALLOW,B1_BASELINE,ALLOW,DEFAULT_ALLOW,ALLOW,DEFAULT_ALLOW,ALLOW,DEFAULT_ALLOW,ALLOW,DEFAULT_ALLOW
TXN-77a78d88411b,ALLOW,B0_BASELINE,ALLOW,B1_BASELINE,ALLOW,DEFAULT_ALLOW,ALLOW,DEFAULT_ALLOW,ALLOW,DEFAULT_ALLOW,ALLOW,DEFAULT_ALLOW
TXN-86c3e5fa4aba,ALLOW,B0_BASELINE,ALLOW,B1_BASELINE,ALLOW,DEFAULT_ALLOW,ALLOW,DEFAULT_ALLOW,ALLOW,DEFAULT_ALLOW,ALLOW,DEFAULT_ALLOW
TXN-5230a7c63624,ALLOW,B0_BASELINE,ALLOW,B1_BASELINE,ALLOW,DEFAULT_ALLOW,ALLOW,DEFAULT_ALLOW,ALLOW,DEFAULT_ALLOW,ALLOW,DEFAULT_ALLOW
TXN-055f1a367983,ALLOW,B0_BASELINE,ALLOW,B1_BASELINE,ALLOW,DEFAULT_ALLOW,ALLOW,DEFAULT_ALLOW,ALLOW,DEFAULT_ALLOW,ALLOW,DEFAULT_ALLOW
TXN-62f6d157d257,ALLOW,B0_BASELINE,ALLOW,B1_BASELINE,ALLOW,DEFAULT_ALLOW,ALLOW,DEFAULT_ALLOW,ALLOW,DEFAULT_ALLOW,ALLOW,DEFAULT_ALLOW
TXN-1c620f48e157,ALLOW,B0_BASELINE,ALLOW,B1_BASELINE,ALLOW,DEFAULT_ALLOW,ALLOW,DEFAULT_ALLOW,ALLOW,DEFAULT_ALLOW,ALLOW,DEFAULT_ALLOW
TXN-cebab1c1639f,ALLOW,B0_BASELINE,ALLOW,B1_BASELINE,ESCALATE,SAFETY_VELOCITY,ALLOW,DEFAULT_ALLOW,ESCALATE,SAFETY_VELOCITY,ESCALATE,SAFETY_VELOCITY
TXN-d7a22bbf1015,ALLOW,B0_BASELINE,ALLOW,B1_BASELINE,ALLOW,DEFAULT_ALLOW,ALLOW,DEFAULT_ALLOW,ALLOW,DEFAULT_ALLOW,ALLOW,DEFAULT_ALLOW
TXN-b7c8705a29fa,ALLOW,B0_BASELINE,ALLOW,B1_BASELINE,ALLOW,DEFAULT_ALLOW,ALLOW,DEFAULT_ALLOW,ALLOW,DEFAULT_ALLOW,ALLOW,DEFAULT_ALLOW
TXN-5aab57d845d4,ALLOW,B0_BASELINE,ALLOW,B1_BASELINE,ALLOW,DEFAULT_ALLOW,ALLOW,DEFAULT_ALLOW,ALLOW,DEFAULT_ALLOW,ALLOW,DEFAULT_ALLOW
TXN-f63645c48e95,ALLOW,B0_BASELINE,ALLOW,B1_BASELINE,ALLOW,DEFAULT_ALLOW,ALLOW,DEFAULT_ALLOW,ALLOW,DEFAULT_ALLOW,ALLOW,DEFAULT_ALLOW
TXN-8c4f8c1afaed,ALLOW,B0_BASELINE,ALLOW,B1_BASELINE,ALLOW,DEFAULT_ALLOW,ALLOW,DEFAULT_ALLOW,ALLOW,DEFAULT_ALLOW,ALLOW,DEFAULT_ALLOW
TXN-0cdff077bf7d,ALLOW,B0_BASELINE,HOLD,B1_RBI_RULE,HOLD,VAULT_RELEASE,HOLD,VAULT_RELEASE,ALLOW,DEFAULT_ALLOW,HOLD,VAULT_RELEASE
TXN-8dd4311e0eab,ALLOW,B0_BASELINE,ALLOW,B1_BASELINE,ALLOW,DEFAULT_ALLOW,ALLOW,DEFAULT_ALLOW,ALLOW,DEFAULT_ALLOW,ALLOW,DEFAULT_ALLOW
TXN-6fe313a4a970,ALLOW,B0_BASELINE,ALLOW,B1_BASELINE,ALLOW,DEFAULT_ALLOW,ALLOW,DEFAULT_ALLOW,ALLOW,DEFAULT_ALLOW,ALLOW,DEFAULT_ALLOW
TXN-5eab4b365bed,ALLOW,B0_BASELINE,ALLOW,B1_BASELINE,ALLOW,DEFAULT_ALLOW,ALLOW,DEFAULT_ALLOW,ALLOW,DEFAULT_ALLOW,ALLOW,DEFAULT_ALLOW
TXN-71f7309fbf56,ALLOW,B0_BASELINE,ALLOW,B1_BASELINE,ALLOW,DEFAULT_ALLOW,ALLOW,DEFAULT_ALLOW,ALLOW,DEFAULT_ALLOW,ALLOW,DEFAULT_ALLOW
TXN-697aa8fb7df1,ALLOW,B0_BASELINE,HOLD,B1_RBI_RULE,ALLOW,DEFAULT_ALLOW,ALLOW,DEFAULT_ALLOW,ALLOW,DEFAULT_ALLOW,ALLOW,DEFAULT_ALLOW
TXN-98ae9bcf70bd,ALLOW,B0_BASELINE,ALLOW,B1_BASELINE,ALLOW,DEFAULT_ALLOW,ALLOW,DEFAULT_ALLOW,ALLOW,DEFAULT_ALLOW,ALLOW,DEFAULT_ALLOW
TXN-eab2160e2be3,ALLOW,B0_BASELINE,ALLOW,B1_BASELINE,ALLOW,DEFAULT_ALLOW,ALLOW,DEFAULT_ALLOW,ALLOW,DEFAULT_ALLOW,ALLOW,DEFAULT_ALLOW
TXN-7597ebf25917,ALLOW,B0_BASELINE,ALLOW,B1_BASELINE,ALLOW,DEFAULT_ALLOW,ALLOW,DEFAULT_ALLOW,ALLOW,DEFAULT_ALLOW,ALLOW,DEFAULT_ALLOW
TXN-aa8b58f5b5e0,ALLOW,B0_BASELINE,ALLOW,B1_BASELINE,ALLOW,DEFAULT_ALLOW,ALLOW,DEFAULT_ALLOW,ALLOW,DEFAULT_ALLOW,ALLOW,DEFAULT_ALLOW
TXN-5451fd6685cf,ALLOW,B0_BASELINE,ALLOW,B1_BASELINE,ALLOW,DEFAULT_ALLOW,ALLOW,DEFAULT_ALLOW,ALLOW,DEFAULT_ALLOW,ALLOW,DEFAULT_ALLOW
TXN-daf6077dade8,ALLOW,B0_BASELINE,ALLOW,B1_BASELINE,ALLOW,DEFAULT_ALLOW,ALLOW,DEFAULT_ALLOW,ALLOW,DEFAULT_ALLOW,ALLOW,DEFAULT_ALLOW
TXN-48c533d3e592,ALLOW,B0_BASELINE,ALLOW,B1_BASELINE,ALLOW,DEFAULT_ALLOW,ALLOW,DEFAULT_ALLOW,ALLOW,DEFAULT_ALLOW,ALLOW,DEFAULT_ALLOW
TXN-6a16b2be54ac,ALLOW,B0_BASELINE,ALLOW,B1_BASELINE,ALLOW,DEFAULT_ALLOW,ALLOW,DEFAULT_ALLOW,ALLOW,DEFAULT_ALLOW,ALLOW,DEFAULT_ALLOW
TXN-2f5062702187,ALLOW,B0_BASELINE,HOLD,B1_RBI_RULE,ALLOW,DEFAULT_ALLOW,ALLOW,DEFAULT_ALLOW,ALLOW,DEFAULT_ALLOW,ALLOW,DEFAULT_ALLOW
TXN-ad7c56e7311f,ALLOW,B0_BASELINE,ALLOW,B1_BASELINE,ALLOW,DEFAULT_ALLOW,ALLOW,DEFAULT_ALLOW,ALLOW,DEFAULT_ALLOW,ALLOW,DEFAULT_ALLOW
TXN-e53ac66b25af,ALLOW,B0_BASELINE,ALLOW,B1_BASELINE,ALLOW,DEFAULT_ALLOW,ALLOW,DEFAULT_ALLOW,ALLOW,DEFAULT_ALLOW,ALLOW,DEFAULT_ALLOW
TXN-29e8456aac9d,ALLOW,B0_BASELINE,ALLOW,B1_BASELINE,ALLOW,DEFAULT_ALLOW,ALLOW,DEFAULT_ALLOW,ALLOW,DEFAULT_ALLOW,ALLOW,DEFAULT_ALLOW
TXN-927410d0463c,ALLOW,B0_BASELINE,HOLD,B1_RBI_RULE,HOLD,VAULT_RELEASE,HOLD,VAULT_RELEASE,ALLOW,DEFAULT_ALLOW,HOLD,VAULT_RELEASE
TXN-15ca7d9c62ef,ALLOW,B0_BASELINE,ALLOW,B1_BASELINE,ALLOW,DEFAULT_ALLOW,ALLOW,DEFAULT_ALLOW,ALLOW,DEFAULT_ALLOW,ALLOW,DEFAULT_ALLOW
TXN-6e70c22bb4cc,ALLOW,B0_BASELINE,ALLOW,B1_BASELINE,ALLOW,DEFAULT_ALLOW,ALLOW,DEFAULT_ALLOW,ALLOW,DEFAULT_ALLOW,ALLOW,DEFAULT_ALLOW
TXN-1cb258476993,ALLOW,B0_BASELINE,ALLOW,B1_BASELINE,ALLOW,DEFAULT_ALLOW,ALLOW,DEFAULT_ALLOW,ALLOW,DEFAULT_ALLOW,ALLOW,DEFAULT_ALLOW
TXN-b1a98a5321ed,ALLOW,B0_BASELINE,ALLOW,B1_BASELINE,ALLOW,DEFAULT_ALLOW,ALLOW,DEFAULT_ALLOW,ALLOW,DEFAULT_ALLOW,ALLOW,DEFAULT_ALLOW
TXN-d25cd1c6d208,ALLOW,B0_BASELINE,ALLOW,B1_BASELINE,ALLOW,DEFAULT_ALLOW,ALLOW,DEFAULT_ALLOW,ALLOW,DEFAULT_ALLOW,ALLOW,DEFAULT_ALLOW
TXN-1fcffe1d4355,ALLOW,B0_BASELINE,ALLOW,B1_BASELINE,ALLOW,DEFAULT_ALLOW,ALLOW,DEFAULT_ALLOW,ALLOW,DEFAULT_ALLOW,ALLOW,DEFAULT_ALLOW
TXN-98d31f254584,ALLOW,B0_BASELINE,ALLOW,B1_BASELINE,ALLOW,DEFAULT_ALLOW,ALLOW,DEFAULT_ALLOW,ALLOW,DEFAULT_ALLOW,ALLOW,DEFAULT_ALLOW
TXN-2dacab497e6e,ALLOW,B0_BASELINE,ALLOW,B1_BASELINE,ALLOW,DEFAULT_ALLOW,ALLOW,DEFAULT_ALLOW,ALLOW,DEFAULT_ALLOW,ALLOW,DEFAULT_ALLOW
TXN-c5dd3ad5dbab,ALLOW,B0_BASELINE,ALLOW,B1_BASELINE,ALLOW,DEFAULT_ALLOW,ALLOW,DEFAULT_ALLOW,ALLOW,DEFAULT_ALLOW,ALLOW,DEFAULT_ALLOW
TXN-0942fc776475,ALLOW,B0_BASELINE,HOLD,B1_RBI_RULE,ALLOW,DEFAULT_ALLOW,ALLOW,DEFAULT_ALLOW,ALLOW,DEFAULT_ALLOW,ALLOW,DEFAULT_ALLOW
TXN-1fb7e3e32100,ALLOW,B0_BASELINE,ALLOW,B1_BASELINE,ALLOW,DEFAULT_ALLOW,ALLOW,DEFAULT_ALLOW,ALLOW,DEFAULT_ALLOW,ALLOW,DEFAULT_ALLOW
TXN-3ad91c9126eb,ALLOW,B0_BASELINE,HOLD,B1_RBI_RULE,HOLD,VAULT_FD_BROKEN,HOLD,VAULT_FD_BROKEN,ALLOW,DEFAULT_ALLOW,HOLD,VAULT_FD_BROKEN
TXN-a2244e847d03,ALLOW,B0_BASELINE,ALLOW,B1_BASELINE,ALLOW,DEFAULT_ALLOW,ALLOW,DEFAULT_ALLOW,ALLOW,DEFAULT_ALLOW,ALLOW,DEFAULT_ALLOW
TXN-0ff94a643e94,ALLOW,B0_BASELINE,ALLOW,B1_BASELINE,ALLOW,DEFAULT_ALLOW,ALLOW,DEFAULT_ALLOW,ALLOW,DEFAULT_ALLOW,ALLOW,DEFAULT_ALLOW
TXN-055d4e2dde89,ALLOW,B0_BASELINE,ALLOW,B1_BASELINE,ALLOW,DEFAULT_ALLOW,ALLOW,DEFAULT_ALLOW,ALLOW,DEFAULT_ALLOW,ALLOW,DEFAULT_ALLOW
TXN-159e9a5afe5d,ALLOW,B0_BASELINE,ALLOW,B1_BASELINE,ALLOW,DEFAULT_ALLOW,ALLOW,DEFAULT_ALLOW,ALLOW,DEFAULT_ALLOW,ALLOW,DEFAULT_ALLOW
TXN-cdf74194ed7f,ALLOW,B0_BASELINE,ALLOW,B1_BASELINE,ALLOW,DEFAULT_ALLOW,ALLOW,DEFAULT_ALLOW,ALLOW,DEFAULT_ALLOW,ALLOW,DEFAULT_ALLOW
TXN-139417e6e33d,ALLOW,B0_BASELINE,ALLOW,B1_BASELINE,ALLOW,DEFAULT_ALLOW,ALLOW,DEFAULT_ALLOW,ALLOW,DEFAULT_ALLOW,ALLOW,DEFAULT_ALLOW
TXN-2fcba5cc070f,ALLOW,B0_BASELINE,ALLOW,B1_BASELINE,ALLOW,DEFAULT_ALLOW,ALLOW,DEFAULT_ALLOW,ALLOW,DEFAULT_ALLOW,ALLOW,DEFAULT_ALLOW
TXN-ebe2b9684563,ALLOW,B0_BASELINE,ALLOW,B1_BASELINE,ALLOW,DEFAULT_ALLOW,ALLOW,DEFAULT_ALLOW,ALLOW,DEFAULT_ALLOW,ALLOW,DEFAULT_ALLOW
TXN-b73fede0e035,ALLOW,B0_BASELINE,ALLOW,B1_BASELINE,ALLOW,DEFAULT_ALLOW,ALLOW,DEFAULT_ALLOW,ALLOW,DEFAULT_ALLOW,ALLOW,DEFAULT_ALLOW
TXN-caa8bc103a5a,ALLOW,B0_BASELINE,ALLOW,B1_BASELINE,ALLOW,DEFAULT_ALLOW,ALLOW,DEFAULT_ALLOW,ALLOW,DEFAULT_ALLOW,ALLOW,DEFAULT_ALLOW
TXN-d533235b72a0,ALLOW,B0_BASELINE,ALLOW,B1_BASELINE,ALLOW,DEFAULT_ALLOW,ALLOW,DEFAULT_ALLOW,ALLOW,DEFAULT_ALLOW,ALLOW,DEFAULT_ALLOW
TXN-c728de7691cd,ALLOW,B0_BASELINE,ALLOW,B1_BASELINE,ALLOW,DEFAULT_ALLOW,ALLOW,DEFAULT_ALLOW,ALLOW,DEFAULT_ALLOW,ALLOW,DEFAULT_ALLOW
TXN-748ff57288e8,ALLOW,B0_BASELINE,ALLOW,B1_BASELINE,ALLOW,DEFAULT_ALLOW,ALLOW,DEFAULT_ALLOW,ALLOW,DEFAULT_ALLOW,ALLOW,DEFAULT_ALLOW
TXN-fc1f8e79308e,ALLOW,B0_BASELINE,ALLOW,B1_BASELINE,ALLOW,DEFAULT_ALLOW,ALLOW,DEFAULT_ALLOW,ALLOW,DEFAULT_ALLOW,ALLOW,DEFAULT_ALLOW
TXN-a43719d103a9,ALLOW,B0_BASELINE,ALLOW,B1_BASELINE,ALLOW,DEFAULT_ALLOW,ALLOW,DEFAULT_ALLOW,ALLOW,DEFAULT_ALLOW,ALLOW,DEFAULT_ALLOW
TXN-7627d90483a2,ALLOW,B0_BASELINE,ALLOW,B1_BASELINE,ALLOW,DEFAULT_ALLOW,ALLOW,DEFAULT_ALLOW,ALLOW,DEFAULT_ALLOW,ALLOW,DEFAULT_ALLOW
TXN-a1fb5dfca10d,ALLOW,B0_BASELINE,ALLOW,B1_BASELINE,ALLOW,DEFAULT_ALLOW,ALLOW,DEFAULT_ALLOW,ALLOW,DEFAULT_ALLOW,ALLOW,DEFAULT_ALLOW
TXN-43178d270761,ALLOW,B0_BASELINE,ALLOW,B1_BASELINE,ALLOW,DEFAULT_ALLOW,ALLOW,DEFAULT_ALLOW,ALLOW,DEFAULT_ALLOW,ALLOW,DEFAULT_ALLOW
TXN-c1cf3eacceb4,ALLOW,B0_BASELINE,ALLOW,B1_BASELINE,ALLOW,DEFAULT_ALLOW,ALLOW,DEFAULT_ALLOW,ALLOW,DEFAULT_ALLOW,ALLOW,DEFAULT_ALLOW
TXN-49dfee2fcac0,ALLOW,B0_BASELINE,ALLOW,B1_BASELINE,ALLOW,DEFAULT_ALLOW,ALLOW,DEFAULT_ALLOW,ALLOW,DEFAULT_ALLOW,ALLOW,DEFAULT_ALLOW
TXN-0750cdd74c8a,ALLOW,B0_BASELINE,ALLOW,B1_BASELINE,ALLOW,DEFAULT_ALLOW,ALLOW,DEFAULT_ALLOW,ALLOW,DEFAULT_ALLOW,ALLOW,DEFAULT_ALLOW
TXN-5f4dbebdcc0d,ALLOW,B0_BASELINE,ALLOW,B1_BASELINE,ALLOW,DEFAULT_ALLOW,ALLOW,DEFAULT_ALLOW,ALLOW,DEFAULT_ALLOW,ALLOW,DEFAULT_ALLOW
TXN-ea2ba4a73d77,ALLOW,B0_BASELINE,ALLOW,B1_BASELINE,ALLOW,DEFAULT_ALLOW,ALLOW,DEFAULT_ALLOW,ALLOW,DEFAULT_ALLOW,ALLOW,DEFAULT_ALLOW
TXN-80a32ff11094,ALLOW,B0_BASELINE,HOLD,B1_RBI_RULE,HOLD,VAULT_RELEASE,HOLD,VAULT_RELEASE,ALLOW,DEFAULT_ALLOW,HOLD,VAULT_RELEASE
TXN-ced93c1688e7,ALLOW,B0_BASELINE,ALLOW,B1_BASELINE,ALLOW,DEFAULT_ALLOW,ALLOW,DEFAULT_ALLOW,ALLOW,DEFAULT_ALLOW,ALLOW,DEFAULT_ALLOW
TXN-774687193360,ALLOW,B0_BASELINE,ALLOW,B1_BASELINE,ALLOW,DEFAULT_ALLOW,ALLOW,DEFAULT_ALLOW,ALLOW,DEFAULT_ALLOW,ALLOW,DEFAULT_ALLOW
TXN-f065a32cb755,ALLOW,B0_BASELINE,ALLOW,B1_BASELINE,ALLOW,DEFAULT_ALLOW,ALLOW,DEFAULT_ALLOW,ALLOW,DEFAULT_ALLOW,ALLOW,DEFAULT_ALLOW
TXN-55bdc2eb7ae2,ALLOW,B0_BASELINE,ALLOW,B1_BASELINE,ALLOW,DEFAULT_ALLOW,ALLOW,DEFAULT_ALLOW,ALLOW,DEFAULT_ALLOW,ALLOW,DEFAULT_ALLOW
TXN-0fff1891a4ca,ALLOW,B0_BASELINE,ALLOW,B1_BASELINE,ALLOW,DEFAULT_ALLOW,ALLOW,DEFAULT_ALLOW,ALLOW,DEFAULT_ALLOW,ALLOW,DEFAULT_ALLOW
TXN-5b9361a856d4,ALLOW,B0_BASELINE,ALLOW,B1_BASELINE,ALLOW,DEFAULT_ALLOW,ALLOW,DEFAULT_ALLOW,ALLOW,DEFAULT_ALLOW,ALLOW,DEFAULT_ALLOW
TXN-b033c5523468,ALLOW,B0_BASELINE,ALLOW,B1_BASELINE,ALLOW,DEFAULT_ALLOW,ALLOW,DEFAULT_ALLOW,ALLOW,DEFAULT_ALLOW,ALLOW,DEFAULT_ALLOW
TXN-a7ec0546596a,ALLOW,B0_BASELINE,ALLOW,B1_BASELINE,ALLOW,DEFAULT_ALLOW,ALLOW,DEFAULT_ALLOW,ALLOW,DEFAULT_ALLOW,ALLOW,DEFAULT_ALLOW
TXN-27c7e59a60d6,ALLOW,B0_BASELINE,ALLOW,B1_BASELINE,ALLOW,DEFAULT_ALLOW,ALLOW,DEFAULT_ALLOW,ALLOW,DEFAULT_ALLOW,ALLOW,DEFAULT_ALLOW
TXN-05edebfbe538,ALLOW,B0_BASELINE,ALLOW,B1_BASELINE,ALLOW,DEFAULT_ALLOW,ALLOW,DEFAULT_ALLOW,ALLOW,DEFAULT_ALLOW,ALLOW,DEFAULT_ALLOW
TXN-d34fa17c1711,ALLOW,B0_BASELINE,ALLOW,B1_BASELINE,ALLOW,DEFAULT_ALLOW,ALLOW,DEFAULT_ALLOW,ALLOW,DEFAULT_ALLOW,ALLOW,DEFAULT_ALLOW
TXN-3e2a173ed6e0,ALLOW,B0_BASELINE,ALLOW,B1_BASELINE,ALLOW,DEFAULT_ALLOW,ALLOW,DEFAULT_ALLOW,ALLOW,DEFAULT_ALLOW,ALLOW,DEFAULT_ALLOW
TXN-3c662da38aad,ALLOW,B0_BASELINE,ALLOW,B1_BASELINE,ALLOW,DEFAULT_ALLOW,ALLOW,DEFAULT_ALLOW,ALLOW,DEFAULT_ALLOW,ALLOW,DEFAULT_ALLOW
TXN-83e0eeae3dc5,ALLOW,B0_BASELINE,ALLOW,B1_BASELINE,ALLOW,DEFAULT_ALLOW,ALLOW,DEFAULT_ALLOW,ALLOW,DEFAULT_ALLOW,ALLOW,DEFAULT_ALLOW
TXN-e11873786134,ALLOW,B0_BASELINE,ALLOW,B1_BASELINE,ALLOW,DEFAULT_ALLOW,ALLOW,DEFAULT_ALLOW,ALLOW,DEFAULT_ALLOW,ALLOW,DEFAULT_ALLOW
TXN-33c0be32cb4f,ALLOW,B0_BASELINE,ALLOW,B1_BASELINE,ALLOW,DEFAULT_ALLOW,ALLOW,DEFAULT_ALLOW,ALLOW,DEFAULT_ALLOW,ALLOW,DEFAULT_ALLOW
TXN-062cf19c5be0,ALLOW,B0_BASELINE,ALLOW,B1_BASELINE,ALLOW,DEFAULT_ALLOW,ALLOW,DEFAULT_ALLOW,ALLOW,DEFAULT_ALLOW,ALLOW,DEFAULT_ALLOW
TXN-bf37c99aa25e,ALLOW,B0_BASELINE,ALLOW,B1_BASELINE,ALLOW,DEFAULT_ALLOW,ALLOW,DEFAULT_ALLOW,ALLOW,DEFAULT_ALLOW,ALLOW,DEFAULT_ALLOW
TXN-8c68c1554603,ALLOW,B0_BASELINE,ALLOW,B1_BASELINE,ALLOW,DEFAULT_ALLOW,ALLOW,DEFAULT_ALLOW,ALLOW,DEFAULT_ALLOW,ALLOW,DEFAULT_ALLOW
TXN-9b01fff4c8ec,ALLOW,B0_BASELINE,ALLOW,B1_BASELINE,ALLOW,DEFAULT_ALLOW,ALLOW,DEFAULT_ALLOW,ALLOW,DEFAULT_ALLOW,ALLOW,DEFAULT_ALLOW
TXN-430746db5b76,ALLOW,B0_BASELINE,ALLOW,B1_BASELINE,ALLOW,DEFAULT_ALLOW,ALLOW,DEFAULT_ALLOW,ALLOW,DEFAULT_ALLOW,ALLOW,DEFAULT_ALLOW
TXN-9a42c0176aed,ALLOW,B0_BASELINE,ALLOW,B1_BASELINE,ALLOW,DEFAULT_ALLOW,ALLOW,DEFAULT_ALLOW,ALLOW,DEFAULT_ALLOW,ALLOW,DEFAULT_ALLOW
TXN-29f72c0128a1,ALLOW,B0_BASELINE,ALLOW,B1_BASELINE,ALLOW,DEFAULT_ALLOW,ALLOW,DEFAULT_ALLOW,ALLOW,DEFAULT_ALLOW,ALLOW,DEFAULT_ALLOW
TXN-f9e07732fe90,ALLOW,B0_BASELINE,ALLOW,B1_BASELINE,ALLOW,DEFAULT_ALLOW,ALLOW,DEFAULT_ALLOW,ALLOW,DEFAULT_ALLOW,ALLOW,DEFAULT_ALLOW
TXN-c39c7e75d9a2,ALLOW,B0_BASELINE,ALLOW,B1_BASELINE,ALLOW,DEFAULT_ALLOW,ALLOW,DEFAULT_ALLOW,ALLOW,DEFAULT_ALLOW,ALLOW,DEFAULT_ALLOW
TXN-6aed2a630aaf,ALLOW,B0_BASELINE,HOLD,B1_RBI_RULE,HOLD,VAULT_RELEASE,HOLD,VAULT_RELEASE,ALLOW,DEFAULT_ALLOW,HOLD,VAULT_RELEASE
TXN-39fc79a29f00,ALLOW,B0_BASELINE,ALLOW,B1_BASELINE,ALLOW,DEFAULT_ALLOW,ALLOW,DEFAULT_ALLOW,ALLOW,DEFAULT_ALLOW,ALLOW,DEFAULT_ALLOW
TXN-88d5e3e47968,ALLOW,B0_BASELINE,ALLOW,B1_BASELINE,ALLOW,DEFAULT_ALLOW,ALLOW,DEFAULT_ALLOW,ALLOW,DEFAULT_ALLOW,ALLOW,DEFAULT_ALLOW
TXN-53fe149c0b2a,ALLOW,B0_BASELINE,ALLOW,B1_BASELINE,ALLOW,DEFAULT_ALLOW,ALLOW,DEFAULT_ALLOW,ALLOW,DEFAULT_ALLOW,ALLOW,DEFAULT_ALLOW
TXN-a987fff0a980,ALLOW,B0_BASELINE,ALLOW,B1_BASELINE,ALLOW,DEFAULT_ALLOW,ALLOW,DEFAULT_ALLOW,ALLOW,DEFAULT_ALLOW,ALLOW,DEFAULT_ALLOW
TXN-454d1edf4f21,ALLOW,B0_BASELINE,ALLOW,B1_BASELINE,ESCALATE,SAFETY_VELOCITY,ALLOW,DEFAULT_ALLOW,ESCALATE,SAFETY_VELOCITY,ESCALATE,SAFETY_VELOCITY
TXN-b335ce584499,ALLOW,B0_BASELINE,ALLOW,B1_BASELINE,ALLOW,DEFAULT_ALLOW,ALLOW,DEFAULT_ALLOW,ALLOW,DEFAULT_ALLOW,ALLOW,DEFAULT_ALLOW
TXN-47f18d9dfd1a,ALLOW,B0_BASELINE,ALLOW,B1_BASELINE,ALLOW,DEFAULT_ALLOW,ALLOW,DEFAULT_ALLOW,ALLOW,DEFAULT_ALLOW,ALLOW,DEFAULT_ALLOW
TXN-54073125d3d0,ALLOW,B0_BASELINE,ALLOW,B1_BASELINE,ALLOW,DEFAULT_ALLOW,ALLOW,DEFAULT_ALLOW,ALLOW,DEFAULT_ALLOW,ALLOW,DEFAULT_ALLOW
TXN-913850e86d71,ALLOW,B0_BASELINE,ALLOW,B1_BASELINE,ALLOW,DEFAULT_ALLOW,ALLOW,DEFAULT_ALLOW,ALLOW,DEFAULT_ALLOW,ALLOW,DEFAULT_ALLOW
TXN-5a85a7207aa0,ALLOW,B0_BASELINE,ALLOW,B1_BASELINE,ALLOW,DEFAULT_ALLOW,ALLOW,DEFAULT_ALLOW,ALLOW,DEFAULT_ALLOW,ALLOW,DEFAULT_ALLOW
TXN-8de730675cf4,ALLOW,B0_BASELINE,ALLOW,B1_BASELINE,ALLOW,DEFAULT_ALLOW,ALLOW,DEFAULT_ALLOW,ALLOW,DEFAULT_ALLOW,ALLOW,DEFAULT_ALLOW
TXN-39cbfc48635c,ALLOW,B0_BASELINE,ALLOW,B1_BASELINE,ALLOW,DEFAULT_ALLOW,ALLOW,DEFAULT_ALLOW,ALLOW,DEFAULT_ALLOW,ALLOW,DEFAULT_ALLOW
TXN-81fea93d2f57,ALLOW,B0_BASELINE,ALLOW,B1_BASELINE,ALLOW,DEFAULT_ALLOW,ALLOW,DEFAULT_ALLOW,ALLOW,DEFAULT_ALLOW,ALLOW,DEFAULT_ALLOW
TXN-48843819eb83,ALLOW,B0_BASELINE,ALLOW,B1_BASELINE,ALLOW,DEFAULT_ALLOW,ALLOW,DEFAULT_ALLOW,ALLOW,DEFAULT_ALLOW,ALLOW,DEFAULT_ALLOW
TXN-c54689466442,ALLOW,B0_BASELINE,ALLOW,B1_BASELINE,ALLOW,DEFAULT_ALLOW,ALLOW,DEFAULT_ALLOW,ALLOW,DEFAULT_ALLOW,ALLOW,DEFAULT_ALLOW
TXN-5a5edb62ae0b,ALLOW,B0_BASELINE,ALLOW,B1_BASELINE,ALLOW,DEFAULT_ALLOW,ALLOW,DEFAULT_ALLOW,ALLOW,DEFAULT_ALLOW,ALLOW,DEFAULT_ALLOW
TXN-90078231d9a6,ALLOW,B0_BASELINE,ALLOW,B1_BASELINE,ALLOW,DEFAULT_ALLOW,ALLOW,DEFAULT_ALLOW,ALLOW,DEFAULT_ALLOW,ALLOW,DEFAULT_ALLOW
TXN-0c5697d64694,ALLOW,B0_BASELINE,ALLOW,B1_BASELINE,ALLOW,DEFAULT_ALLOW,ALLOW,DEFAULT_ALLOW,ALLOW,DEFAULT_ALLOW,ALLOW,DEFAULT_ALLOW
TXN-6daafd51f4d4,ALLOW,B0_BASELINE,ALLOW,B1_BASELINE,ALLOW,DEFAULT_ALLOW,ALLOW,DEFAULT_ALLOW,ALLOW,DEFAULT_ALLOW,ALLOW,DEFAULT_ALLOW
TXN-695780852be4,ALLOW,B0_BASELINE,ALLOW,B1_BASELINE,ALLOW,DEFAULT_ALLOW,ALLOW,DEFAULT_ALLOW,ALLOW,DEFAULT_ALLOW,ALLOW,DEFAULT_ALLOW
TXN-fcd28715531b,ALLOW,B0_BASELINE,ALLOW,B1_BASELINE,ALLOW,DEFAULT_ALLOW,ALLOW,DEFAULT_ALLOW,ALLOW,DEFAULT_ALLOW,ALLOW,DEFAULT_ALLOW
TXN-ab9d9b02cdb1,ALLOW,B0_BASELINE,ALLOW,B1_BASELINE,ALLOW,DEFAULT_ALLOW,ALLOW,DEFAULT_ALLOW,ALLOW,DEFAULT_ALLOW,ALLOW,DEFAULT_ALLOW
TXN-3bf28823ff2f,ALLOW,B0_BASELINE,ALLOW,B1_BASELINE,ALLOW,EMERGENCY_PREAPPROVED,ALLOW,EMERGENCY_PREAPPROVED,ALLOW,EMERGENCY_PREAPPROVED,ALLOW,DEFAULT_ALLOW
TXN-36d93fa6b39f,ALLOW,B0_BASELINE,ALLOW,B1_BASELINE,ALLOW,DEFAULT_ALLOW,ALLOW,DEFAULT_ALLOW,ALLOW,DEFAULT_ALLOW,ALLOW,DEFAULT_ALLOW
TXN-c234748f4829,ALLOW,B0_BASELINE,ALLOW,B1_BASELINE,ALLOW,DEFAULT_ALLOW,ALLOW,DEFAULT_ALLOW,ALLOW,DEFAULT_ALLOW,ALLOW,DEFAULT_ALLOW
TXN-3eb920e19a5f,ALLOW,B0_BASELINE,HOLD,B1_RBI_RULE,ALLOW,DEFAULT_ALLOW,ALLOW,DEFAULT_ALLOW,ALLOW,DEFAULT_ALLOW,ALLOW,DEFAULT_ALLOW
TXN-2bf108bb63f5,ALLOW,B0_BASELINE,ALLOW,B1_BASELINE,ALLOW,DEFAULT_ALLOW,ALLOW,DEFAULT_ALLOW,ALLOW,DEFAULT_ALLOW,ALLOW,DEFAULT_ALLOW
TXN-d760d9d3e771,ALLOW,B0_BASELINE,ALLOW,B1_BASELINE,ALLOW,DEFAULT_ALLOW,ALLOW,DEFAULT_ALLOW,ALLOW,DEFAULT_ALLOW,ALLOW,DEFAULT_ALLOW
TXN-6eb2e25b9e11,ALLOW,B0_BASELINE,ALLOW,B1_BASELINE,ALLOW,DEFAULT_ALLOW,ALLOW,DEFAULT_ALLOW,ALLOW,DEFAULT_ALLOW,ALLOW,DEFAULT_ALLOW
TXN-1c90413ed43e,ALLOW,B0_BASELINE,ALLOW,B1_BASELINE,ALLOW,DEFAULT_ALLOW,ALLOW,DEFAULT_ALLOW,ALLOW,DEFAULT_ALLOW,ALLOW,DEFAULT_ALLOW
TXN-2b84b9544107,ALLOW,B0_BASELINE,ALLOW,B1_BASELINE,ALLOW,DEFAULT_ALLOW,ALLOW,DEFAULT_ALLOW,ALLOW,DEFAULT_ALLOW,ALLOW,DEFAULT_ALLOW
TXN-a4da5b32e988,ALLOW,B0_BASELINE,ALLOW,B1_BASELINE,ALLOW,DEFAULT_ALLOW,ALLOW,DEFAULT_ALLOW,ALLOW,DEFAULT_ALLOW,ALLOW,DEFAULT_ALLOW
TXN-334b422aa2e9,ALLOW,B0_BASELINE,ALLOW,B1_BASELINE,ALLOW,DEFAULT_ALLOW,ALLOW,DEFAULT_ALLOW,ALLOW,DEFAULT_ALLOW,ALLOW,DEFAULT_ALLOW
TXN-c149de450752,ALLOW,B0_BASELINE,ALLOW,B1_BASELINE,ALLOW,DEFAULT_ALLOW,ALLOW,DEFAULT_ALLOW,ALLOW,DEFAULT_ALLOW,ALLOW,DEFAULT_ALLOW
TXN-01d03024a190,ALLOW,B0_BASELINE,ALLOW,B1_BASELINE,ALLOW,DEFAULT_ALLOW,ALLOW,DEFAULT_ALLOW,ALLOW,DEFAULT_ALLOW,ALLOW,DEFAULT_ALLOW
TXN-794c7be13cd9,ALLOW,B0_BASELINE,ALLOW,B1_BASELINE,ALLOW,DEFAULT_ALLOW,ALLOW,DEFAULT_ALLOW,ALLOW,DEFAULT_ALLOW,ALLOW,DEFAULT_ALLOW
TXN-8acaece35e58,ALLOW,B0_BASELINE,ALLOW,B1_BASELINE,ALLOW,DEFAULT_ALLOW,ALLOW,DEFAULT_ALLOW,ALLOW,DEFAULT_ALLOW,ALLOW,DEFAULT_ALLOW
TXN-75b684f9b8f7,ALLOW,B0_BASELINE,ALLOW,B1_BASELINE,ALLOW,DEFAULT_ALLOW,ALLOW,DEFAULT_ALLOW,ALLOW,DEFAULT_ALLOW,ALLOW,DEFAULT_ALLOW
TXN-506283237fbe,ALLOW,B0_BASELINE,ALLOW,B1_BASELINE,ALLOW,DEFAULT_ALLOW,ALLOW,DEFAULT_ALLOW,ALLOW,DEFAULT_ALLOW,ALLOW,DEFAULT_ALLOW
TXN-47486a69a2b4,ALLOW,B0_BASELINE,ALLOW,B1_BASELINE,ALLOW,DEFAULT_ALLOW,ALLOW,DEFAULT_ALLOW,ALLOW,DEFAULT_ALLOW,ALLOW,DEFAULT_ALLOW
TXN-36f3de2d4e85,ALLOW,B0_BASELINE,ALLOW,B1_BASELINE,ALLOW,DEFAULT_ALLOW,ALLOW,DEFAULT_ALLOW,ALLOW,DEFAULT_ALLOW,ALLOW,DEFAULT_ALLOW
TXN-051820d10032,ALLOW,B0_BASELINE,ALLOW,B1_BASELINE,ESCALATE,SAFETY_VELOCITY,ALLOW,DEFAULT_ALLOW,ESCALATE,SAFETY_VELOCITY,ESCALATE,SAFETY_VELOCITY
TXN-9baba11bee5d,ALLOW,B0_BASELINE,ALLOW,B1_BASELINE,ALLOW,DEFAULT_ALLOW,ALLOW,DEFAULT_ALLOW,ALLOW,DEFAULT_ALLOW,ALLOW,DEFAULT_ALLOW
TXN-b31c689fc383,ALLOW,B0_BASELINE,ALLOW,B1_BASELINE,ALLOW,DEFAULT_ALLOW,ALLOW,DEFAULT_ALLOW,ALLOW,DEFAULT_ALLOW,ALLOW,DEFAULT_ALLOW
TXN-fa7a978b0c72,ALLOW,B0_BASELINE,ALLOW,B1_BASELINE,ALLOW,DEFAULT_ALLOW,ALLOW,DEFAULT_ALLOW,ALLOW,DEFAULT_ALLOW,ALLOW,DEFAULT_ALLOW
TXN-2308be5e0b8e,ALLOW,B0_BASELINE,ALLOW,B1_BASELINE,ALLOW,DEFAULT_ALLOW,ALLOW,DEFAULT_ALLOW,ALLOW,DEFAULT_ALLOW,ALLOW,DEFAULT_ALLOW
TXN-6ba97bba2530,ALLOW,B0_BASELINE,ALLOW,B1_BASELINE,ALLOW,DEFAULT_ALLOW,ALLOW,DEFAULT_ALLOW,ALLOW,DEFAULT_ALLOW,ALLOW,DEFAULT_ALLOW
TXN-113d0da0cb4d,ALLOW,B0_BASELINE,ALLOW,B1_BASELINE,ALLOW,DEFAULT_ALLOW,ALLOW,DEFAULT_ALLOW,ALLOW,DEFAULT_ALLOW,ALLOW,DEFAULT_ALLOW
TXN-a9104801d74a,ALLOW,B0_BASELINE,ALLOW,B1_BASELINE,ALLOW,DEFAULT_ALLOW,ALLOW,DEFAULT_ALLOW,ALLOW,DEFAULT_ALLOW,ALLOW,DEFAULT_ALLOW
TXN-245a0d8c649f,ALLOW,B0_BASELINE,ALLOW,B1_BASELINE,ALLOW,DEFAULT_ALLOW,ALLOW,DEFAULT_ALLOW,ALLOW,DEFAULT_ALLOW,ALLOW,DEFAULT_ALLOW
TXN-3c394c11b7f8,ALLOW,B0_BASELINE,ALLOW,B1_BASELINE,ALLOW,DEFAULT_ALLOW,ALLOW,DEFAULT_ALLOW,ALLOW,DEFAULT_ALLOW,ALLOW,DEFAULT_ALLOW
TXN-c96b623e28eb,ALLOW,B0_BASELINE,ALLOW,B1_BASELINE,ALLOW,DEFAULT_ALLOW,ALLOW,DEFAULT_ALLOW,ALLOW,DEFAULT_ALLOW,ALLOW,DEFAULT_ALLOW
TXN-667a0a7413c7,ALLOW,B0_BASELINE,ALLOW,B1_BASELINE,ALLOW,DEFAULT_ALLOW,ALLOW,DEFAULT_ALLOW,ALLOW,DEFAULT_ALLOW,ALLOW,DEFAULT_ALLOW
TXN-4e46eaadd1c6,ALLOW,B0_BASELINE,ALLOW,B1_BASELINE,ALLOW,DEFAULT_ALLOW,ALLOW,DEFAULT_ALLOW,ALLOW,DEFAULT_ALLOW,ALLOW,DEFAULT_ALLOW
TXN-49507fd4750a,ALLOW,B0_BASELINE,ALLOW,B1_BASELINE,ALLOW,DEFAULT_ALLOW,ALLOW,DEFAULT_ALLOW,ALLOW,DEFAULT_ALLOW,ALLOW,DEFAULT_ALLOW
TXN-27ec05780eb2,ALLOW,B0_BASELINE,ALLOW,B1_BASELINE,REJECT,SAFETY_CALL_DETECTED,HOLD,VAULT_RELEASE,REJECT,SAFETY_CALL_DETECTED,REJECT,SAFETY_CALL_DETECTED
TXN-b44ee4dba3b4,ALLOW,B0_BASELINE,ALLOW,B1_BASELINE,ALLOW,DEFAULT_ALLOW,ALLOW,DEFAULT_ALLOW,ALLOW,DEFAULT_ALLOW,ALLOW,DEFAULT_ALLOW
TXN-813cd6af6043,ALLOW,B0_BASELINE,ALLOW,B1_BASELINE,ALLOW,DEFAULT_ALLOW,ALLOW,DEFAULT_ALLOW,ALLOW,DEFAULT_ALLOW,ALLOW,DEFAULT_ALLOW
TXN-936976a1c7b3,ALLOW,B0_BASELINE,HOLD,B1_RBI_RULE,HOLD,VAULT_RELEASE,HOLD,VAULT_RELEASE,HOLD,PAYMENT_NEW_INDIVIDUAL_LARGE,HOLD,VAULT_RELEASE
TXN-0bbc6ef3053e,ALLOW,B0_BASELINE,ALLOW,B1_BASELINE,REJECT,SAFETY_CALL_DETECTED,HOLD,VAULT_RELEASE,REJECT,SAFETY_CALL_DETECTED,REJECT,SAFETY_CALL_DETECTED
TXN-8ca55125aaee,ALLOW,B0_BASELINE,ALLOW,B1_BASELINE,ALLOW,DEFAULT_ALLOW,ALLOW,DEFAULT_ALLOW,ALLOW,DEFAULT_ALLOW,ALLOW,DEFAULT_ALLOW
TXN-2046220a5e80,ALLOW,B0_BASELINE,ALLOW,B1_BASELINE,ALLOW,DEFAULT_ALLOW,ALLOW,DEFAULT_ALLOW,ALLOW,DEFAULT_ALLOW,ALLOW,DEFAULT_ALLOW
TXN-cd13bee8d375,ALLOW,B0_BASELINE,ALLOW,B1_BASELINE,ALLOW,DEFAULT_ALLOW,ALLOW,DEFAULT_ALLOW,ALLOW,DEFAULT_ALLOW,ALLOW,DEFAULT_ALLOW
TXN-647156fe7974,ALLOW,B0_BASELINE,ALLOW,B1_BASELINE,REJECT,SAFETY_CALL_DETECTED,HOLD,VAULT_RELEASE,REJECT,SAFETY_CALL_DETECTED,REJECT,SAFETY_CALL_DETECTED
TXN-0207e8b93300,ALLOW,B0_BASELINE,ALLOW,B1_BASELINE,ALLOW,DEFAULT_ALLOW,ALLOW,DEFAULT_ALLOW,ALLOW,DEFAULT_ALLOW,ALLOW,DEFAULT_ALLOW
TXN-25aff9e8c2d1,ALLOW,B0_BASELINE,ALLOW,B1_BASELINE,ALLOW,DEFAULT_ALLOW,ALLOW,DEFAULT_ALLOW,ALLOW,DEFAULT_ALLOW,ALLOW,DEFAULT_ALLOW
TXN-1f9693b4e094,ALLOW,B0_BASELINE,ALLOW,B1_BASELINE,ALLOW,DEFAULT_ALLOW,ALLOW,DEFAULT_ALLOW,ALLOW,DEFAULT_ALLOW,ALLOW,DEFAULT_ALLOW
TXN-d1bc7c5db108,ALLOW,B0_BASELINE,ALLOW,B1_BASELINE,ESCALATE,SAFETY_VELOCITY,HOLD,VAULT_RELEASE,ESCALATE,SAFETY_VELOCITY,ESCALATE,SAFETY_VELOCITY
TXN-fec9238fdd1d,ALLOW,B0_BASELINE,ALLOW,B1_BASELINE,ALLOW,DEFAULT_ALLOW,ALLOW,DEFAULT_ALLOW,ALLOW,DEFAULT_ALLOW,ALLOW,DEFAULT_ALLOW
TXN-7b7b46853fd6,ALLOW,B0_BASELINE,ALLOW,B1_BASELINE,ALLOW,DEFAULT_ALLOW,ALLOW,DEFAULT_ALLOW,ALLOW,DEFAULT_ALLOW,ALLOW,DEFAULT_ALLOW
TXN-32327ad605f3,ALLOW,B0_BASELINE,ALLOW,B1_BASELINE,REJECT,SAFETY_CALL_DETECTED,HOLD,VAULT_RELEASE,REJECT,SAFETY_CALL_DETECTED,REJECT,SAFETY_CALL_DETECTED
TXN-c4b643bef1dd,ALLOW,B0_BASELINE,ALLOW,B1_BASELINE,ALLOW,DEFAULT_ALLOW,ALLOW,DEFAULT_ALLOW,ALLOW,DEFAULT_ALLOW,ALLOW,DEFAULT_ALLOW
TXN-e91f84c429f4,ALLOW,B0_BASELINE,ALLOW,B1_BASELINE,ALLOW,DEFAULT_ALLOW,ALLOW,DEFAULT_ALLOW,ALLOW,DEFAULT_ALLOW,ALLOW,DEFAULT_ALLOW
TXN-d0473142861b,ALLOW,B0_BASELINE,ALLOW,B1_BASELINE,ESCALATE,SAFETY_VELOCITY,HOLD,VAULT_RELEASE,ESCALATE,SAFETY_VELOCITY,ESCALATE,SAFETY_VELOCITY
TXN-08b08248d00a,ALLOW,B0_BASELINE,ALLOW,B1_BASELINE,ALLOW,DEFAULT_ALLOW,ALLOW,DEFAULT_ALLOW,ALLOW,DEFAULT_ALLOW,ALLOW,DEFAULT_ALLOW
TXN-2d5a2fd5be00,ALLOW,B0_BASELINE,ALLOW,B1_BASELINE,ALLOW,DEFAULT_ALLOW,ALLOW,DEFAULT_ALLOW,ALLOW,DEFAULT_ALLOW,ALLOW,DEFAULT_ALLOW
TXN-36f72095721c,ALLOW,B0_BASELINE,ALLOW,B1_BASELINE,ALLOW,DEFAULT_ALLOW,ALLOW,DEFAULT_ALLOW,ALLOW,DEFAULT_ALLOW,ALLOW,DEFAULT_ALLOW
TXN-32e6a1cb32f8,ALLOW,B0_BASELINE,ALLOW,B1_BASELINE,ALLOW,DEFAULT_ALLOW,ALLOW,DEFAULT_ALLOW,ALLOW,DEFAULT_ALLOW,ALLOW,DEFAULT_ALLOW
TXN-eeed18496eab,ALLOW,B0_BASELINE,ALLOW,B1_BASELINE,ALLOW,DEFAULT_ALLOW,ALLOW,DEFAULT_ALLOW,ALLOW,DEFAULT_ALLOW,ALLOW,DEFAULT_ALLOW
TXN-ae403cecc4bc,ALLOW,B0_BASELINE,ALLOW,B1_BASELINE,ALLOW,DEFAULT_ALLOW,ALLOW,DEFAULT_ALLOW,ALLOW,DEFAULT_ALLOW,ALLOW,DEFAULT_ALLOW
TXN-ba0fbfa7db98,ALLOW,B0_BASELINE,ALLOW,B1_BASELINE,ALLOW,DEFAULT_ALLOW,ALLOW,DEFAULT_ALLOW,ALLOW,DEFAULT_ALLOW,ALLOW,DEFAULT_ALLOW
TXN-fcec072383a6,ALLOW,B0_BASELINE,ALLOW,B1_BASELINE,ALLOW,DEFAULT_ALLOW,ALLOW,DEFAULT_ALLOW,ALLOW,DEFAULT_ALLOW,ALLOW,DEFAULT_ALLOW
TXN-4fb28b869e64,ALLOW,B0_BASELINE,ALLOW,B1_BASELINE,ALLOW,DEFAULT_ALLOW,ALLOW,DEFAULT_ALLOW,ALLOW,DEFAULT_ALLOW,ALLOW,DEFAULT_ALLOW
TXN-fffb0d6748a7,ALLOW,B0_BASELINE,ALLOW,B1_BASELINE,ALLOW,DEFAULT_ALLOW,ALLOW,DEFAULT_ALLOW,ALLOW,DEFAULT_ALLOW,ALLOW,DEFAULT_ALLOW
TXN-60179ec0c492,ALLOW,B0_BASELINE,ALLOW,B1_BASELINE,ALLOW,DEFAULT_ALLOW,ALLOW,DEFAULT_ALLOW,ALLOW,DEFAULT_ALLOW,ALLOW,DEFAULT_ALLOW
TXN-16e16f2209e3,ALLOW,B0_BASELINE,ALLOW,B1_BASELINE,ESCALATE,SAFETY_VELOCITY,HOLD,EMERGENCY_UNLISTED,ESCALATE,SAFETY_VELOCITY,ESCALATE,SAFETY_VELOCITY
TXN-4987da2e93ae,ALLOW,B0_BASELINE,ALLOW,B1_BASELINE,ALLOW,DEFAULT_ALLOW,ALLOW,DEFAULT_ALLOW,ALLOW,DEFAULT_ALLOW,ALLOW,DEFAULT_ALLOW
TXN-3a47c1fb63e1,ALLOW,B0_BASELINE,ALLOW,B1_BASELINE,ALLOW,DEFAULT_ALLOW,ALLOW,DEFAULT_ALLOW,ALLOW,DEFAULT_ALLOW,ALLOW,DEFAULT_ALLOW
TXN-91405ce284c7,ALLOW,B0_BASELINE,HOLD,B1_RBI_RULE,REJECT,SAFETY_CALL_DETECTED,HOLD,PAYMENT_NEW_INDIVIDUAL_LARGE,REJECT,SAFETY_CALL_DETECTED,REJECT,SAFETY_CALL_DETECTED
TXN-84bc19c82f69,ALLOW,B0_BASELINE,ALLOW,B1_BASELINE,ALLOW,DEFAULT_ALLOW,ALLOW,DEFAULT_ALLOW,ALLOW,DEFAULT_ALLOW,ALLOW,DEFAULT_ALLOW
TXN-a6a87f0ec310,ALLOW,B0_BASELINE,ALLOW,B1_BASELINE,ESCALATE,SAFETY_VELOCITY,ALLOW,DEFAULT_ALLOW,ESCALATE,SAFETY_VELOCITY,ESCALATE,SAFETY_VELOCITY
TXN-e2dec42357d2,ALLOW,B0_BASELINE,HOLD,B1_RBI_RULE,ALLOW,DEFAULT_ALLOW,ALLOW,DEFAULT_ALLOW,ALLOW,DEFAULT_ALLOW,ALLOW,DEFAULT_ALLOW
TXN-36bb7eacdf76,ALLOW,B0_BASELINE,ALLOW,B1_BASELINE,ALLOW,DEFAULT_ALLOW,ALLOW,DEFAULT_ALLOW,ALLOW,DEFAULT_ALLOW,ALLOW,DEFAULT_ALLOW
TXN-763882e1b7b2,ALLOW,B0_BASELINE,ALLOW,B1_BASELINE,ALLOW,DEFAULT_ALLOW,ALLOW,DEFAULT_ALLOW,ALLOW,DEFAULT_ALLOW,ALLOW,DEFAULT_ALLOW
TXN-51c00ec0eb8a,ALLOW,B0_BASELINE,ALLOW,B1_BASELINE,ALLOW,DEFAULT_ALLOW,ALLOW,DEFAULT_ALLOW,ALLOW,DEFAULT_ALLOW,ALLOW,DEFAULT_ALLOW
TXN-41c0d398961d,ALLOW,B0_BASELINE,ALLOW,B1_BASELINE,ALLOW,DEFAULT_ALLOW,ALLOW,DEFAULT_ALLOW,ALLOW,DEFAULT_ALLOW,ALLOW,DEFAULT_ALLOW
TXN-0a523338c049,ALLOW,B0_BASELINE,ALLOW,B1_BASELINE,ALLOW,DEFAULT_ALLOW,ALLOW,DEFAULT_ALLOW,ALLOW,DEFAULT_ALLOW,ALLOW,DEFAULT_ALLOW
TXN-1e4a6ab47b23,ALLOW,B0_BASELINE,ALLOW,B1_BASELINE,ALLOW,DEFAULT_ALLOW,ALLOW,DEFAULT_ALLOW,ALLOW,DEFAULT_ALLOW,ALLOW,DEFAULT_ALLOW
TXN-f85271282758,ALLOW,B0_BASELINE,ALLOW,B1_BASELINE,ALLOW,DEFAULT_ALLOW,ALLOW,DEFAULT_ALLOW,ALLOW,DEFAULT_ALLOW,ALLOW,DEFAULT_ALLOW
TXN-755fbe1868bf,ALLOW,B0_BASELINE,ALLOW,B1_BASELINE,ALLOW,DEFAULT_ALLOW,ALLOW,DEFAULT_ALLOW,ALLOW,DEFAULT_ALLOW,ALLOW,DEFAULT_ALLOW
TXN-3fa476d1d33d,ALLOW,B0_BASELINE,HOLD,B1_RBI_RULE,HOLD,VAULT_RELEASE,HOLD,VAULT_RELEASE,ALLOW,DEFAULT_ALLOW,HOLD,VAULT_RELEASE
TXN-77ba4975ea99,ALLOW,B0_BASELINE,ALLOW,B1_BASELINE,ALLOW,DEFAULT_ALLOW,ALLOW,DEFAULT_ALLOW,ALLOW,DEFAULT_ALLOW,ALLOW,DEFAULT_ALLOW
TXN-180b1a37810f,ALLOW,B0_BASELINE,ALLOW,B1_BASELINE,ALLOW,DEFAULT_ALLOW,ALLOW,DEFAULT_ALLOW,ALLOW,DEFAULT_ALLOW,ALLOW,DEFAULT_ALLOW
TXN-a37ab629662a,ALLOW,B0_BASELINE,ALLOW,B1_BASELINE,ALLOW,DEFAULT_ALLOW,ALLOW,DEFAULT_ALLOW,ALLOW,DEFAULT_ALLOW,ALLOW,DEFAULT_ALLOW
TXN-e01afc15c95d,ALLOW,B0_BASELINE,ALLOW,B1_BASELINE,ALLOW,DEFAULT_ALLOW,ALLOW,DEFAULT_ALLOW,ALLOW,DEFAULT_ALLOW,ALLOW,DEFAULT_ALLOW
TXN-79ee965ece18,ALLOW,B0_BASELINE,ALLOW,B1_BASELINE,ALLOW,DEFAULT_ALLOW,ALLOW,DEFAULT_ALLOW,ALLOW,DEFAULT_ALLOW,ALLOW,DEFAULT_ALLOW
TXN-dbfe8bdb4425,ALLOW,B0_BASELINE,ALLOW,B1_BASELINE,ALLOW,DEFAULT_ALLOW,ALLOW,DEFAULT_ALLOW,ALLOW,DEFAULT_ALLOW,ALLOW,DEFAULT_ALLOW
TXN-b85f1d798906,ALLOW,B0_BASELINE,ALLOW,B1_BASELINE,ALLOW,DEFAULT_ALLOW,ALLOW,DEFAULT_ALLOW,ALLOW,DEFAULT_ALLOW,ALLOW,DEFAULT_ALLOW
TXN-aab54ee03215,ALLOW,B0_BASELINE,ALLOW,B1_BASELINE,ALLOW,DEFAULT_ALLOW,ALLOW,DEFAULT_ALLOW,ALLOW,DEFAULT_ALLOW,ALLOW,DEFAULT_ALLOW
TXN-cabfa92466b0,ALLOW,B0_BASELINE,ALLOW,B1_BASELINE,ALLOW,DEFAULT_ALLOW,ALLOW,DEFAULT_ALLOW,ALLOW,DEFAULT_ALLOW,ALLOW,DEFAULT_ALLOW
TXN-4848f5ed778a,ALLOW,B0_BASELINE,ALLOW,B1_BASELINE,ALLOW,DEFAULT_ALLOW,ALLOW,DEFAULT_ALLOW,ALLOW,DEFAULT_ALLOW,ALLOW,DEFAULT_ALLOW
TXN-d5ba0c48e689,ALLOW,B0_BASELINE,ALLOW,B1_BASELINE,ALLOW,DEFAULT_ALLOW,ALLOW,DEFAULT_ALLOW,ALLOW,DEFAULT_ALLOW,ALLOW,DEFAULT_ALLOW
TXN-26430d021918,ALLOW,B0_BASELINE,ALLOW,B1_BASELINE,ALLOW,DEFAULT_ALLOW,ALLOW,DEFAULT_ALLOW,ALLOW,DEFAULT_ALLOW,ALLOW,DEFAULT_ALLOW
TXN-de2118535905,ALLOW,B0_BASELINE,ALLOW,B1_BASELINE,ALLOW,DEFAULT_ALLOW,ALLOW,DEFAULT_ALLOW,ALLOW,DEFAULT_ALLOW,ALLOW,DEFAULT_ALLOW
TXN-9aa1f16806ab,ALLOW,B0_BASELINE,ALLOW,B1_BASELINE,ALLOW,DEFAULT_ALLOW,ALLOW,DEFAULT_ALLOW,ALLOW,DEFAULT_ALLOW,ALLOW,DEFAULT_ALLOW
TXN-e527daa725d9,ALLOW,B0_BASELINE,ALLOW,B1_BASELINE,ALLOW,DEFAULT_ALLOW,ALLOW,DEFAULT_ALLOW,ALLOW,DEFAULT_ALLOW,ALLOW,DEFAULT_ALLOW
TXN-2cb6d5358e18,ALLOW,B0_BASELINE,ALLOW,B1_BASELINE,ALLOW,DEFAULT_ALLOW,ALLOW,DEFAULT_ALLOW,ALLOW,DEFAULT_ALLOW,ALLOW,DEFAULT_ALLOW
TXN-ff502466b8bb,ALLOW,B0_BASELINE,ALLOW,B1_BASELINE,ALLOW,DEFAULT_ALLOW,ALLOW,DEFAULT_ALLOW,ALLOW,DEFAULT_ALLOW,ALLOW,DEFAULT_ALLOW
TXN-da22631d9dbb,ALLOW,B0_BASELINE,HOLD,B1_RBI_RULE,HOLD,VAULT_RELEASE,HOLD,VAULT_RELEASE,ALLOW,DEFAULT_ALLOW,HOLD,VAULT_RELEASE
TXN-3ba86e88f0b2,ALLOW,B0_BASELINE,ALLOW,B1_BASELINE,ALLOW,DEFAULT_ALLOW,ALLOW,DEFAULT_ALLOW,ALLOW,DEFAULT_ALLOW,ALLOW,DEFAULT_ALLOW
TXN-125184117457,ALLOW,B0_BASELINE,ALLOW,B1_BASELINE,ALLOW,DEFAULT_ALLOW,ALLOW,DEFAULT_ALLOW,ALLOW,DEFAULT_ALLOW,ALLOW,DEFAULT_ALLOW
TXN-d0b4cd8d38b0,ALLOW,B0_BASELINE,ALLOW,B1_BASELINE,ALLOW,DEFAULT_ALLOW,ALLOW,DEFAULT_ALLOW,ALLOW,DEFAULT_ALLOW,ALLOW,DEFAULT_ALLOW
TXN-c40c61af8427,ALLOW,B0_BASELINE,ALLOW,B1_BASELINE,ALLOW,DEFAULT_ALLOW,ALLOW,DEFAULT_ALLOW,ALLOW,DEFAULT_ALLOW,ALLOW,DEFAULT_ALLOW
TXN-3b18a1f3b735,ALLOW,B0_BASELINE,ALLOW,B1_BASELINE,ALLOW,DEFAULT_ALLOW,ALLOW,DEFAULT_ALLOW,ALLOW,DEFAULT_ALLOW,ALLOW,DEFAULT_ALLOW
TXN-14b1f68851a4,ALLOW,B0_BASELINE,ALLOW,B1_BASELINE,ALLOW,DEFAULT_ALLOW,ALLOW,DEFAULT_ALLOW,ALLOW,DEFAULT_ALLOW,ALLOW,DEFAULT_ALLOW
TXN-201424c73834,ALLOW,B0_BASELINE,ALLOW,B1_BASELINE,ALLOW,DEFAULT_ALLOW,ALLOW,DEFAULT_ALLOW,ALLOW,DEFAULT_ALLOW,ALLOW,DEFAULT_ALLOW
TXN-d098ca102eb9,ALLOW,B0_BASELINE,ALLOW,B1_BASELINE,ESCALATE,SAFETY_VELOCITY,ALLOW,DEFAULT_ALLOW,ESCALATE,SAFETY_VELOCITY,ESCALATE,SAFETY_VELOCITY
TXN-04e286545aa0,ALLOW,B0_BASELINE,ALLOW,B1_BASELINE,ALLOW,DEFAULT_ALLOW,ALLOW,DEFAULT_ALLOW,ALLOW,DEFAULT_ALLOW,ALLOW,DEFAULT_ALLOW
TXN-90e8621b76b2,ALLOW,B0_BASELINE,ALLOW,B1_BASELINE,ALLOW,DEFAULT_ALLOW,ALLOW,DEFAULT_ALLOW,ALLOW,DEFAULT_ALLOW,ALLOW,DEFAULT_ALLOW
TXN-210a15499a44,ALLOW,B0_BASELINE,ALLOW,B1_BASELINE,ALLOW,DEFAULT_ALLOW,ALLOW,DEFAULT_ALLOW,ALLOW,DEFAULT_ALLOW,ALLOW,DEFAULT_ALLOW
TXN-47fcf1f7f1b3,ALLOW,B0_BASELINE,ALLOW,B1_BASELINE,ALLOW,DEFAULT_ALLOW,ALLOW,DEFAULT_ALLOW,ALLOW,DEFAULT_ALLOW,ALLOW,DEFAULT_ALLOW
TXN-577d759248c2,ALLOW,B0_BASELINE,ALLOW,B1_BASELINE,ALLOW,DEFAULT_ALLOW,ALLOW,DEFAULT_ALLOW,ALLOW,DEFAULT_ALLOW,ALLOW,DEFAULT_ALLOW
TXN-faf582ca4c9b,ALLOW,B0_BASELINE,ALLOW,B1_BASELINE,ALLOW,DEFAULT_ALLOW,ALLOW,DEFAULT_ALLOW,ALLOW,DEFAULT_ALLOW,ALLOW,DEFAULT_ALLOW
TXN-e9321911dff8,ALLOW,B0_BASELINE,ALLOW,B1_BASELINE,ALLOW,DEFAULT_ALLOW,ALLOW,DEFAULT_ALLOW,ALLOW,DEFAULT_ALLOW,ALLOW,DEFAULT_ALLOW
TXN-b6572eaf3c53,ALLOW,B0_BASELINE,ALLOW,B1_BASELINE,ALLOW,DEFAULT_ALLOW,ALLOW,DEFAULT_ALLOW,ALLOW,DEFAULT_ALLOW,ALLOW,DEFAULT_ALLOW
TXN-3af14858f16d,ALLOW,B0_BASELINE,ALLOW,B1_BASELINE,ALLOW,DEFAULT_ALLOW,ALLOW,DEFAULT_ALLOW,ALLOW,DEFAULT_ALLOW,ALLOW,DEFAULT_ALLOW
TXN-1b7e34baf567,ALLOW,B0_BASELINE,ALLOW,B1_BASELINE,ALLOW,DEFAULT_ALLOW,ALLOW,DEFAULT_ALLOW,ALLOW,DEFAULT_ALLOW,ALLOW,DEFAULT_ALLOW
TXN-80a437565173,ALLOW,B0_BASELINE,ALLOW,B1_BASELINE,ALLOW,DEFAULT_ALLOW,ALLOW,DEFAULT_ALLOW,ALLOW,DEFAULT_ALLOW,ALLOW,DEFAULT_ALLOW
TXN-f6a077a1b547,ALLOW,B0_BASELINE,ALLOW,B1_BASELINE,ALLOW,DEFAULT_ALLOW,ALLOW,DEFAULT_ALLOW,ALLOW,DEFAULT_ALLOW,ALLOW,DEFAULT_ALLOW
TXN-36586dd62d6a,ALLOW,B0_BASELINE,ALLOW,B1_BASELINE,ALLOW,DEFAULT_ALLOW,ALLOW,DEFAULT_ALLOW,ALLOW,DEFAULT_ALLOW,ALLOW,DEFAULT_ALLOW
TXN-45b4f03cfd7d,ALLOW,B0_BASELINE,ALLOW,B1_BASELINE,ALLOW,DEFAULT_ALLOW,ALLOW,DEFAULT_ALLOW,ALLOW,DEFAULT_ALLOW,ALLOW,DEFAULT_ALLOW
TXN-19f44ab6b4b9,ALLOW,B0_BASELINE,ALLOW,B1_BASELINE,ALLOW,DEFAULT_ALLOW,ALLOW,DEFAULT_ALLOW,ALLOW,DEFAULT_ALLOW,ALLOW,DEFAULT_ALLOW
TXN-921ab5c3a5f3,ALLOW,B0_BASELINE,ALLOW,B1_BASELINE,ALLOW,DEFAULT_ALLOW,ALLOW,DEFAULT_ALLOW,ALLOW,DEFAULT_ALLOW,ALLOW,DEFAULT_ALLOW
TXN-83d0cdb66b6e,ALLOW,B0_BASELINE,ALLOW,B1_BASELINE,ALLOW,DEFAULT_ALLOW,ALLOW,DEFAULT_ALLOW,ALLOW,DEFAULT_ALLOW,ALLOW,DEFAULT_ALLOW
TXN-02eb66d7ee45,ALLOW,B0_BASELINE,ALLOW,B1_BASELINE,ALLOW,DEFAULT_ALLOW,ALLOW,DEFAULT_ALLOW,ALLOW,DEFAULT_ALLOW,ALLOW,DEFAULT_ALLOW
TXN-ca8791ba7d6c,ALLOW,B0_BASELINE,ALLOW,B1_BASELINE,ALLOW,DEFAULT_ALLOW,ALLOW,DEFAULT_ALLOW,ALLOW,DEFAULT_ALLOW,ALLOW,DEFAULT_ALLOW
TXN-39b32551ea70,ALLOW,B0_BASELINE,ALLOW,B1_BASELINE,ALLOW,DEFAULT_ALLOW,ALLOW,DEFAULT_ALLOW,ALLOW,DEFAULT_ALLOW,ALLOW,DEFAULT_ALLOW
TXN-fc5ae779ec81,ALLOW,B0_BASELINE,ALLOW,B1_BASELINE,ALLOW,DEFAULT_ALLOW,ALLOW,DEFAULT_ALLOW,ALLOW,DEFAULT_ALLOW,ALLOW,DEFAULT_ALLOW
TXN-5db7e4d0e786,ALLOW,B0_BASELINE,ALLOW,B1_BASELINE,ALLOW,DEFAULT_ALLOW,ALLOW,DEFAULT_ALLOW,ALLOW,DEFAULT_ALLOW,ALLOW,DEFAULT_ALLOW
TXN-7f96ccc695f7,ALLOW,B0_BASELINE,ALLOW,B1_BASELINE,ALLOW,DEFAULT_ALLOW,ALLOW,DEFAULT_ALLOW,ALLOW,DEFAULT_ALLOW,ALLOW,DEFAULT_ALLOW
TXN-b1484a963ce2,ALLOW,B0_BASELINE,ALLOW,B1_BASELINE,ALLOW,DEFAULT_ALLOW,ALLOW,DEFAULT_ALLOW,ALLOW,DEFAULT_ALLOW,ALLOW,DEFAULT_ALLOW
TXN-a0fc1839cd02,ALLOW,B0_BASELINE,ALLOW,B1_BASELINE,ALLOW,DEFAULT_ALLOW,ALLOW,DEFAULT_ALLOW,ALLOW,DEFAULT_ALLOW,ALLOW,DEFAULT_ALLOW
TXN-28d59e3d043e,ALLOW,B0_BASELINE,ALLOW,B1_BASELINE,ALLOW,DEFAULT_ALLOW,ALLOW,DEFAULT_ALLOW,ALLOW,DEFAULT_ALLOW,ALLOW,DEFAULT_ALLOW
TXN-6995db489474,ALLOW,B0_BASELINE,ALLOW,B1_BASELINE,ALLOW,DEFAULT_ALLOW,ALLOW,DEFAULT_ALLOW,ALLOW,DEFAULT_ALLOW,ALLOW,DEFAULT_ALLOW
TXN-30997bc65c7e,ALLOW,B0_BASELINE,ALLOW,B1_BASELINE,ALLOW,DEFAULT_ALLOW,ALLOW,DEFAULT_ALLOW,ALLOW,DEFAULT_ALLOW,ALLOW,DEFAULT_ALLOW
TXN-8574e284e38c,ALLOW,B0_BASELINE,ALLOW,B1_BASELINE,ALLOW,DEFAULT_ALLOW,ALLOW,DEFAULT_ALLOW,ALLOW,DEFAULT_ALLOW,ALLOW,DEFAULT_ALLOW
TXN-369bcd1e4ad1,ALLOW,B0_BASELINE,ALLOW,B1_BASELINE,ALLOW,DEFAULT_ALLOW,ALLOW,DEFAULT_ALLOW,ALLOW,DEFAULT_ALLOW,ALLOW,DEFAULT_ALLOW
TXN-1e1deef61834,ALLOW,B0_BASELINE,ALLOW,B1_BASELINE,ALLOW,DEFAULT_ALLOW,ALLOW,DEFAULT_ALLOW,ALLOW,DEFAULT_ALLOW,ALLOW,DEFAULT_ALLOW
TXN-4501e99d7125,ALLOW,B0_BASELINE,ALLOW,B1_BASELINE,ALLOW,DEFAULT_ALLOW,ALLOW,DEFAULT_ALLOW,ALLOW,DEFAULT_ALLOW,ALLOW,DEFAULT_ALLOW
TXN-4a790bccb4c8,ALLOW,B0_BASELINE,ALLOW,B1_BASELINE,HOLD,EMERGENCY_UNLISTED,HOLD,EMERGENCY_UNLISTED,HOLD,EMERGENCY_UNLISTED,ALLOW,DEFAULT_ALLOW
TXN-cb204482ad46,ALLOW,B0_BASELINE,ALLOW,B1_BASELINE,ALLOW,DEFAULT_ALLOW,ALLOW,DEFAULT_ALLOW,ALLOW,DEFAULT_ALLOW,ALLOW,DEFAULT_ALLOW
TXN-b30232c040e8,ALLOW,B0_BASELINE,ALLOW,B1_BASELINE,ALLOW,DEFAULT_ALLOW,ALLOW,DEFAULT_ALLOW,ALLOW,DEFAULT_ALLOW,ALLOW,DEFAULT_ALLOW
TXN-20027bffccf6,ALLOW,B0_BASELINE,ALLOW,B1_BASELINE,ALLOW,DEFAULT_ALLOW,ALLOW,DEFAULT_ALLOW,ALLOW,DEFAULT_ALLOW,ALLOW,DEFAULT_ALLOW
TXN-0b66d22fbee1,ALLOW,B0_BASELINE,ALLOW,B1_BASELINE,ALLOW,DEFAULT_ALLOW,ALLOW,DEFAULT_ALLOW,ALLOW,DEFAULT_ALLOW,ALLOW,DEFAULT_ALLOW
TXN-786f46ab13b5,ALLOW,B0_BASELINE,ALLOW,B1_BASELINE,ALLOW,DEFAULT_ALLOW,ALLOW,DEFAULT_ALLOW,ALLOW,DEFAULT_ALLOW,ALLOW,DEFAULT_ALLOW
TXN-43c3ab33cb43,ALLOW,B0_BASELINE,ALLOW,B1_BASELINE,ALLOW,DEFAULT_ALLOW,ALLOW,DEFAULT_ALLOW,ALLOW,DEFAULT_ALLOW,ALLOW,DEFAULT_ALLOW
TXN-590ccb2126d9,ALLOW,B0_BASELINE,ALLOW,B1_BASELINE,ALLOW,DEFAULT_ALLOW,ALLOW,DEFAULT_ALLOW,ALLOW,DEFAULT_ALLOW,ALLOW,DEFAULT_ALLOW
TXN-c93fd40fba4c,ALLOW,B0_BASELINE,ALLOW,B1_BASELINE,ALLOW,DEFAULT_ALLOW,ALLOW,DEFAULT_ALLOW,ALLOW,DEFAULT_ALLOW,ALLOW,DEFAULT_ALLOW
TXN-e1ffd989487c,ALLOW,B0_BASELINE,HOLD,B1_RBI_RULE,HOLD,VAULT_RELEASE,HOLD,VAULT_RELEASE,ALLOW,DEFAULT_ALLOW,HOLD,VAULT_RELEASE
TXN-be4537b3c70a,ALLOW,B0_BASELINE,ALLOW,B1_BASELINE,ALLOW,DEFAULT_ALLOW,ALLOW,DEFAULT_ALLOW,ALLOW,DEFAULT_ALLOW,ALLOW,DEFAULT_ALLOW
TXN-ace011b6b2cb,ALLOW,B0_BASELINE,ALLOW,B1_BASELINE,ALLOW,DEFAULT_ALLOW,ALLOW,DEFAULT_ALLOW,ALLOW,DEFAULT_ALLOW,ALLOW,DEFAULT_ALLOW
TXN-521fc30f5e75,ALLOW,B0_BASELINE,ALLOW,B1_BASELINE,ALLOW,DEFAULT_ALLOW,ALLOW,DEFAULT_ALLOW,ALLOW,DEFAULT_ALLOW,ALLOW,DEFAULT_ALLOW
TXN-3ad7e542a094,ALLOW,B0_BASELINE,ALLOW,B1_BASELINE,ALLOW,DEFAULT_ALLOW,ALLOW,DEFAULT_ALLOW,ALLOW,DEFAULT_ALLOW,ALLOW,DEFAULT_ALLOW
TXN-8e4b893cef1a,ALLOW,B0_BASELINE,ALLOW,B1_BASELINE,ALLOW,DEFAULT_ALLOW,ALLOW,DEFAULT_ALLOW,ALLOW,DEFAULT_ALLOW,ALLOW,DEFAULT_ALLOW
TXN-a0c1417d5ed9,ALLOW,B0_BASELINE,ALLOW,B1_BASELINE,ALLOW,DEFAULT_ALLOW,ALLOW,DEFAULT_ALLOW,ALLOW,DEFAULT_ALLOW,ALLOW,DEFAULT_ALLOW
TXN-7219d0a679a2,ALLOW,B0_BASELINE,ALLOW,B1_BASELINE,ALLOW,DEFAULT_ALLOW,ALLOW,DEFAULT_ALLOW,ALLOW,DEFAULT_ALLOW,ALLOW,DEFAULT_ALLOW
TXN-f7f55968fc34,ALLOW,B0_BASELINE,ALLOW,B1_BASELINE,ALLOW,DEFAULT_ALLOW,ALLOW,DEFAULT_ALLOW,ALLOW,DEFAULT_ALLOW,ALLOW,DEFAULT_ALLOW
TXN-92a63e6886a4,ALLOW,B0_BASELINE,ALLOW,B1_BASELINE,ALLOW,DEFAULT_ALLOW,ALLOW,DEFAULT_ALLOW,ALLOW,DEFAULT_ALLOW,ALLOW,DEFAULT_ALLOW
TXN-5bd8b5941a9d,ALLOW,B0_BASELINE,ALLOW,B1_BASELINE,ALLOW,DEFAULT_ALLOW,ALLOW,DEFAULT_ALLOW,ALLOW,DEFAULT_ALLOW,ALLOW,DEFAULT_ALLOW
TXN-3cefff51dfa4,ALLOW,B0_BASELINE,ALLOW,B1_BASELINE,ALLOW,DEFAULT_ALLOW,ALLOW,DEFAULT_ALLOW,ALLOW,DEFAULT_ALLOW,ALLOW,DEFAULT_ALLOW
TXN-1f1b5c8aec1b,ALLOW,B0_BASELINE,ALLOW,B1_BASELINE,ALLOW,DEFAULT_ALLOW,ALLOW,DEFAULT_ALLOW,ALLOW,DEFAULT_ALLOW,ALLOW,DEFAULT_ALLOW
TXN-29ef58f2745d,ALLOW,B0_BASELINE,ALLOW,B1_BASELINE,ALLOW,DEFAULT_ALLOW,ALLOW,DEFAULT_ALLOW,ALLOW,DEFAULT_ALLOW,ALLOW,DEFAULT_ALLOW
TXN-22d6d6b2f6ee,ALLOW,B0_BASELINE,ALLOW,B1_BASELINE,ALLOW,DEFAULT_ALLOW,ALLOW,DEFAULT_ALLOW,ALLOW,DEFAULT_ALLOW,ALLOW,DEFAULT_ALLOW
TXN-218d25fcf481,ALLOW,B0_BASELINE,ALLOW,B1_BASELINE,ALLOW,DEFAULT_ALLOW,ALLOW,DEFAULT_ALLOW,ALLOW,DEFAULT_ALLOW,ALLOW,DEFAULT_ALLOW
TXN-d0b5d3de3c8d,ALLOW,B0_BASELINE,ALLOW,B1_BASELINE,ALLOW,DEFAULT_ALLOW,ALLOW,DEFAULT_ALLOW,ALLOW,DEFAULT_ALLOW,ALLOW,DEFAULT_ALLOW
TXN-bf0b98a8f826,ALLOW,B0_BASELINE,ALLOW,B1_BASELINE,ALLOW,DEFAULT_ALLOW,ALLOW,DEFAULT_ALLOW,ALLOW,DEFAULT_ALLOW,ALLOW,DEFAULT_ALLOW
TXN-ffe282da885d,ALLOW,B0_BASELINE,HOLD,B1_RBI_RULE,ALLOW,DEFAULT_ALLOW,ALLOW,DEFAULT_ALLOW,ALLOW,DEFAULT_ALLOW,ALLOW,DEFAULT_ALLOW
TXN-f820601dcadd,ALLOW,B0_BASELINE,ALLOW,B1_BASELINE,ALLOW,DEFAULT_ALLOW,ALLOW,DEFAULT_ALLOW,ALLOW,DEFAULT_ALLOW,ALLOW,DEFAULT_ALLOW
TXN-958647515c42,ALLOW,B0_BASELINE,ALLOW,B1_BASELINE,ALLOW,DEFAULT_ALLOW,ALLOW,DEFAULT_ALLOW,ALLOW,DEFAULT_ALLOW,ALLOW,DEFAULT_ALLOW
TXN-c8e25bc8e490,ALLOW,B0_BASELINE,ALLOW,B1_BASELINE,ALLOW,DEFAULT_ALLOW,ALLOW,DEFAULT_ALLOW,ALLOW,DEFAULT_ALLOW,ALLOW,DEFAULT_ALLOW
TXN-07393fc31a89,ALLOW,B0_BASELINE,ALLOW,B1_BASELINE,ALLOW,DEFAULT_ALLOW,ALLOW,DEFAULT_ALLOW,ALLOW,DEFAULT_ALLOW,ALLOW,DEFAULT_ALLOW
TXN-5d718dadff3a,ALLOW,B0_BASELINE,ALLOW,B1_BASELINE,ALLOW,DEFAULT_ALLOW,ALLOW,DEFAULT_ALLOW,ALLOW,DEFAULT_ALLOW,ALLOW,DEFAULT_ALLOW
TXN-c2c2d3c057fa,ALLOW,B0_BASELINE,ALLOW,B1_BASELINE,ALLOW,DEFAULT_ALLOW,ALLOW,DEFAULT_ALLOW,ALLOW,DEFAULT_ALLOW,ALLOW,DEFAULT_ALLOW
TXN-7986038b9942,ALLOW,B0_BASELINE,ALLOW,B1_BASELINE,ALLOW,DEFAULT_ALLOW,ALLOW,DEFAULT_ALLOW,ALLOW,DEFAULT_ALLOW,ALLOW,DEFAULT_ALLOW
TXN-58035eb86ab6,ALLOW,B0_BASELINE,ALLOW,B1_BASELINE,ALLOW,DEFAULT_ALLOW,ALLOW,DEFAULT_ALLOW,ALLOW,DEFAULT_ALLOW,ALLOW,DEFAULT_ALLOW
TXN-1cdc0ac88381,ALLOW,B0_BASELINE,ALLOW,B1_BASELINE,ALLOW,DEFAULT_ALLOW,ALLOW,DEFAULT_ALLOW,ALLOW,DEFAULT_ALLOW,ALLOW,DEFAULT_ALLOW
TXN-9a044f7d89b6,ALLOW,B0_BASELINE,ALLOW,B1_BASELINE,ALLOW,DEFAULT_ALLOW,ALLOW,DEFAULT_ALLOW,ALLOW,DEFAULT_ALLOW,ALLOW,DEFAULT_ALLOW
TXN-0f1fef210047,ALLOW,B0_BASELINE,ALLOW,B1_BASELINE,ALLOW,DEFAULT_ALLOW,ALLOW,DEFAULT_ALLOW,ALLOW,DEFAULT_ALLOW,ALLOW,DEFAULT_ALLOW
TXN-4db7a88226a8,ALLOW,B0_BASELINE,ALLOW,B1_BASELINE,HOLD,EMERGENCY_UNLISTED,HOLD,EMERGENCY_UNLISTED,HOLD,EMERGENCY_UNLISTED,ALLOW,DEFAULT_ALLOW
TXN-469103498466,ALLOW,B0_BASELINE,ALLOW,B1_BASELINE,ALLOW,DEFAULT_ALLOW,ALLOW,DEFAULT_ALLOW,ALLOW,DEFAULT_ALLOW,ALLOW,DEFAULT_ALLOW
TXN-1c677af62b77,ALLOW,B0_BASELINE,ALLOW,B1_BASELINE,ALLOW,DEFAULT_ALLOW,ALLOW,DEFAULT_ALLOW,ALLOW,DEFAULT_ALLOW,ALLOW,DEFAULT_ALLOW
TXN-7b5cec453980,ALLOW,B0_BASELINE,ALLOW,B1_BASELINE,ALLOW,DEFAULT_ALLOW,ALLOW,DEFAULT_ALLOW,ALLOW,DEFAULT_ALLOW,ALLOW,DEFAULT_ALLOW
TXN-f49ddfaf785a,ALLOW,B0_BASELINE,ALLOW,B1_BASELINE,ESCALATE,SAFETY_VELOCITY,ALLOW,DEFAULT_ALLOW,ESCALATE,SAFETY_VELOCITY,ESCALATE,SAFETY_VELOCITY
TXN-e96ed065eb3b,ALLOW,B0_BASELINE,HOLD,B1_RBI_RULE,HOLD,VAULT_RELEASE,HOLD,VAULT_RELEASE,ALLOW,DEFAULT_ALLOW,HOLD,VAULT_RELEASE
TXN-1ecc6a22f74c,ALLOW,B0_BASELINE,ALLOW,B1_BASELINE,ALLOW,DEFAULT_ALLOW,ALLOW,DEFAULT_ALLOW,ALLOW,DEFAULT_ALLOW,ALLOW,DEFAULT_ALLOW
TXN-d756aa1633bb,ALLOW,B0_BASELINE,ALLOW,B1_BASELINE,ALLOW,DEFAULT_ALLOW,ALLOW,DEFAULT_ALLOW,ALLOW,DEFAULT_ALLOW,ALLOW,DEFAULT_ALLOW
TXN-7d7b63421748,ALLOW,B0_BASELINE,ALLOW,B1_BASELINE,ALLOW,DEFAULT_ALLOW,ALLOW,DEFAULT_ALLOW,ALLOW,DEFAULT_ALLOW,ALLOW,DEFAULT_ALLOW
TXN-a2602c1c83f8,ALLOW,B0_BASELINE,ALLOW,B1_BASELINE,ALLOW,DEFAULT_ALLOW,ALLOW,DEFAULT_ALLOW,ALLOW,DEFAULT_ALLOW,ALLOW,DEFAULT_ALLOW
TXN-e83937b0cce5,ALLOW,B0_BASELINE,ALLOW,B1_BASELINE,ALLOW,DEFAULT_ALLOW,ALLOW,DEFAULT_ALLOW,ALLOW,DEFAULT_ALLOW,ALLOW,DEFAULT_ALLOW
TXN-612fe63123e4,ALLOW,B0_BASELINE,ALLOW,B1_BASELINE,ALLOW,DEFAULT_ALLOW,ALLOW,DEFAULT_ALLOW,ALLOW,DEFAULT_ALLOW,ALLOW,DEFAULT_ALLOW
TXN-b2f145aa6338,ALLOW,B0_BASELINE,ALLOW,B1_BASELINE,ALLOW,DEFAULT_ALLOW,ALLOW,DEFAULT_ALLOW,ALLOW,DEFAULT_ALLOW,ALLOW,DEFAULT_ALLOW
TXN-f06910987e37,ALLOW,B0_BASELINE,ALLOW,B1_BASELINE,ALLOW,DEFAULT_ALLOW,ALLOW,DEFAULT_ALLOW,ALLOW,DEFAULT_ALLOW,ALLOW,DEFAULT_ALLOW
TXN-459a78270b43,ALLOW,B0_BASELINE,ALLOW,B1_BASELINE,ALLOW,DEFAULT_ALLOW,ALLOW,DEFAULT_ALLOW,ALLOW,DEFAULT_ALLOW,ALLOW,DEFAULT_ALLOW
TXN-a735cb7a1334,ALLOW,B0_BASELINE,ALLOW,B1_BASELINE,ALLOW,DEFAULT_ALLOW,ALLOW,DEFAULT_ALLOW,ALLOW,DEFAULT_ALLOW,ALLOW,DEFAULT_ALLOW
TXN-f8061654d6be,ALLOW,B0_BASELINE,ALLOW,B1_BASELINE,ESCALATE,SAFETY_VELOCITY,ALLOW,DEFAULT_ALLOW,ESCALATE,SAFETY_VELOCITY,ESCALATE,SAFETY_VELOCITY
TXN-c14200a1cf8b,ALLOW,B0_BASELINE,ALLOW,B1_BASELINE,ALLOW,DEFAULT_ALLOW,ALLOW,DEFAULT_ALLOW,ALLOW,DEFAULT_ALLOW,ALLOW,DEFAULT_ALLOW
